business,name,unit,per_unit_value,brand,category,sub_category,sub_category2,price,is_offer_enable,offer_price,featured_image,short_resolation_image,type,keywords,alert_quantity,sku,delivery_time,current_stock,enable_stock,enable_stock,shipping_charge,status,description,image1,image2,image3,image4,image5,image6
nazatelectronics1,Half in-ear Headphone HF170,Piece,1,lenovo,electronic-accessori,audio,,300,0,,,,,,10,,10080,100,100,100,,active,"<ul>
<li>Half In-ear wired headphone</li>
<li>40db &plusmn; 4db Microphone</li>
<li>14.2mm speaker</li>
<li>96&plusmn;5dB earphone sensitivity</li>
<li>20-2000Hz frequency range</li>
<li>32&plusmn;3Ω speaker impedance</li>
<li>Sweat proof</li>
</ul>",,,,,,
nazatelectronics1,Wired In Ear Headphone HF130,Piece,1,lenovo,electronic-accessori,audio,,350,0,,,,,,10,,10080,100,100,100,,active,"<ul>
<li>Brand: Lenovo</li>
<li>Model: HF130</li>
<li>Type: Earphone</li>
<li>Impedance: 32&Omega;</li>
<li>Microphone: -42&plusmn;ddB</li>
<li>Sensitivity: 88&plusmn;3dB</li>
<li>Speaker Size: 10mm</li>
<li>Frequency Range: 20-2000kHZ</li>
<li>Cable Length: 1.15m</li>
<li>Plug: 3.5mm</li>
</ul>",,,,,,
nazatelectronics1,Bluetooth Neckband HE05,Piece,1,lenovo,electronic-accessori,audio,,690,0,,,,,,10,,10080,100,100,100,,active,"<p><span class=""a-list-item""><span class=""a-size-base"">Fast, stable wireless Bluetooth connection</span></span><span class=""a-list-item""><span class=""a-size-base"">Larger 10mm driver unit for better bass</span></span><span class=""a-list-item""><span class=""a-size-base"">Built-in noise-cancelling Mic for hands-free calling</span></span><span class=""a-list-item""><span class=""a-size-base"">Magnetic earbuds, tangle-free and never falling off</span></span><span class=""a-list-item""><span class=""a-size-base"">One button to adjust music, volume and answer/reject phone call</span></span><span class=""a-list-item""><span class=""a-size-base"">Waterproof, born for sports and fitness</span></span><span class=""a-list-item""><span class=""a-size-base"">Silicone neck, comfortable and bendable</span></span></p>",,,,,,
nazatelectronics1,Single earpiece HX106,Piece,1,lenovo,electronic-accessori,audio,,780,0,,,,,,10,,10080,100,100,100,,active,"<ul class="""" data-spm-anchor-id=""a2a0e.pdp.product_detail.i0.233fJbORJbORUl"">
<li class="""">With the new improved BT 5.0, the signal connected with the mobile device is more stable and the transmission is faster.</li>
<li class="""">Composite Diaphragm Horn Unit Brings Balanced Optimization Of High And Low Clearer Call</li>
<li class="""">Dual noise reduction system can filter noise from external environment, reduce interference during call, and deeply reduce noise.</li>
<li class="""">Ear hanging design, according to the shape of the human ear, disperses stress points, so that the ear is evenly tensioned, stable and not easy to fall.</li>
<li class="""">Small and light, long time use without discomfort.</li>
<li class="""">180 &deg; free rotation design, suitable for left and right ear, to meet your needs.</li>
<li class="""" data-spm-anchor-id=""a2a0e.pdp.product_detail.i1.233fJbORJbORUl"">Built-in 160mAh large capacity battery to provide 120 hours of standby time, 300 minutes of talk time or 20 hours of music time, no need to worry about power shortage.</li>
</ul>",,,,,,
nazatelectronics1,Headphone HD200,Piece,1,lenovo,electronic-accessori,audio,,2150,0,,,,,,10,,10080,100,100,100,,active,"<div class=""html-content pdp-product-highlights"">
<p>HD200 Bluetooth HeadsetLenovo HD200 Bluetooth HeadsetStereo Bluetooth HeadsetWireless HeadphonesDeep Bass Bluetooth HeadsetModel: HD200Function: music supportSound channel: 2Bluetooth version: 5.0Playback time: 20HoursStandby time: 300HoursCharge time: 1.5hBattery: 500mAhUsage: headwearTransmission radius: 10MColour:blackMaterial:plasticPackage Contents:1 x Bluetooth Headset1 x USB Cable</p>
</div>",,,,,,
nazatelectronics1,Headphone HD800,Piece,1,lenovo,electronic-accessori,audio,,3400,0,,,,,,10,,10080,100,100,100,,active,"<ul class="""">
<li class="""">Bluetooth v5.0, most stable transmission and smooth music deliveryMade of premium material intergrated with superior noise cancellation40mm powerful driver, enable the impressive stereo music and enhanced bassComes with 3.5mm port that also support enjoying wired-musicSupplies you 20Hrs of long paying time within 1.5hrs fast-charging</li>
</ul>",,,,,,
nazatelectronics1,Wired In Ear Headphone HF140,Piece,1,lenovo,electronic-accessori,audio,,400,0,,,,,,10,,10080,100,100,100,,active,"<p>● Ergonomic design, perfectly fit in ear canal, comfortable and stress free, enjoy free. ● 1.2 meter flexible durable material, no winding and metal shell, looks elegant. ● Built-in Microphone and In-line control, perfect for you to make handsfree calls, play music and change songs. ● High-quality dynamic 14.2mm speaker makes HD clear sound, with super bass stereo 6D effect. ● Smartly compatible with all Andriod and IOS phones, and other audio devices such as tablets, computer, PC, mp3 mp4 mp5 player, etc. Warranty: 1 Months</p>",,,,,,
nazatelectronics1,Neckband HE01,Piece,1,lenovo,electronic-accessori,audio,,590,0,,,,,,10,,10080,100,100,100,,active,<p>Brand Name: LenovoStyle: In-EarVocalism Principle: DynamicOrigin: CN(Origin)Control Button: YesActive Noise-Cancellation: NoCommunication: WirelessVolume Control: YesSensitivity: 95Wireless Type: BluetoothIs wireless: YesMax Output: 0.1Line Length: 0Support APP: NoFunction: SportNumber Of Drivers: 2Plug Type: LineTypePackage List: User ManualImpedance Range: up to 32 ΩConnectors: Type cModel Number: Lenovo HE01Earcups Type: Semi-openHeadphone Pads Material: SILICONEBluetooth Version: 5.0Codecs: NONESupport Memory Card: NoDriver Diameter: 8Resistance: 32Waterproof: YesTotal Harmonic Distortion: 0.1With Microphone: YesFeatures: waterproofFeatures: With MicrophoneCharging Method: CABLE</p>,,,,,,
nazatelectronics1,Neckband HE06,Piece,1,lenovo,electronic-accessori,audio,,890,0,,,,,,10,,10080,100,100,100,,active,"<ul>
<li>Brand: Lenovo</li>
<li>Model: HE06</li>
<li>Wearing Type: Neckband</li>
<li>With Microphone: Yes</li>
<li>BT Version: V5.0</li>
<li>Supported Profiles: HSP/HFP/A2DP/AVRCP</li>
<li>Transmission Distance: 33 feet/10m(Barrier-free)</li>
<li>Frequency Response: 20Hz-20kHz</li>
<li>Charging Time (h): about 2h</li>
<li>Music Time (h): about 10h</li>
</ul>",,,,,,
nazatelectronics1,Neckband HE08,Piece,1,lenovo,electronic-accessori,audio,,1090,0,,,,,,10,,10080,100,100,100,,active,"<ul>
<li>Bluetooth version: 5.0</li>
<li>Transmission distance: 10m</li>
<li>Waterproof: IPX5</li>
<li>Working time: 8 hours</li>
<li>Warranty:&nbsp;1 Month Replacement Warranty.</li>
</ul>",,,,,,
nazatelectronics1,Ear Buds HT18,Piece,1,lenovo,electronic-accessori,audio,,1750,0,,,,,,10,,10080,100,100,100,,active,"<p>The Lenovo HT18 True Wireless Earbuds features&nbsp;Adopting advanced Bluetooth 5.0 technology, the wireless Bluetooth earbuds have strong anti-interference capability, faster and more stable transmission, and can realize the synchronization of game sounds and pictures with low latency. The earbuds have incredible sound quality with deep bass and clear treble, bringing you an incomparable 3D surround music experience.&nbsp;Built-in high-definition microphone, intelligent noise reduction, delivers clearer and more real talking sound in stereo mode. It features intelligent noise reduction technology, and delivers a truly unparalleled clear sound quality, bringing you an amazing wireless music experience and call clarity. The earphones will automatically turn on and pair with the last device when removed from the charging pod. The TWS Bluetooth earbuds can be used in Mono or Twin mode. earbuds are ergonomically designed, comfortable to wear and not easy to fall off in sports, and will not make you feel pain in the ears after a long time wearing. It has no warranty.</p>",,,,,,
nazatelectronics1,Smart Watch C2,Piece,1,lenovo,electronic-accessori,audio,,1990,0,,,,,,10,,10080,100,100,100,,active,"<ul class="""">
<li class="""">Made of glass fiber reinforced PC, it has ultra high strength, impact resistance, high and low temperature resistance.</li>
<li class="""">Silicone strap is skin-friendly, soft and comfortable to touch.</li>
<li class="""">Support real-time monitoring of heart rate/blood pressure/blood oxygen/sleep monitoring, real-time analysis of sleep data to score the quality of sleep.</li>
<li class="""">Clear backlight makes the figures visible in the darkness and the FSTN display also makes it clear under strong light.</li>
<li class="""">80m waterproof rating enables the watch to effectively resist water or sweat.</li>
<li class="""" data-spm-anchor-id=""a2a0e.pdp.product_detail.i0.4aeaL49zL49ziC"">Other functions: Daily step counting, sedentary reminder, world time, phone reminder, information reminder, stopwatch, etc</li>
</ul>",,,,,,
nazatelectronics1,Smart Wrist Band WD06,Piece,1,lenovo,electronic-accessori,audio,,3390,0,,,,,,10,,10080,100,100,100,,active,"<ul class="""">
<li class="""">MULTI-FUNCTIONS: Lenovo WD06 fitness Tracker has power functions, including dynamic heart rate monitor, IP67 Waterproof, Pedometer, Distance Calculator, Calories Burned Measurement, Sleep Monitor, Sedentary Reminder, SMS Content Shows and Reminding, Call Reminder, APP Message Reminder (Like Facebook, Wechat, Twitter, etc)</li>
<li class="""">HEALTHY ASSISTENT: This activity tracker can monitor your heart rate in dynamic and resting model. Intelligently identify your effective sleep time and motions( including light sleep and deep sleep). It also can remind you to stretch your body up when you sit too long</li>
<li class="""">COlOR DISPLAY and FULL TOUCH SCREEN: TFT 0.96"" screen and 160*80 screen resolution bring excellent HD image quality.You can directly check the time(12-hour or 24-hour time display) and temperature(Centigrade or Fahrenheit format) with one touch on the screen</li>
<li class="""" data-spm-anchor-id=""a2a0e.pdp.product_detail.i0.1018s8YEs8YEoV"">BUILT-IN USB PLUG: Specially designed USB plug makes it easy to charge through your PC or phone adapter ; No extra cable and dock needed. It's more convenient to get charged everywhere. Full charge gives you up to 7 days of working time. Get one and enjoy a healthier life now</li>
</ul>",,,,,,
nazatelectronics1,Smart Watch S2,Piece,1,lenovo,electronic-accessori,audio,,3990,0,,,,,,10,,10080,100,100,100,,active,"<p>Quick User Guide 1-Packing instructions: watch x1, charging cable x1, user guide x1, warranty card x1. 2-Download the app The mobile phone needs to install application support to connect with the watch. Please refer to the mobile phone system platform conditions: Android 4.4+, IOS 9.0+ 1) Scan the QR code on your phone and install the APP; you can also search for and download &ldquo;Lenovo Smart Watch&rdquo; on App Store or Google Play for installation 2) Open the app and set the personal information correctly (Affects calculation of exercise data such as distance, calories, etc.),register and bind 3-Watch activation Before using the watch, use the matching charging cable to properly connect it for charging. It takes 2 hours to fully charge. Press and hold the switch to start up. 4-Watch and APP connection 1) Turn on the phone's Bluetooth and location information; 2) After the watch turns on, press and hold the watch screen for three seconds to display the watch's Bluetooth number. 3) In the ""Personal Center"" interface of the app, click ""Add watch"" to search for Bluetooth devices, find the Bluetooth number of the watch, and click Connect. After the connection is successful, the watch will synchronize the phone time, synchronize various exercise data, and so on. 5-Unbind app Open the app, in the ""personal center"" interface, click the connected watch icon to enter the device management interface, and click ""remove device"" in the upper right corner. IPhone: After ""remove device"", go to the phone system settings-&gt; Bluetooth-&gt; click the exclamation point behind the device name-&gt; ignore this device to completely unbundle Bluetooth. 6-Basic operation button: Long press button: Boot / Shutdown; Short press button: on / off screen screen: Short press: Bright screen / confirm; Slide left, slide right, slide up, slide down: different screens can achieve different operations. 　 　　　 　　　　 　 　　　 　　　　 　 　　　 　　　　 　 　　　 　　　　 　 　　　 　　　　 　 　　　 　　　　</p>",,,,,,
nazatelectronics1,Gaming Headset HU85,Piece,1,lenovo,electronic-accessori,audio,,2190,0,,,,,,10,,10080,100,100,100,,active,"<ul class="""">
<li class="""">Brand: Lenovo</li>
<li class="""">Model: HU85</li>
<li class="""">Certification:ce</li>
<li class="""">Is wireless:No</li>
<li class="""">Wireless Type:None</li>
<li class="""">Vocalism Principle: Dynamic</li>
<li class="""">Volume Control: Yes</li>
<li class="""">Control Button: Yes</li>
<li class="""">Style: Headband</li>
<li class="""">Use: COMPUTER, Gaming, Travel</li>
<li class="""">Function: Microphone</li>
<li class="""">Place of Origin: China</li>
<li class="""">Cord Length: 2M</li>
<li class="""">Waterproof Standard: IPX-1</li>
<li class="""">Active Noise-Cancellation: No</li>
<li class="""">Key Feature1: Adjustable Headband</li>
<li class="""">Key Feature2: USB2.0</li>
<li class="""" data-spm-anchor-id=""a2a0e.pdp.product_detail.i0.60ce2k0a2k0aRj"">Sensitivity: 110 3dB</li>
</ul>",,,,,,
nazatelectronics1,Ear Buds HT05,Piece,1,lenovo,electronic-accessori,audio,,1650,0,,,,,,10,,10080,100,100,100,,active,"<p>Product Details Features:BT 5.0 brings high data transfer speed, stable connection and low power consumption. Automatically pair after taken out from the charging case.Multi-functional touch control, support switch songs, phone call, volume control and wake up voice assistant.Built-in high-definition microphone, intelligent noise reduction, delivers clearer and more real talking sound in stereo mode.40mAh battery single ear earphone, and charged automatically in the 250mAh charging case, ensuring about 4 hours working time when fully charged.Lightweight and mini size, convenient to carry; In-ear design, fit well to your ear canal and provide you long time wearing comfort.Specifications:Brand &amp; Model: Lenovo HT05BT Version: BT 5.0Drive Unit Diameter: 10mmColor: Black/White(Optional)Transmission Distance: about 10 meters (no obstacle)Frequency Range: 20-20KHzSpeaker Sensitivity: 108dBCharging Case Capacity: 3.7V 250mAhEarphone Battery Capacity: 3.7V 40mAhWorking Time: 4 hoursPackage Size: 12*8*3.2cm/4.7*3.1*1.3inPackage Weight: 82g/2.9oz</p>",,,,,,
nazatelectronics1,Headphone HD300,Piece,1,lenovo,electronic-accessori,audio,,2490,0,,,,,,10,,10080,100,100,100,,active,"<p>&bull; Brand: Lenovo<br />&bull; Model No: HD300<br />&bull; Products Type: Headphone<br />&bull; Type: On-ear<br />&bull; Material: ABS<br />&bull; Features: Active Noise-cancelling, Extra Bass<br />&bull; Wearing type: Headband<br />&bull; Main Functions : Answering Phone, Noise Cancelling<br />&bull; Application: Audiophile, Gaming, Running, Sport, Working<br />&bull; Cable Length (m): 0m<br />&bull; Compatible with: Mobile phone, Portable Media Player<br />&bull; Connectivity: Wireless<br />&bull; Bluetooth: Yes<br />&bull; Bluetooth distance: W/O obstacles 10m<br />&bull; Bluetooth Version: V5.0<br />&bull; WIFI: No<br />&bull; BT Version: V5.0<br />&bull; Operation Range: 10 Meters (no obstacle)<br />&bull; Speaker Unit: 40mm<br />&bull; Frequency Response: 20Hz-20kHz<br />&bull; Impedance: 32&Omega;<br />&bull; Sensitivity: 108&plusmn;3dB<br />&bull; Battery Capacity: 300mAh</p>",,,,,,
nazatelectronics1,Ear Buds HT28,Piece,1,lenovo,electronic-accessori,audio,,2050,0,,,,,,10,,10080,100,100,100,,active,"<p>The Lenovo HT28 TWS True Wireless Earbuds Black has 5.0 two-ear edgy calls, high-sensitive microphones, the environment can be noisy can easily talk. Bluetooth version 5.0 chip, with high response transmission speed, whether it is games, music, movies, calls can achieve smooth, no delay stable continuous line. The Lenovo HT28 TWS Earbuds comes with binaural communication and instant pairing. The Lenovo HT28 TWS Earbuds has IPX4 waterproof protection. BT 5.0 brings high data transfer speed, no latency, stable connection and low power consumption. Built-in high-definition microphone, intelligent noise reduction, delivers clearer and more real talking sound in stereo mode. Wireless dual ear design, left and right ear channel separation. You can use the headset solely, or used them in pairs. Multi-functional Touch control let you answer/reject calls, play/pause songs, wake up voice assistant, by touching these in-ear wireless headphones all without taking your smart phones out of your pocket. Auto power on and fast pairing between left and right earbuds once taking out of the charging case. Easy and quick to pair with BT-enabled audio devices. The design is exclusive and fits your ear securely, no any discomfort or pain when wearing. Graphene diaphragm speaker, HiFi sound, supports SBC professional audio decoding technology, reduces the loss in the process of music transmission, maintains pure music details, and creates a more immersive stereo sound effect.</p>",,,,,,
nazatelectronics1,Ear Buds HT38,Piece,1,lenovo,electronic-accessori,audio,,1550,0,,,,,,10,,10080,100,100,100,,active,"<ul>
<li>Comfortable Lightweight Portability,&nbsp;</li>
<li>Half in-ear,&nbsp;</li>
<li>Comfortable to wear,&nbsp;</li>
<li>Touch control,&nbsp;</li>
<li>Easy to use,&nbsp;</li>
<li>Bluetooth version: V5.0,&nbsp;</li>
<li>The battery capacity of the earbud: 30mAh,&nbsp;</li>
<li>The battery capacity of the charging case: 250mAh,&nbsp;</li>
<li>Playing time: Approximately 3 hours,&nbsp;</li>
<li>Speaker drivers: &Phi;13mm,&nbsp;</li>
<li>Speaker sensitivity: 100&plusmn;3dB (IEC711 At 1 kHz),&nbsp;</li>
<li>Frequency response range: 20-20KHz,&nbsp;</li>
<li>Distance: 10m barrier-free,&nbsp;</li>
<li>Wearing method: Half in-ear<br />&nbsp;</li>
</ul>",,,,,,
nazatelectronics1,Ear Buds QT83,Piece,1,lenovo,electronic-accessori,audio,,1950,0,,,,,,10,,10080,100,100,100,,active,"<ul class=""ulDefault"">
<li>Lenovo QT83 TWS Earbud.</li>
<li>Product Type: Earbud.</li>
<li>Brand: Lenovo.</li>
<li>Bluetooth 5.0.</li>
<li>Wireless Stereo Smart Touch Earbuds.</li>
<li>Series: QT83.</li>
<li>Style: TWS.</li>
<li>Battery: 450mAh.</li>
<li>Connection Length: About 10m / 33ft (Without Obstacle).</li>
<li>Battery Life: approx. 4 hours in use.</li>
<li>Color: Random.</li>
<li>Warranty: 1 month.</li>
</ul>",,,,,,
nazatelectronics1,Gaming Ear Buds HQ08,Piece,1,lenovo,electronic-accessori,audio,,2390,0,,,,,,10,,10080,100,100,100,,active,"<ul>
<li>Brand: Lenovo</li>
<li>Model: HQ08</li>
<li>BT version: V5.0</li>
<li>Transmission distance: 10m</li>
<li>Audio decoding: SBC/AAC</li>
<li>Battery capacity: 30mAh (earbud), 400mAh (charging case)</li>
<li>Waterproof level: IPX5</li>
<li>Earbud size: 58.32*55*34.29mm</li>
</ul>",,,,,,
nazatelectronics1,Amazfit Band 5 Smart fitness tracker with spO2 - Black,Piece,1,xiaomi,electronic-accessori,wearable,,2790,0,,,,,,10,,10080,50,50,100,,active,"<p>Body material: Polycarbonate<br />Strap material: Skin-friendly TPU<br />Strap length: 162-235mm<br />Strap width: 15.55mm<br />Waterproof rating3: 5 ATM<br />Display: 1.1"" full color AMOLED, resolution 126x294<br />Touch screen: 2.5D glass + anti-fingerprint coating<br />Bluetooth: BT5.0/BLE<br />Battery: 125mAh lithium-ion polymer battery (Typical value)<br />Charging time: About 2 hours<br />Charging method: Clip / 2-pins POGO pin<br />Battery Life: Typical usage scenario: 15 days. Power-saving scenario: 25 days. Standby time: 90 days<br />Sensors: BioTracker TM2 PPG Bio-Tracking Optical Sensor, 3-axis acceleration sensor. 3-axis gyroscope sensor<br />Supported devices: Android 5.0 or iOS 10.0 and above</p>",,,,,,
nazatelectronics1,Amazfit NEO Smart Watch -Black,Piece,1,xiaomi,electronic-accessori,wearable,,2790,0,,,,,,10,,10080,50,50,100,,active,,,,,,,
nazatelectronics1,Amazfit Bip U Smart Watch Global Version,Piece,1,xiaomi,electronic-accessori,wearable,,4890,0,,,,,,10,,10080,50,50,100,,active,"<ul>
<li>Display: 1.43&Prime; TFT 1.43&Prime; with 302&times;302 pixel resolution, 2.5D curved glass</li>
<li>Battery: 225 mAh. Charging time 2 hours.</li>
<li>Autonomy declared: 9 days</li>
<li>Compatibility: Android (5.0+) and iOS (10.0+) via Zepp app</li>
<li>Operating System: RTOS</li>
<li>Connectivity: Bluetooth 5.0</li>
<li>Weight: 31g (with strap)</li>
<li>Dimensions: 40.9 x 35.5 x 11.4mm</li>
<li>Blood oxygen level measurement</li>
<li>Stress level measurement</li>
<li>Sleep quality monitoring</li>
<li>24-hour heart rate monitoring</li>
<li>Tracking over 60 sports activities</li>
<li>Menstrual cycle tracking</li>
<li>Remote control smartphone camera</li>
<li>Alarm, notification, and weather management</li>
<li>Water resistance: 5ATM (what does it mean)</li>
<li>Strap: rubbe</li>
</ul>",,,,,,
nazatelectronics1,Amazfit Bip U Pro Smart Watch Global Version,Piece,1,xiaomi,electronic-accessori,wearable,,5450,0,,,,,,10,,10080,50,50,100,,active,"<ul>
<li>Connectivity Technology: Bluetooth</li>
<li>Operating System: Amazfit OS</li>
<li>Band Color: Black</li>
<li>Human Interface Input: Touchscreen</li>
<li>Screen Size: 1.43 Inches</li>
<li>Water Resistance Level: Water-Resistant</li>
<li>Warranty: 12 Months Brand Warranty (One-time replacement in whole warranty period).</li>
</ul>",,,,,,
nazatelectronics1,Amazfit GTS 2 Mini Smart Watch,Piece,1,xiaomi,electronic-accessori,wearable,,7990,0,,,,,,10,,10080,50,50,100,,active,"<p>The Xiaomi Amazfit GTS 2 mini comes with a borderless design. It features a 1.55-inch AMOLED screen, meaning your display will be exciting, vibrant, and practical whenever you check the time. It features carefully curved 2.5D glass to enhance your most fashionable outfits. With a light 19.5 g weight, a thickness of 8.95 mm (without the sensor base), and a skin-friendly silicone strap, the GTS 2 mini allows you to enjoy the lightness of time. With 80+ watch faces to choose from, most of which have a matching Always-on Display, you can make sure you're always in style and able to see the interface you like. Or, to make the watch face truly yours, upload your own photos to the background and focus on what you care about with the custom modular dial. The Amazfit GTS 2 mini can provide heart rate monitoring, blood-oxygen saturation measurement, sleep monitoring, stress level monitoring, and female cycle tracking, as well as other functions to achieve total health management from your wrist. The PAI health assessment system also processes complex health data with an advanced algorithm to present your physical condition in a simple, single-value score. Blood-oxygen saturation (SpO2) is one of the most important indicators of human health. You can easily test your SpO2 level anytime you need. It supports a 24-hour high-precision heart rate monitoring function and it gives warnings to protect you from the probability of accidents. You can talk to Alexa on your Amazfit GTS 2 mini as it comes with Alexxa built-in. The Amazfit GTS 2 mini-features over 70 built-in sports modes. A fully charged battery provides up to 14 days of battery life. The&nbsp;Xiaomi Amazfit GTS 2 mini has 01 year warranty (For Warranty Claim you&nbsp; Must submit Box along with accessories. physical Damage or dent/ scratch will not&nbsp; be accepted for warranty.)</p>",,,,,,
nazatelectronics1,Amazfit GTR 2e Smart Watch Global Version,Piece,1,xiaomi,electronic-accessori,wearable,,10990,0,,,,,,10,,10080,50,50,100,,active,"<ul>
<li>Brand: Amazfit</li>
<li>Model No: GTR 2e</li>
<li>Size: 1.39-inch</li>
<li>Type: AMOLED display</li>
<li>Colors: Obsidian Black, Dolphin Grey</li>
<li>Resolution: 454 x 454 Pixels</li>
<li>PPI: 326 ppi</li>
<li>Protection: Corning Gorilla 3 tempered glass + Anti-fingerprint coating</li>
<li>Battery: Li-Po</li>
<li>Capacity: 471 mAh</li>
<li>Removable: Non-Removable</li>
<li>F Charging: About 2 hours / Magnetic / 2-pins POGO pin</li>
<li>Compatible Device: Android, iOS</li>
<li>Speaker: No</li>
<li>Microphone: Yes</li>
<li>Number of Buttons: 2</li>
<li>Sensor: Huami self-developed Bio Tracker PPG (support blood oxygen), acceleration sensor, gyroscope, 3-axis geomagnetic sensor, ambient light sensor, air pressure sensor, temperature sensor</li>
<li>Fitness and watch functions: Step Count, Calorie Count, Heart Rate Monitor, Compass, Calendar, Alarm Clock, Date &amp; Time Display&nbsp; &nbsp;&nbsp;</li>
</ul>",,,,,,
nazatelectronics1,"Amazfit GTR 2 AMOLED Curved Display
 Classic Stainless steel Global Version",Piece,1,xiaomi,electronic-accessori,wearable,,14990,0,,,,,,10,,10080,50,50,100,,active,"<ul>
<li>Brand: Amazfit</li>
<li>Model No: GTR 2 AMOLED&nbsp;Classic</li>
<li>Band Material: Leather</li>
<li>Colors: aluminum, stainless steel</li>
<li>Calling Feature: Yes</li>
<li>Width: 22mm</li>
<li>Clasp: Classic Pin Buckle</li>
<li>Speaker: Support</li>
<li>Microphone: Support</li>
<li>Linear Motor: Support</li>
<li>Battery Capacity: 471 mAh (typical value)</li>
<li>Charging Method: Magnetic Charging Stand</li>
<li>Charging Time: About 2.5 hours</li>
<li>Typical Usage Battery Life: 14 days9</li>
<li>Basic Usage Battery Life: 38 days9</li>
<li>Connection: Bluetooth 5.0; WLAN 2.4GHz</li>
<li>Material: AMOLED</li>
<li>Size: 1.39 inches</li>
<li>Resolution: 454x454</li>
<li>PPI: 326</li>
<li>Touch Screen: Tempered glass, anti-fingerprint coating, ODLC coating</li>
<li>Application: Zepp App</li>
<li>Size (square): 46.4*46.4*10.7mm</li>
<li>Weight: Sport model-31.5g (without strap); Classic model-39g (without strap)</li>
<li>Body: Sport-Aluminum alloy; Classic-stainless steel</li>
<li>Buttons: 2 buttons</li>
<li>Waterproofing Grade: 5ATM8</li>
<li>Health: Huami self-developed BioTracker&trade; 2 PPG (support blood oxygen) biological data sensor</li>
<li>Movement: Air pressure sensor, Acceleration sensor, Gyroscope sensor, 3-axis geomagnetic sensor, Ambient light sensor</li>
</ul>",,,,,,
nazatelectronics1,"Amazfit GTR 2 AMOLED Curved Display
 Sports Aluminum alloy Global Version",Piece,1,xiaomi,electronic-accessori,wearable,,13990,0,,,,,,10,,10080,50,50,,,active,"<ul class="""">
<li class="""" data-spm-anchor-id=""a2a0e.pdp.product_detail.i0.1a6b1342qEmGrO"">Main Features:</li>
<li class="""">3D Curved Bezel-less Design</li>
<li class="""">Data Reports for Improved Performance</li>
<li class="""">Blood-oxygen Saturation Measurement</li>
<li class="""">Stay Safe with Abnormal Heart Rate Alerts</li>
<li class="""">Talk to, and Through, Your Watch</li>
<li class="""">Bluetooth Call Function, Online and Offline Voice Assistants</li>
<li class="""">Powered for Maximum Performance</li>
<li class="""">Your Playlist on Your Wrist</li>
<li class="""">A Work of Art on Your Wrist</li>
<li class="""">See Sleep Stage and Nap Data</li>
<li class="""">One Score to Summarize Your Physical State</li>
<li class="""">Monitor Your Stress Levels</li>
</ul>",,,,,,
nazatelectronics1,Amazfit GTS Smart Watch Global Version,Piece,1,xiaomi,electronic-accessori,wearable,,8290,0,,,,,,10,,10080,50,50,,,active,"<ul>
<li>Brand: Amazfit</li>
<li>Model Number: GTS</li>
<li>Screen: AMOLED</li>
<li>Bluetooth Version: Bluetooth 5.0</li>
<li>Screen resolution: 348 x 442</li>
<li>Screen size: 1.65 inch</li>
<li>RAM: 16K</li>
<li>ROM: 32KB</li>
<li>Waterproof / Water-Resistant: Yes</li>
<li>IP rating: 5ATM</li>
</ul>
<p>Battery:</p>
<ul>
<li>Battery Capacity: 220mAh</li>
<li>Charging Time: About 2 hours</li>
<li>Standby time: 14 days</li>
</ul>",,,,,,
nazatelectronics1,Amazfit GTS 2e Smart Watch Global Version,Piece,1,xiaomi,electronic-accessori,wearable,,10890,0,,,,,,10,,10080,50,50,,,active,"<ul>
<li>Display: 1.65-inch Super Retina AMOLED display with 2.5D glass<br />341 PPI</li>
<li>2.5D curved glass</li>
<li>Battery: 246mAh</li>
<li>glass vacuum coating</li>
<li>Warranty: 12 Months Brand Warranty (One-time replacement in whole warranty period)</li>
<li>1.65-inch curved glass screen</li>
<li>Support for Android and iOS</li>
<li>90 Sports Mode tracking, Activity, and In-depth Sleep monitoring</li>
<li>Huami&rsquo;s self-developed BioTracker, 2 PPG (support blood oxygen) biological data sensor, Accelerometer, Gyroscope sensor, Geomagnetic Sensor, Ambient Light sensor</li>
<li>Water-resistant (5ATM / 50 Meters)</li>
<li>Bluetooth 5.0 LE, GPS, NFC</li>
<li>Microphone, Xiao Ai voice assistant</li>
<li>Dimensions: 42.8 x 35.6 x 9.85mm; Weight: 25g (without strap)</li>
<li>246mAh battery with up to 14 days battery life, up to 24 days battery life in basic watch mode</li>
<li>&nbsp;</li>
</ul>",,,,,,
nazatelectronics1,Amazfit GTS 2 Smart Watch Global Version - Black,Piece,1,xiaomi,electronic-accessori,wearable,,14190,0,,,,,,10,,10080,50,50,,,active,"<ul>
<li>Brand Name:&nbsp;Amazfit</li>
<li>Mechanism: No</li>
<li>Origin: CN(Origin)</li>
<li>SIM Card Available: No</li>
<li>System: Proprietary OS</li>
<li>GPS: Yes</li>
<li>Type: On Wrist</li>
<li>Compatibility: All Compatible</li>
<li>ROM: 4GB</li>
<li>Function: Passometer</li>
<li>Function: Fitness Tracker</li>
<li>Function: Sleep Tracker</li>
<li>Function: Call Reminder</li>
<li>Function: Push Message</li>
<li>Function: Chronograph</li>
<li>Function: Alarm Clock</li>
<li>Function: Speed Measurement</li>
<li>Function: Month</li>
<li>Function: Interactive Music</li>
<li>Function: COMPASS</li>
<li>Rear Camera: None</li>
<li>Language: English</li>
<li>Language: Russian</li>
<li>Language: Spanish</li>
<li>Language: Portuguese</li>
<li>Language: Italian</li>
<li>Language: French</li>
<li>Language: German</li>
<li>RAM: &lt;128MB</li>
<li>Waterproof Grade: Professional Waterproof</li>
<li>Battery Capacity: 180-220mAh</li>
<li>Certification: CE</li>
<li>Certification: FCC</li>
</ul>",,,,,,
nazatelectronics1,Amazfit T-Rex Smart Watch,Piece,1,xiaomi,electronic-accessori,wearable,,10790,0,,,,,,10,,10080,50,50,,,active,"<div id=""featurebullets_feature_div"" class=""celwidget"" data-feature-name=""featurebullets"" data-csa-c-id=""izzl5k-m14z6q-bnwsoy-llflwu"" data-cel-widget=""featurebullets_feature_div"">
<div id=""feature-bullets"" class=""a-section a-spacing-medium a-spacing-top-small"">
<ul class=""a-unordered-list a-vertical a-spacing-mini"">
<li><span class=""a-list-item"">MILITARY STANDARD &amp; 1.3&rdquo; AMOLED DISPLAY -- A military standard smartwatch with 12 military certifications, enhancing the robustness and resistance to harsh environments. Boasting a 1.3&rdquo; AMOLED color screen with an always-on display, making important information available simply by raising your wrist.</span></li>
<li><span class=""a-list-item"">ULTRA-LONG BATTERY LIFE -- A deep power optimization gives the Amazfit T-Rex watch a 20-day ultra-long battery life on a single charge. Stays with the user over the long haul, allowing you to wear it without worry and never think about charging.</span></li>
<li><span class=""a-list-item"">HIGH-PRECISION GPS -- T-Rex smartwatch uses a high-end Sony GPS chip and built-in highly precise dual-satellite positioning system. Signal efficiency has been significantly increased, making satellite search faster and positioning more accurate.</span></li>
<li><span class=""a-list-item"">A Good Sports Companion -- This fitness watch has 14 built-in professional sports modes and is rated waterproof to 5ATM (50 Meters). You can wear it while swimming in pools and open water to meet the diverse needs of athletes.</span></li>
<li><span class=""a-list-item"">Focus On Your Health -- The smartwatch is equipped with Huami's self-developed BioTracker PPG Bio-Tracking Optical Sensor, which performs 24-hours high-precision heart rate monitoring. The watch also issues reminders to stand up, which encourage you to develop healthy habits and become your best self.</span></li>
<li><span class=""a-list-item"">A Practical Tool at Your Wrist -- The Amazfit T-Rex smartwatch comes with a wealth of smart functions, including weather forecast, event reminders, call reminders, app notifications, and more, offering a variety of practical tools to facilitate your daily work and life.</span></li>
</ul>
</div>
</div>
<div id=""serviceCapabilities_feature_div"" class=""celwidget"" data-feature-name=""serviceCapabilities"" data-csa-c-id=""cscfbn-ji4ksq-1n36a-puoq17"" data-cel-widget=""serviceCapabilities_feature_div""></div>",,,,,,
nazatelectronics1,Amazfit T-Rex Pro Smartwatch,Piece,1,xiaomi,electronic-accessori,wearable,,14090,0,,,,,,10,,10080,50,50,,,active,"<p>The Amazfit T-Rex Pro is high-level exploration partner, supporting four Global Navigation Satellite Systems, 10 ATM water-resistance,a blood-oxygen saturation measurement system, a weather tracker, a sunrise and sunset monitor, a current moon phase display, a compass and barometric altimeter, ultra-long 18-day battery life with typical use, and over 100 different sportsmodes.</p>",,,,,,
nazatelectronics1,Amazfit GTR 3 Smart Watch with Classic Navigation Crown & alexa,Piece,1,xiaomi,electronic-accessori,wearable,,15499,0,,,,,,10,,10080,50,50,,,active,"<ul class=""ulDefault"">
<li>Amazfit GTR 3 Smart Watch with Classic Navigation Crown &amp; Alexa.</li>
<li>Brand: Amazfit.</li>
<li>Product Type: Smart Watch.</li>
<li>21 day battery life.</li>
<li>Easy 24 health management.</li>
<li>Powerful Zepp OS and App support.</li>
<li>Classic Navigation Crown.</li>
<li>HD AMOLED Display.</li>
<li>Color: Random.</li>
<li><strong>Warranty: 1 year warranty.</strong></li>
</ul>",,,,,,
nazatelectronics1,Amazfit GTS 3 Smart Watch with Classic Navigation Crown & alexa,Piece,1,xiaomi,electronic-accessori,wearable,,15499,0,,,,,,10,,10080,50,50,,,active,"<ul class=""ulDefault"">
<li>Amazfit GTS 3 Smart Watch with Classic Navigation Crown &amp; Alexa.</li>
<li>Brand: Amazfit.</li>
<li>Ultra HD AMOLED Display.</li>
<li>Easy 24H Health Management.</li>
<li>Powerful Zepp OS &amp; App-support.</li>
<li>Classic Navigation Crown.</li>
<li>12-day Battery Life.</li>
<li>The super-sleek 8.8mm watch body* is made from lightweight yet durable aircraft-grade aluminum alloy and weighs only 24.4g, while the ocean-like curved glass screen assimilates into the bezel-less design1 , for total immersion into your display.</li>
<li>Navigate the watch deftly with the elegant rotatable crown, as you stand out in style with the comfortable, breathable silicone straps, which prove the GTS 3 is built to move.</li>
<li>The Amazfit GTS 3 is a picturesque marvel of clarity, with an ultra HD AMOLED display that has 341 ppi, and is even visible under bright sunlight.</li>
<li>Easy Health Management.</li>
<li>A Next-Level Fitness Partner With 150+ Sports Modes.</li>
<li>5 ATM Water Resistance.</li>
<li>Color: Random.</li>
<li><strong>Warranty: 1 year warranty.</strong></li>
</ul>",,,,,,
nazatelectronics1,Amazfit GTR 3 Pro Smart Watch with Classic Navigation Crown,Piece,1,xiaomi,electronic-accessori,wearable,,19999,0,,,,,,10,,10080,50,50,,,active,"<ul>
<li>Dial Color: Black</li>
<li>Dial Shape: Round Strap</li>
<li>Color: Black</li>
<li>Touch screen: Yes</li>
<li>Display Resolution: 480&times;480</li>
<li>Display Size: 36mm</li>
<li>Display Type: AMOLED</li>
<li>Water Resistant: Yes</li>
<li>Water Resistance Depth: 5 ATM</li>
<li>Dial Material: Aluminum</li>
<li>Battery Life: 12 days</li>
<li>Bluetooth Version: 5.0</li>
<li>GPS: Yes</li>
<li>Messaging Support: Yes</li>
<li>Operating System: Zepp Os</li>
</ul>",,,,,,
nazatelectronics1,Mi Smart Band 6 AMOLED Full Screen Fitness Tracker with spO2 - Black,Piece,1,xiaomi,electronic-accessori,wearable,,3790,0,,,,,,10,,10080,50,50,,,active,"<ul>
<li>1.56 Inch AMOLED Screen</li>
<li>Real-time Heart Rate Monitor/Blood Oxygen Monitor</li>
<li>Sleep Monitor</li>
<li>50 Meter Waterproof</li>
<li>Long Time Standby125mah Battery, long standby time up to 5-7 days in the ordinary situation, saves the frequent charging trouble.</li>
<li>Bluetooth Push: Incoming calls,messages, Wechat, QQ, Skype, WhatsApp, Facebook, Linkedin, Twitter, Viber, line notification. Sedentary reminder, Meeting reminder,Find watch, Find phone, Hand raise light up etc.</li>
<li>Brand Xiaomi</li>
<li>Model: Mi Band 6</li>
<li>Bluetooth Version: V5.0</li>
<li>Waterproof Rating: 5ATM</li>
<li>Compatibility: V5.0 or above, Android 4.4 / iOS 9.0 or above</li>
</ul>",,,,,,
nazatelectronics1,Mi Watch Global Version - Black,Piece,1,xiaomi,electronic-accessori,wearable,,9990,0,,,,,,10,,10080,50,50,,,active,"<ul>
<li>AMOLED HD 1.39- large display, Corning Gorilla Glass 3.</li>
<li>16 days of long battery life with one charge on normal use, and 22 days in long-battery mode. 50+ hours battery life in mode with GPS.</li>
<li>17 professional workout modes and 100 supported exercises.</li>
<li>3ATM water resistance (up to 50 m)</li>
<li>Firstbeat motion algorithm</li>
<li>Built-in GPS (GPS, Galileo, BDS, Glonass), Geomagnetic compass, and air pressure &amp; elevation.</li>
<li>100+ rich watch faces also can create custom watch faces using your favorite photos.</li>
<li>2 hours Charging time.</li>
<li>Bright display, 450 nits</li>
<li>Very light, only 32g</li>
<li>6 Colorful straps selection</li>
<li>Phone camera remote function.</li>
<li>Native emoji support</li>
</ul>",,,,,,
nazatelectronics1,OnePlus Smart Band,Piece,1,one-plus,electronic-accessori,wearable,,3490,0,,,,,,10,,10080,50,50,,,active,"<ul>
<li>Brand: OnePlus</li>
<li>Model: W101N</li>
<li>Display type: AMOLED&nbsp;</li>
<li>Size: 2.79 cm (1.1"")&nbsp;</li>
<li>Resolution: 126 x 294 pixels&nbsp;</li>
<li>Control: Touch</li>
<li>Sensors and vibration motor:&nbsp; Blood Oxygen Sensor, 3-axis accelerometer and gyroscope, Optical heart rate sensor,&nbsp; Motor</li>
<li>Exercise Modes: Outdoor Run, Indoor Run, Fat Burn Run, Outdoor Walk, Outdoor Cycling, Indoor Cycling, Elliptical Trainer, Rowing Machine, Cricket, Badminton, Pool Swimming, Yoga, Free Training</li>
<li>Sweat and water-resistant:&nbsp; 5ATM and IP68</li>
<li>Bluetooth version: BLE 5.0</li>
<li>Charging interface: Wired OnePlus Band charging dongle, USB Type-A</li>
<li>Battery life: Up to 14 days</li>
<li>Battery capacity: 100mAh</li>
<li>Other features: Message notifications, Incoming call notification, Incoming call rejection, Music playback controls, Stopwatch, Timer, Alarm (vibration), Camera-shutter controls, Find My Phone, Zen Mode synchronization (with select OnePlus phone models), Weather forecast, OTA upgrades, Charge progress display</li>
</ul>",,,,,,
nazatelectronics1,OnePlus Smart Watch Global Version,Piece,1,one-plus,electronic-accessori,wearable,,15490,0,,,,,,10,,10080,50,50,,,active,"<div class=""wpb_text_column wpb_content_element"">
<div class=""wpb_wrapper"">
<ul>
<li>Classic Edition: Stylish Design &amp; Comfortable watch band: 46mm hand-polished round watch case with 2.5D curved glass &amp; Fluroelastomer band which is comfortable to wear</li>
<li>Seamless Connection: Bluetooth 5.0, hand-free calls, message notification, music control, find your phone, remote camera etc..Display:1.39 inch AMOLED,454&times;454</li>
<li>Warp charging: Good battery life combines with Warp Charge, gives you a day&lsquo;s power in 5 mins, or a week&rsquo;s power in 20 mins</li>
<li>Smartphone-free Music: 4GB standalone storage to hold up to 500 songs &amp; Compatible with OnePlus TWS/TWSZ and other Bluetooth earbuds</li>
<li>Workout Partner: 110+ workout types, 5ATM + IP 68 water and dust resistance, automatic workout detections for jogging, running &amp; swimming posture recognition</li>
<li>Health Monitoring: Manage all your health data on one App with Blood Oxygen saturation monitoring, step &amp; heart rate tracker, sleep &amp; stress Tracker , sedentary reminder etc</li>
<li>Seamlessly connected with OnePlus TV : As a remote controller to turn up/down the volume and turn on/turn off the TV, automatically turn down the volume when receiving phone calls , automatically turns off TV after watch detects you are falling sleep after 30 mins</li>
</ul>
</div>
</div>",,,,,,
nazatelectronics1,Haylou Smart Watch LS02 Global version,Piece,1,xiaomi,electronic-accessori,wearable,,2190,0,,,,,,10,,10080,50,50,,,active,"<p>Battery Capacity: 260mAh | Band Material: TPU | Screen Type: 2.5D Capacitive Touch Panel | Package Contents: 1 x Smart Watch, 1 x Charging Cable, 1 x English Manual | Screen Resolution : 320 x 320 | Bluetooth Version: Bluetooth 5.0</p>",,,,,,
nazatelectronics1,Haylou Smart Watch GST LS09B Global Version,Piece,1,xiaomi,electronic-accessori,wearable,,2790,0,,,,,,10,,10080,50,50,,,active,"<p>Xiaomi Haylou GST LS09B Smart Watch comes with Global Version. This Smartwatch comes with 42g lightweight design, 12 workout modes, SpO2 tracking + heart rate monitoring, Sleep monitoring, Customized watch faces, 20 days battery life and IP68 dustproof and waterproof. In this smart watch, its display designed with 1.69"" HD display, Full-screen touch control, 2.5D curved glass, Bright and clear view with Skin-friendly silicone strap. It is comfortable to wear. Haylou Fun APP is compatible with this smart watch, so that the Watch faces are continuously updated at the APP to meet diversified aesthetics. Customize the Haylou GST's watch face with your favorite picture. You can also record your steps, distances, calories, and other exercise data in real-time all day long. Set daily exercise goals and try to realize them. The Haylou GST LS09B watch provides 12 built-in workout modes, covering the needs of most workout enthusiasts and recording different workout information. These modes are Outdoor running, Fast walking, Cycling, Climbing, Spinning, Yoga, Indoor running, Free training, Gymnastics, Basketball, Football and Rowing, You can also test your blood oxygen level at any time, so you can better understand your physical condition, and also you can monitor your heart rate 24 hours a day with your health in mind. View recent heart rate data through mobile APP. This Haylou GST is automatically recognized your sleep status and records data such as sleep duration and depth without setting it manually. The Haylou GST LS09B is IP68 waterproof and dustproof and can be worn for daily use. No need to worry about sweat and rain. The latest Haylou LS09B Smart Watch is more than a watch, which provides a great support in the workplace and life with diversified functions that go with your phone, buy this smart watch has no any warranty.</p>",,,,,,
nazatelectronics1,Haylou Smart Watch Solar LS05 Global version,Piece,1,xiaomi,electronic-accessori,wearable,,2650,0,,,,,,10,,10080,50,50,,,active,,,,,,,
nazatelectronics1,Haylou Smart Watch Solar LS05S Global version - Black,Piece,1,xiaomi,electronic-accessori,wearable,,3250,0,,,,,,10,,10080,50,50,,,active,"Haylou LS05S is a smartwatch with an excellent screen and long battery life at a low price. Sales start in March 2021.The Haylou LS05S watch case is curved to the wrist's shape, and therefore the watch unexpectedly fits comfortably on the wrist. The breathable silicone strap is also comfortable for workouts and everyday wear.The Haylou LS05S has a 1.28"" 240x240px round screen with excellent viewing angles. You can quickly change watch faces from the application, choosing the right one at the moment. New watch faces appear in the application regularly.The watch has 12 built-in sports modes to help make your workouts more effective.You can receive notifications and reminders from your smartphone. The watch connects to the phone via Bluetooth 5.0.The watch has long battery life. They can work up to 20 days on a single charge in economy mode and up to 15 days on a single charge in 24/7 heart rate monitoring mode. The watch is protected from dust and water according to the IP68 standard",,,,,,
nazatelectronics1,IMILAB Smart Watch KW66 3D HD Curved Screen with extra strap,Piece,1,un-categorized,electronic-accessori,wearable,,2890,0,,,,,,10,,10080,50,50,,,active,"<p>● 30 Days Battery Life<br />● Customize Watch Face<br />● Watch Face Push<br />● IP68 Waterproof<br />● Concise and Thin, Fit Your Style<br />● 6 Month Warranty</p>
<h5>&bull; 1.28 inch 3D HD Curved Screen</h5>
<h5>&bull; 30 Days Battery Life</h5>
<h5>&bull; Customize Watch Face</h5>
<h5>&bull; Watch Face Push</h5>
<h5>&bull; Sport Data Poster</h5>
<h5>&bull; 13 Sport Modes</h5>
<h5>&bull; 24 Hours Heart Rate Monitor</h5>
<h5>&bull; IP68 Waterproof</h5>
<h5>&bull; Concise and Thin, Fit Your Style</h5>",,,,,,
nazatelectronics1,IMILAB W12 Smart Watch Global Version,Piece,1,un-categorized,electronic-accessori,wearable,,3990,0,,,,,,10,,10080,50,50,,,active,"<p>The Xiaomi iMi W12&nbsp;Smart Watch is a gadget that will help in everyday life. It is one of the versatile smartwatches that offers a cool and fetish design with a tinner, lightweight form factor. You can easily change the dials to suit your mood and style. It comes with a 1.32-inches 3D HD TFT screen that really stands out in the crowd. It has the universal 360 x 360 pixels display resolution that we can find in some other smartwatches. It has a 10.8mm thinner Zinc alloy metal case that feels rugged for daily usage. It has 260mm x 22mm x 11mm of the form factor that weighs 57 grams. Xiaomi iMi W12&nbsp;has a built-in 340 mAh battery, which means that you can use it for a long time without recharging. The watch will also help monitor your health. Whatever you do during the day, Xiaomi iMi W12&nbsp;will always monitor your wellness and track even small deviations from the norm. The watch can control your heart condition around the clock and thus help monitor your cardiovascular system. Besides, Xiaomi iMi W12&nbsp;is waterproof so no need to worry about the state of the watch when it comes into contact with water. It has no warranty.</p>",,,,,,
nazatelectronics1,Honor Smart Band 6 Sports Fitness Tracker - Black,Piece,1,un-categorized,electronic-accessori,wearable,,3990,0,,,,,,10,,10080,50,50,,,active,"<ul>
<li>Model Name : Band 6</li>
<li>Reading Type : Digital</li>
<li>Ideal For : Unisex</li>
<li>Material : Silicone</li>
<li>Suitable For : Health, Lifestyle</li>
<li>Touch Enabled : Yes</li>
<li>Water Resistant : Yes</li>
<li>Function : Display Time/Date, Smart Alarm, Event, Call and Text Alerts, Stopwatch, Sedentary Reminder, Customizable Clock Faces, Activity Timer,Finding Phone Using Band</li>
<li>Dial Shape : Rectangle</li>
<li>Indicator Type : Vibration</li>
<li>Compatible Devices : iPhone, Android Phones</li>
</ul>",,,,,,
nazatelectronics1,Mibro Color Smart watch with spO2 Global Version,Piece,1,un-categorized,electronic-accessori,wearable,,3150,0,,,,,,10,,10080,50,50,,,active,"<ul class="""" data-spm-anchor-id=""a2a0e.pdp.product_detail.i1.1c6cIHbRIHbRUF"">
<li class="""">For Android&nbsp;</li>
<li class="""">BTS ( Blue Tooth Supported)</li>
<li class="""">For IOS</li>
<li class="""">Waterproof</li>
<li class="""">The 1.57 HD full-color touch screen is made by diamond cutting tecnnology, ensuring to display the vivid color and smooth readability.</li>
<li class="""">2:We added anti-fingerprint oil technology to the surface of the watch screen, keeping the screen always clean and clear.</li>
<li class="""" data-spm-anchor-id=""a2a0e.pdp.product_detail.i2.1c6cIHbRIHbRUF"">3:You can wear it for shallow-water activities like swimming in a pool. Don't worry about getting wet if you' re caught in the rain. But it is forbidden to wear watches for surfing, divingrand hot spring.</li>
</ul>",,,,,,
nazatelectronics1,Mibro Lite Smart Watch AMOLED Screen with SpO2,Piece,1,un-categorized,electronic-accessori,wearable,,4090,0,,,,,,10,,10080,50,50,,,active,"<ul>
<li>Metal slim body</li>
<li>Full circle HD touch screen</li>
<li>Rotating dial operation</li>
<li>Customize Watch Face</li>
<li>12 Sport Modes</li>
<li>24h Bio Heart Rate Tracker</li>
<li>Sci-sleep Management</li>
<li>IP68 Waterproof</li>
</ul>",,,,,,
nazatelectronics1,Lenovo Smart watch S2 Pro Global Version,Piece,1,lenovo,electronic-accessori,wearable,,3050,0,,,,,,10,,10080,50,50,,,active,"<ul>
<li>Lenovo S2 Pro Smart Watch</li>
<li>1.69 inches IPS full touch screen</li>
<li>Battery Capacity: 250mAh</li>
<li>gravity accelerator +&nbsp;heart rate + temperature</li>
<li>Water-resistant Level: IP67</li>
<li>7 days replacememnt warrenty</li>
</ul>",,,,,,
nazatelectronics1,Realme Watch Global version (RMA161) Black,Piece,1,realme,electronic-accessori,wearable,,4390,0,,,,,,10,,10080,50,50,,,active,<p>&nbsp;3.5cm ( 1.4&Prime; ) Large Color Touchscreen<br />● Personalized Watch Faces<br />● Blood-oxygen Level Monitor<br />● Real-time Heart Rate Monitor<br />● 14 Sports Modes<br />● Smart Control Center<br />● Music &amp; Camera Control<br />● Smart Notifications<br />● realme Link App<br />● IP68 Water-Resistant</p>,,,,,,
nazatelectronics1,Realme Watch S Global version,Piece,1,realme,electronic-accessori,wearable,,5999,0,,,,,,10,,10080,50,50,,,active,"<ul>
<li>3.3cm (1.3 inch) Auto Brightness Touchscreen</li>
<li>Heart Rate &amp; Blood Oxygen Monitor, IP68 Water Resistant with 16 Sport Modes</li>
<li>100+ Stylish Watch Faces to be Updated via OTA | Aluminium Alloy</li>
<li>Case for a Premium Look and Durability</li>
<li>Magnetic Charging Base for Hassle-free Charging</li>
<li>Always On Display Mode will Reduce the Battery Run-time | Battery</li>
<li>Run-time: Upto 7 Days (with Always On Display)</li>
</ul>",,,,,,
nazatelectronics1,Neckband Bluetooth Headset - BL30,Piece,1,foneng,electronic-accessori,audio,,1160,0,,,,,,10,,10080,,,,,active,<p>Product Type<br />Earphone<br />Bluetooth version<br />5.0<br />Bluetooth distance<br />&le;10M<br />Battery<br />130 mAh<br />Standby time<br />1800 hours</p>,,,,,,
nazatelectronics1,Neckband Bluetooth Headset - BL31,Piece,1,foneng,electronic-accessori,audio,,1260,0,,,,,,10,,10080,,,,,active,<p>Model: BL31<br />Bluetooth distance: &le;10M<br />Inside battery: 120mAh<br />Color: Black</p>,,,,,,
nazatelectronics1,Neckband Bluetooth Headset - BL32,Piece,1,foneng,electronic-accessori,audio,,1590,0,,,,,,10,,10080,,,,,active,"<ul>
<li>Brand: Foneng</li>
<li>Product Type: Bluetooth Neck Band</li>
<li>Model: BL32</li>
<li>Color: Black</li>
<li>MODEL: BL32</li>
<li>Inside battery: 120mAh</li>
<li>Bluetooth distance: &le;10M</li>
<li>Color: Black</li>
<li>&nbsp;</li>
</ul>",,,,,,
nazatelectronics1,In-Ear Headphone - T33,Piece,1,foneng,electronic-accessori,audio,,310,0,,,,,,10,,10080,,,,,active,,,,,,,
nazatelectronics1,In-Ear Headphone - T18,Piece,1,foneng,electronic-accessori,audio,,190,0,,,,,,10,,10080,,,,,active,"<ul>
<li>MODEL: T18</li>
<li>TYPE: in-ear</li>
<li>Plug: wired</li>
<li>LENGTH: 120cm</li>
</ul>",,,,,,
nazatelectronics1,In-Ear Headphone - T23,Piece,1,foneng,electronic-accessori,audio,,380,0,,,,,,10,,10080,,,,,active,<p>Model T23<br />type in ear<br />port 3.5 mm<br />Colour golden、gray<br />length 120cm</p>,,,,,,
nazatelectronics1,In-Ear Headphone - T29,Piece,1,foneng,electronic-accessori,audio,,170,0,,,,,,10,,10080,,,,,active,<p>Model T29<br />type in ear<br />port type 3.5mm<br />color Black，white<br />length 120cm</p>,,,,,,
nazatelectronics1,In-Ear Headphone - T30,Piece,1,foneng,electronic-accessori,audio,,220,0,,,,,,10,,10080,,,,,active,"<p>&bull; Model：T30<br />&bull; Type：in ear<br />&bull; Port type：3.5mm<br />&bull; Color：Black, white<br />&bull; Length：120cm<br />FEATURES:<br />&bull; 1. 45&deg; in ear earphone，more comfortable for ear.<br />&bull; 2. Remote control，song switch，answer/pause，<br />convenient operation.<br />&bull; 3. 3.5mm interface，available for all 3.5mm device，<br />&bull; 4. Sensitive dial speaker,no noise for dial and music.</p>",,,,,,
nazatelectronics1,In-Ear Headphone - T22,Piece,1,foneng,electronic-accessori,audio,,370,0,,,,,,10,,10080,,,,,active,,,,,,,
nazatelectronics1,In-Ear Headphone - T24,Piece,1,foneng,electronic-accessori,audio,,590,0,,,,,,10,,10080,,,,,active,"<ul>
<li>Model: T24</li>
<li>Type: in-ear</li>
<li>Port: 3.5 mm</li>
<li>Length: 120cm</li>
</ul>",,,,,,
nazatelectronics1,In-Ear Headphone - T26,Piece,1,foneng,electronic-accessori,audio,,370,0,,,,,,10,,10080,,,,,active,,,,,,,
nazatelectronics1,In-Ear Headphone - E510,Piece,1,foneng,electronic-accessori,audio,,310,0,,,,,,10,,10080,,,,,active,,,,,,,
nazatelectronics1,Type-C - E535,Piece,1,foneng,electronic-accessori,audio,,420,0,,,,,,10,,10080,,,,,active,,,,,,,
nazatelectronics1,Micro Data Cable - X30,Piece,1,foneng,electronic-accessori,mobile-accessories,,330,0,,,,,,10,,10080,,,,,active,"<ul>
<li>Brand: Foneng</li>
<li>Product Type: Data Cable (Micro)</li>
<li>Model: X30</li>
</ul>",,,,,,
nazatelectronics1,i-Phone Data Cable - X30,Piece,1,foneng,electronic-accessori,mobile-accessories,,330,0,,,,,,10,,10080,,,,,active,<p>Model: x30<br />TYPE: iPhone<br />Length: 1000mm</p>,,,,,,
nazatelectronics1,Type-C Data Cable - X30,Piece,1,foneng,electronic-accessori,mobile-accessories,,330,0,,,,,,10,,10080,,,,,active,"<ul>
<li>Brand: Foneng</li>
<li>Product Type: Data Cable (Type C)</li>
<li>Model: X30</li>
</ul>",,,,,,
nazatelectronics1,Micro Data Cable - X22,Piece,1,foneng,electronic-accessori,mobile-accessories,,250,0,,,,,,10,,10080,,,,,active,<p>MODEL: X22<br />TYPE: Type C<br />LENGTH: 120cm</p>,,,,,,
nazatelectronics1,i-Phone Data Cable - X22,Piece,1,foneng,electronic-accessori,mobile-accessories,,250,0,,,,,,10,,10080,,,,,active,<p>MODEL: X22<br />TYPE: iPhone<br />LENGTH: 120cm</p>,,,,,,
nazatelectronics1,Type-C Data Cable - X22,Piece,1,foneng,electronic-accessori,mobile-accessories,,250,0,,,,,,10,,10080,,,,,active,"<ul>
<li>Brand: Foneng</li>
<li>Product Type: Data Cable (Type C)</li>
<li>Model: X22 5A&nbsp;</li>
</ul>",,,,,,
nazatelectronics1,Micro Data Cable - 5 Circle,Piece,1,foneng,electronic-accessori,mobile-accessories,,135,0,,,,,,10,,10080,,,,,active,<p>Name: 5 CIRCLES DATA CABLE<br />TYPE: Micro</p>,,,,,,
nazatelectronics1,i-Phone Data Cable - 5 Circle,Piece,1,foneng,electronic-accessori,mobile-accessories,,155,0,,,,,,10,,10080,,,,,active,,,,,,,
nazatelectronics1,Type-C Data Cable - 5 Circle,Piece,1,foneng,electronic-accessori,mobile-accessories,,155,0,,,,,,10,,10080,,,,,active,<p>Name: 5 CIRCLES DATA CABLE<br />TYPE: Type C</p>,,,,,,
nazatelectronics1,Micro Data Cable - X1,Piece,1,foneng,electronic-accessori,mobile-accessories,,100,0,,,,,,10,,10080,,,,,active,"<ul class=""a-unordered-list a-vertical a-spacing-mini"">
<li><span class=""a-list-item"">White round wire design makes it have an elegant appearance</span></li>
<li><span class=""a-list-item"">2.1A current output and overstriking cable core 72*0.1MM makes charging quick</span></li>
<li><span class=""a-list-item"">Integrated injection moulding in film and hardened plug make high durability</span></li>
<li><span class=""a-list-item"">Length: 1m, weight: 13g</span></li>
</ul>",,,,,,
nazatelectronics1,i-Phone Data Cable - X1,Piece,1,foneng,electronic-accessori,mobile-accessories,,120,0,,,,,,10,,10080,,,,,active,,,,,,,
nazatelectronics1,Type-C Data Cable - X1,Piece,1,foneng,electronic-accessori,mobile-accessories,,120,0,,,,,,10,,10080,,,,,active,<p>Name FONENG X1 DATA CABLE<br />TYPE :Type C<br />Colours white<br />Length 100cm</p>,,,,,,
nazatelectronics1,Micro Data Cable - X111 M,Piece,1,foneng,electronic-accessori,mobile-accessories,,140,0,,,,,,10,,10080,,,,,active,,,,,,,
nazatelectronics1,i-Phone Data Cable - X111 M,Piece,1,foneng,electronic-accessori,mobile-accessories,,140,0,,,,,,10,,10080,,,,,active,,,,,,,
nazatelectronics1,Type-C Data Cable - X111 M,Piece,1,foneng,electronic-accessori,mobile-accessories,,140,0,,,,,,10,,10080,,,,,active,,,,,,,
nazatelectronics1,Micro Data Cable - X34,Piece,1,foneng,electronic-accessori,mobile-accessories,,170,0,,,,,,10,,10080,,,,,active,<p>Model: X34<br />TYPE: Micro<br />Length: 1000mm</p>,,,,,,
nazatelectronics1,i-Phone Data Cable - X34,Piece,1,foneng,electronic-accessori,mobile-accessories,,170,0,,,,,,10,,10080,,,,,active,"<ul>
<li>Brand: Foneng</li>
<li>Product Type: Data Cable (iPhone)&nbsp;</li>
<li>Model: X34</li>
</ul>",,,,,,
nazatelectronics1,Type-C Data Cable - X34,Piece,1,foneng,electronic-accessori,mobile-accessories,,170,0,,,,,,10,,10080,,,,,active,"<ul>
<li>Brand: Foneng</li>
<li>Product Type: Data Cable (Type-C)</li>
<li>Model: X34</li>
</ul>",,,,,,
nazatelectronics1,Micro Data Cable - X36 1M,Piece,1,foneng,electronic-accessori,mobile-accessories,,155,0,,,,,,10,,10080,,,,,active,"<ul>
<li>Brand: Foneng</li>
<li>Product Type: Data Cable</li>
<li>Model: X36</li>
</ul>",,,,,,
nazatelectronics1,i-Phone Data Cable - X36 1M,Piece,1,foneng,electronic-accessori,mobile-accessories,,155,0,,,,,,10,,10080,,,,,active,<p>MODEL: X36<br />TYPE: iPhone<br />LENGTH: 1000mm</p>,,,,,,
nazatelectronics1,Type-C Data Cable - X36 1M,Piece,1,foneng,electronic-accessori,mobile-accessories,,155,0,,,,,,10,,10080,,,,,active,,,,,,,
nazatelectronics1,Micro Data Cable - X36 2M,Piece,1,foneng,electronic-accessori,mobile-accessories,,199,0,,,,,,10,,10080,,,,,active,"<ul>
<li>Brand: Foneng</li>
<li>Product Type: Data Cable (Micro)</li>
<li>Model: X36</li>
<li>&nbsp;</li>
</ul>",,,,,,
nazatelectronics1,i-Phone Data Cable - X36 2M,Piece,1,foneng,electronic-accessori,mobile-accessories,,199,0,,,,,,10,,10080,,,,,active,<p>MODEL: X36<br />TYPE: iPhone<br />LENGTH: 1000mm</p>,,,,,,
nazatelectronics1,Type-C Data Cable - X36 2M,Piece,1,foneng,electronic-accessori,mobile-accessories,,199,0,,,,,,10,,10080,,,,,active,"<ul>
<li>Brand: Foneng</li>
<li>Product Type: Data Cable (Type-C)</li>
<li>Model: X36</li>
</ul>",,,,,,
nazatelectronics1,Micro Data Cable - X51 1M,Piece,1,foneng,electronic-accessori,mobile-accessories,,175,0,,,,,,10,,10080,,,,,active,,,,,,,
nazatelectronics1,i-Phone Data Cable - X51 1M,Piece,1,foneng,electronic-accessori,mobile-accessories,,175,0,,,,,,10,,10080,,,,,active,"<ul>
<li>Brand: Foneng</li>
<li>Product Type: Data Cable (iPhone)</li>
<li>Model: X51</li>
</ul>",,,,,,
nazatelectronics1,Type-C Data Cable - X51 1M,Piece,1,foneng,electronic-accessori,mobile-accessories,,175,0,,,,,,10,,10080,,,,,active,"<ul>
<li>&bull; Product model: X63<br />&bull; Type: Micro, iPhone, Type-c<br />&bull; Color: White<br />&bull; Length: 1000mm<br />FEATURES:<br />1. Engaged with PVC safety material，Definitely no poison，Soft and<br />comfortable touch feeling<br />2. Steady 2.1A quick charge，safety and high efficiency for mobile<br />and tablet<br />3. Engaged with 100% copper core，great string and transmission<br />function，more steady to charge.<br />4. One model producing technology，no breakage，steady and<br />durable.<br />5. High quality production standard，great price performance.</li>
</ul>",,,,,,
nazatelectronics1,Micro Data Cable - X63,Piece,1,foneng,electronic-accessori,mobile-accessories,,100,0,,,,,,10,,10080,,,,,active,"<ul>
<li>&bull; Product model: X63<br />&bull; Type: Micro, iPhone, Type-c<br />&bull; Color: White<br />&bull; Length: 1000mm<br />FEATURES:<br />1. Engaged with PVC safety material，Definitely no poison，Soft and<br />comfortable touch feeling<br />2. Steady 2.1A quick charge，safety and high efficiency for mobile<br />and tablet<br />3. Engaged with 100% copper core，great string and transmission<br />function，more steady to charge.<br />4. One model producing technology，no breakage，steady and<br />durable.<br />5. High quality production standard，great price performance.</li>
</ul>",,,,,,
nazatelectronics1,i-Phone Data Cable - X63,Piece,1,foneng,electronic-accessori,mobile-accessories,,100,0,,,,,,10,,10080,,,,,active,"<ul>
<li>&bull; Product model: X63<br />&bull; Type: Micro, iPhone, Type-c<br />&bull; Color: White<br />&bull; Length: 1000mm<br />FEATURES:<br />1. Engaged with PVC safety material，Definitely no poison，Soft and<br />comfortable touch feeling<br />2. Steady 2.1A quick charge，safety and high efficiency for mobile<br />and tablet<br />3. Engaged with 100% copper core，great string and transmission<br />function，more steady to charge.<br />4. One model producing technology，no breakage，steady and<br />durable.<br />5. High quality production standard，great price performance.</li>
</ul>",,,,,,
nazatelectronics1,Type-C Data Cable - X63,Piece,1,foneng,electronic-accessori,mobile-accessories,,100,0,,,,,,10,,10080,,,,,active,"<ul>
<li>&bull; Product model: X63<br />&bull; Type: Micro, iPhone, Type-c<br />&bull; Color: White<br />&bull; Length: 1000mm<br />FEATURES:<br />1. Engaged with PVC safety material，Definitely no poison，Soft and<br />comfortable touch feeling<br />2. Steady 2.1A quick charge，safety and high efficiency for mobile<br />and tablet<br />3. Engaged with 100% copper core，great string and transmission<br />function，more steady to charge.<br />4. One model producing technology，no breakage，steady and<br />durable.<br />5. High quality production standard，great price performance.</li>
</ul>",,,,,,