business,name,unit,per_unit_value,brand,category,sub_category,sub_category2,vendor_price,price,is_offer_enable,offer_price,featured_image,short_resolation_image,type,keywords,alert_quantity,slug,sku,delivery_time,status,enable_stock,current_stock,description,shipping_charge,image1,image2,image3,image4,image5,image6
globalvillageinternational,Layerr Shot 135ML Blue Blaze,Piece,1,layerr-shot,health-and-beauty-1,fragrances,,310.25,  365 ,0,,,,,,10,,,10080,active,1,100,,,,,,,,
globalvillageinternational,Layerr Shot 135ML Deep Desire,Piece,1,layerr-shot,health-and-beauty-1,fragrances,,310.25,  365 ,0,,,,,,10,,,10080,active,1,100,,,,,,,,
globalvillageinternational,Layerr Shot 135ML Power Play,Piece,1,layerr-shot,health-and-beauty-1,fragrances,,310.25,  365 ,0,,,,,,10,,,10080,active,1,100,,,,,,,,
globalvillageinternational,Layerr Shot 135ML Red Stallion,Piece,1,layerr-shot,health-and-beauty-1,fragrances,,310.25,  365 ,0,,,,,,10,,,10080,active,1,100,,,,,,,,
globalvillageinternational,Layerr Shot 135ML Royal Jade,Piece,1,layerr-shot,health-and-beauty-1,fragrances,,310.25,  365 ,0,,,,,,10,,,10080,active,1,100,,,,,,,,
globalvillageinternational,Layerr Shot 135ML Smokin Hot,Piece,1,layerr-shot,health-and-beauty-1,fragrances,,310.25,  365 ,0,,,,,,10,,,10080,active,1,100,,,,,,,,
globalvillageinternational,Layerr Shot Gold 135ML Dynamic,Piece,1,layerr-shot,health-and-beauty-1,fragrances,,318.75,  375 ,0,,,,,,10,,,10080,active,1,100,,,,,,,,
globalvillageinternational,Layerr Shot Gold 135ML Iconic,Piece,1,layerr-shot,health-and-beauty-1,fragrances,,318.75,  375 ,0,,,,,,10,,,10080,active,1,100,,,,,,,,
globalvillageinternational,Layerr Shot Gold 135ML Imperial,Piece,1,layerr-shot,health-and-beauty-1,fragrances,,318.75,  375 ,0,,,,,,10,,,10080,active,1,100,,,,,,,,
globalvillageinternational,Layerr Shot Gold 135ML Passion,Piece,1,layerr-shot,health-and-beauty-1,fragrances,,318.75,  375 ,0,,,,,,10,,,10080,active,1,100,,,,,,,,
globalvillageinternational,Layerr Shot Absolute 135ML Craze,Piece,1,layerr-shot,health-and-beauty-1,fragrances,,335.75,  395 ,0,,,,,,10,,,10080,active,1,100,,,,,,,,
globalvillageinternational,Layerr Shot Absolute 135ML Game,Piece,1,layerr-shot,health-and-beauty-1,fragrances,,335.75,  395 ,0,,,,,,10,,,10080,active,1,100,,,,,,,,
globalvillageinternational,Layerr Shot Absolute 135ML Power,Piece,1,layerr-shot,health-and-beauty-1,fragrances,,335.75,  395 ,0,,,,,,10,,,10080,active,1,100,,,,,,,,
globalvillageinternational,Layerr Wottagirl 135ML Amber Kiss,Piece,1,layerr-shot,health-and-beauty-1,fragrances,,310.25,  365 ,0,,,,,,10,,,10080,active,1,100,,,,,,,,
globalvillageinternational,Layerr Wottagirl 135ML Deep Space,Piece,1,layerr-shot,health-and-beauty-1,fragrances,,310.25,  365 ,0,,,,,,10,,,10080,active,1,100,,,,,,,,
globalvillageinternational,Layerr Wottagirl 135ML Fresh Citrus,Piece,1,layerr-shot,health-and-beauty-1,fragrances,,310.25,  365 ,0,,,,,,10,,,10080,active,1,100,,,,,,,,
globalvillageinternational,Layerr Wottagirl 135ML Mystic Island,Piece,1,layerr-shot,health-and-beauty-1,fragrances,,310.25,  365 ,0,,,,,,10,,,10080,active,1,100,,,,,,,,
globalvillageinternational,Layerr Wottagirl 135ML Pink Angel,Piece,1,layerr-shot,health-and-beauty-1,fragrances,,310.25,  365 ,0,,,,,,10,,,10080,active,1,100,,,,,,,,
globalvillageinternational,Layerr Wottagirl 135ML Pure Paradise,Piece,1,layerr-shot,health-and-beauty-1,fragrances,,310.25,  365 ,0,,,,,,10,,,10080,active,1,100,,,,,,,,
globalvillageinternational,Layerr Wottagirl 135ML Secret Crush,Piece,1,layerr-shot,health-and-beauty-1,fragrances,,310.25,  365 ,0,,,,,,10,,,10080,active,1,100,,,,,,,,
globalvillageinternational,Layerr Wottagirl 135ML Spell Bound,Piece,1,layerr-shot,health-and-beauty-1,fragrances,,310.25,  365 ,0,,,,,,10,,,10080,active,1,100,,,,,,,,
globalvillageinternational,Layerr Wottagirl 135ML Vanilla Twist,Piece,1,layerr-shot,health-and-beauty-1,fragrances,,310.25,  365 ,0,,,,,,10,,,10080,active,1,100,,,,,,,,
globalvillageinternational,Clariss Canned Mushroom Whole 425gr,Piece,1,clariss,health-and-beauty-1,fragrances,,127.5,  150 ,0,,,,,,10,,,10080,active,1,100,,,,,,,,
globalvillageinternational,Clariss Canned Sweet Corn 425gr,Piece,1,clariss,health-and-beauty-1,fragrances,,102,  120 ,0,,,,,,10,,,10080,active,1,100,,,,,,,,
globalvillageinternational,Clariss Canned Baby Corn 425gr,Piece,1,clariss,health-and-beauty-1,fragrances,,136,  160 ,0,,,,,,10,,,10080,active,1,100,,,,,,,,
globalvillageinternational,Clariss Canned Red Kidney Beans 425gr,Piece,1,clariss,health-and-beauty-1,fragrances,,127.5,  150 ,0,,,,,,10,,,10080,active,1,100,,,,,,,,
globalvillageinternational,Clariss Whitening Milk Lotion 200ML,Piece,1,clariss,health-and-beauty-1,fragrances,,552.5,  650 ,0,,,,,,10,,,10080,active,1,100,,,,,,,,
globalvillageinternational,Clariss Fragrances Deodorant 100ML Dark Desire,Piece,1,clariss,health-and-beauty-1,fragrances,,297.5,  350 ,0,,,,,,10,,,10080,active,1,100,,,,,,,,
globalvillageinternational,Clariss Fragrances Deodorant 100ML Rave Culture,Piece,1,clariss,health-and-beauty-1,fragrances,,297.5,  350 ,0,,,,,,10,,,10080,active,1,100,,,,,,,,
globalvillageinternational,Clariss Fragrances Deodorant 100ML Ventura,Piece,1,clariss,health-and-beauty-1,fragrances,,297.5,  350 ,0,,,,,,10,,,10080,active,1,100,,,,,,,,
globalvillageinternational,Clariss Fragrances Deodorant 100ML Wild Forest,Piece,1,clariss,health-and-beauty-1,fragrances,,297.5,  350 ,0,,,,,,10,,,10080,active,1,100,,,,,,,,
globalvillageinternational,Clariss Fragrances Deodorant (W) 100ML Infinite Girl,Piece,1,clariss,health-and-beauty-1,fragrances,,318.75,  375 ,0,,,,,,10,,,10080,active,1,100,,,,,,,,
globalvillageinternational,Clariss Fragrances Deodorant (W) 100ML Lady Secret,Piece,1,clariss,health-and-beauty-1,fragrances,,318.75,  375 ,0,,,,,,10,,,10080,active,1,100,,,,,,,,
globalvillageinternational,Clariss Fragrances Deodorant (W) 100ML Pink Love,Piece,1,clariss,health-and-beauty-1,fragrances,,318.75,  375 ,0,,,,,,10,,,10080,active,1,100,,,,,,,,
globalvillageinternational,Clariss Fragrances Deodorant (W) 100ML Romantic,Piece,1,clariss,health-and-beauty-1,fragrances,,318.75,  375 ,0,,,,,,10,,,10080,active,1,100,,,,,,,,
globalvillageinternational,Clariss No Gas Deodorant 120ML Fame,Piece,1,clariss,health-and-beauty-1,fragrances,,250.75,  295 ,0,,,,,,10,,,10080,active,1,100,,,,,,,,
globalvillageinternational,Clariss No Gas Deodorant 120ML Honor,Piece,1,clariss,health-and-beauty-1,fragrances,,250.75,  295 ,0,,,,,,10,,,10080,active,1,100,,,,,,,,
globalvillageinternational,Clariss No Gas Deodorant 120ML Note,Piece,1,clariss,health-and-beauty-1,fragrances,,250.75,  295 ,0,,,,,,10,,,10080,active,1,100,,,,,,,,
globalvillageinternational,Clariss No Gas Deodorant 120ML Repute,Piece,1,clariss,health-and-beauty-1,fragrances,,250.75,  295 ,0,,,,,,10,,,10080,active,1,100,,,,,,,,
globalvillageinternational,Clariss Face Wash 100ML Lemon [Oil Control],Piece,1,clariss,health-and-beauty-1,skin-care,,225.25,  265 ,0,,,,,,10,,,10080,active,1,100,,,,,,,,
globalvillageinternational,Clariss Face Wash 100ML Milk [All Skin Types],Piece,1,clariss,health-and-beauty-1,skin-care,,225.25,  265 ,0,,,,,,10,,,10080,active,1,100,,,,,,,,
globalvillageinternational,Clariss Face Wash 100ML Neem [Pimple Defense],Piece,1,clariss,health-and-beauty-1,skin-care,,225.25,  265 ,0,,,,,,10,,,10080,active,1,100,,,,,,,,
globalvillageinternational,Clariss Face Wash 100ML Papaya [Blemish Reduction],Piece,1,clariss,health-and-beauty-1,skin-care,,225.25,  265 ,0,,,,,,10,,,10080,active,1,100,,,,,,,,
globalvillageinternational,Clariss Face Wash 100ML Tea Tree [Acne Care],Piece,1,clariss,health-and-beauty-1,skin-care,,225.25,  265 ,0,,,,,,10,,,10080,active,1,100,,,,,,,,
globalvillageinternational,Clariss Men Face Wash 100ML Bamboo Charcoal,Piece,1,clariss,health-and-beauty-1,skin-care,,250.75,  295 ,0,,,,,,10,,,10080,active,1,100,,,,,,,,
globalvillageinternational,Clariss Men Face Wash 100ML Intense Whitening,Piece,1,clariss,health-and-beauty-1,skin-care,,250.75,  295 ,0,,,,,,10,,,10080,active,1,100,,,,,,,,
globalvillageinternational,Clariss Organic Face Wash 100ML Aloe Vera,Piece,1,clariss,health-and-beauty-1,skin-care,,250.75,  295 ,0,,,,,,10,,,10080,active,1,100,,,,,,,,
globalvillageinternational,Clariss Organic Face Wash 100ML Dead Sea Mineral,Piece,1,clariss,health-and-beauty-1,skin-care,,250.75,  295 ,0,,,,,,10,,,10080,active,1,100,,,,,,,,
globalvillageinternational,Clariss Organic Face Wash 100ML Moroccan Argan Oil,Piece,1,clariss,health-and-beauty-1,skin-care,,250.75,  295 ,0,,,,,,10,,,10080,active,1,100,,,,,,,,
globalvillageinternational,Clariss Organic Face Wash 100ML Rose Otto,Piece,1,clariss,health-and-beauty-1,skin-care,,250.75,  295 ,0,,,,,,10,,,10080,active,1,100,,,,,,,,
globalvillageinternational,Clariss Baby Daily Shampoo 200ML,Piece,1,clariss,babies-&-toys,mother-and-baby,,250.75,  295 ,0,,,,,,10,,,10080,active,1,100,,,,,,,,
globalvillageinternational,Clariss Baby Daily Bath 200ML,Piece,1,clariss,babies-&-toys,mother-and-baby,,403.75,  475 ,0,,,,,,10,,,10080,active,1,100,,,,,,,,
globalvillageinternational,Clariss Baby Daily Lotion 200ML,Piece,1,clariss,babies-&-toys,mother-and-baby,,331.5,  390 ,0,,,,,,10,,,10080,active,1,100,,,,,,,,
globalvillageinternational,Clariss Baby Daily Powder 200g,Piece,1,clariss,babies-&-toys,mother-and-baby,,531.25,  625 ,0,,,,,,10,,,10080,active,1,100,,,,,,,,
globalvillageinternational,Clariss Hand Sanitizer 100ML,Piece,1,clariss,health-and-beauty-1,sanitizer,,416.5,  490 ,0,,,,,,10,,,10080,active,1,100,,,,,,,,
globalvillageinternational,Clariss Hand Sanitizer 50ML,Piece,1,clariss,health-and-beauty-1,sanitizer,,127.5,  150 ,0,,,,,,10,,,10080,active,1,100,,,,,,,,
globalvillageinternational,Clariss Black Seed Oil 100ML Pet Bottle,Piece,1,clariss,babies-&-toys,mother-and-baby,,68,  80 ,0,,,,,,10,,,10080,active,1,100,,,,,,,,
globalvillageinternational,Clariss Almond Oil 70ML Glass Bottle,Piece,1,clariss,health-and-beauty-1,hair-care,,425,  500 ,0,,,,,,10,,,10080,active,1,100,,,,,,,,
globalvillageinternational,Clariss Almond Oil 100ML Pet Bottle,Piece,1,clariss,health-and-beauty-1,hair-care,,144.5,  170 ,0,,,,,,10,,,10080,active,1,100,,,,,,,,
globalvillageinternational,Clariss Castor Oil 70ML Glass Bottle,Piece,1,clariss,health-and-beauty-1,hair-care,,178.5,  210 ,0,,,,,,10,,,10080,active,1,100,,,,,,,,
globalvillageinternational,Clariss Castor Oil 100ML Pet Bottle,Piece,1,clariss,health-and-beauty-1,hair-care,,144.5,  170 ,0,,,,,,10,,,10080,active,1,100,,,,,,,,
globalvillageinternational,Clariss Olive Oil Pomace 100ML Pet Bottle,Piece,1,clariss,health-and-beauty-1,skin-care,,178.5,  210 ,0,,,,,,10,,,10080,active,1,100,,,,,,,,
globalvillageinternational,Clariss Olive Oil Pomace 100ML Glass Bottle,Piece,1,clariss,health-and-beauty-1,skin-care,,178.5,  210 ,0,,,,,,10,,,10080,active,1,100,,,,,,,,
globalvillageinternational,Clariss Olive Oil Pomace 135ML Tin,Piece,1,clariss,health-and-beauty-1,skin-care,,178.5,  210 ,0,,,,,,10,,,10080,active,1,100,,,,,,,,
globalvillageinternational,Clariss Olive Oil Pomace 175ML Pet Bottle,Piece,1,clariss,health-and-beauty-1,skin-care,,246.5,  290 ,0,,,,,,10,,,10080,active,1,100,,,,,,,,
globalvillageinternational,Clariss Olive Oil Pomace 250ML Glass Bottle,Piece,1,clariss,health-and-beauty-1,skin-care,,272,  320 ,0,,,,,,10,,,10080,active,1,100,,,,,,,,
globalvillageinternational,Clariss Olive Oil Pomace 500ML Pet Bottle,Piece,1,clariss,health-and-beauty-1,skin-care,,340,  400 ,0,,,,,,10,,,10080,active,1,100,,,,,,,,
globalvillageinternational,Clariss Olive Oil Pomace 500ML Glass Bottle,Piece,1,clariss,health-and-beauty-1,skin-care,,505.75,  595 ,0,,,,,,10,,,10080,active,1,100,,,,,,,,
globalvillageinternational,Clariss Olive Oil Pomace 1 Litre Pet Bottle,Piece,1,clariss,health-and-beauty-1,skin-care,,552.5,  650 ,0,,,,,,10,,,10080,active,1,100,,,,,,,,
globalvillageinternational,Clariss Olive Oil Pomace 1 Litre Glass Bottle,Piece,1,clariss,health-and-beauty-1,skin-care,,926.5,  1090 ,0,,,,,,10,,,10080,active,1,100,,,,,,,,
globalvillageinternational,Clariss Olive Oil Pomace 100ML Pet Bottle,Piece,1,clariss,health-and-beauty-1,skin-care,,1020,  1200 ,0,,,,,,10,,,10080,active,1,100,,,,,,,,
globalvillageinternational,Clariss Olive Oil Pomace 100ML Glass Bottle,Piece,1,clariss,health-and-beauty-1,skin-care,,637.5,  750 ,0,,,,,,10,,,10080,active,1,100,,,,,,,,
globalvillageinternational,Clariss Olive Oil Pomace 135ML Tin,Piece,1,clariss,health-and-beauty-1,skin-care,,1266.5,  1490 ,0,,,,,,10,,,10080,active,1,100,,,,,,,,
globalvillageinternational,Clariss Olive Oil Pomace 175ML Pet Bottle,Piece,1,clariss,health-and-beauty-1,skin-care,,1249.5,  1470 ,0,,,,,,10,,,10080,active,1,100,,,,,,,,
globalvillageinternational,Clariss Olive Oil Pomace 250ML Glass Bottle,Piece,1,clariss,health-and-beauty-1,skin-care,,4921.5,  5790 ,0,,,,,,10,,,10080,active,1,100,,,,,,,,
globalvillageinternational,Clariss Olive Oil Pomace 500ML Pet Bottle,Piece,1,clariss,health-and-beauty-1,skin-care,,169.15,  199 ,0,,,,,,10,,,10080,active,1,100,,,,,,,,
globalvillageinternational,Clariss Olive Oil Pomace 500ML Glass Bottle,Piece,1,clariss,health-and-beauty-1,skin-care,,323,  380 ,0,,,,,,10,,,10080,active,1,100,,,,,,,,
globalvillageinternational,Clariss Olive Oil Pomace 1 Litre Pet Bottle,Piece,1,clariss,health-and-beauty-1,skin-care,,501.5,  590 ,0,,,,,,10,,,10080,active,1,100,,,,,,,,
globalvillageinternational,Clariss Olive Oil Pomace 1 Litre Glass Bottle,Piece,1,clariss,health-and-beauty-1,skin-care,,586.5,  690 ,0,,,,,,10,,,10080,active,1,100,,,,,,,,
globalvillageinternational,Clariss Natural Honey 750gm Octagonal Glass Bottle,Piece,1,clariss,groceries,breakfast,,841.5,  990 ,0,,,,,,10,,,10080,active,1,100,,,,,,,,
globalvillageinternational,Clariss Natural Honey 1kg Clip Jar Glass Bottle,Piece,1,clariss,groceries,breakfast,,1241,  1460 ,0,,,,,,10,,,10080,active,1,100,,,,,,,,
globalvillageinternational,Clariss Natural Honey 1kg Square Glass Jar,Piece,1,clariss,groceries,breakfast,,1088,  1280 ,0,,,,,,10,,,10080,active,1,100,,,,,,,,
globalvillageinternational,Clariss Acacia Honey 500gm Octagonal Glass Bottle,Piece,1,clariss,groceries,breakfast,,807.5,  950 ,0,,,,,,10,,,10080,active,1,100,,,,,,,,
globalvillageinternational,Clariss Black Forest Honey 500gm Octagonal Glass Bottle,Piece,1,clariss,groceries,breakfast,,807.5,  950 ,0,,,,,,10,,,10080,active,1,100,,,,,,,,
globalvillageinternational,The Man Club Bs 175ML  D.J.,Piece,1,the-man-club,groceries,breakfast,,297.5,  350 ,0,,,,,,10,,,10080,active,1,100,,,,,,,,
globalvillageinternational,The Man Club Bs 175ML  Flight O,Piece,1,the-man-club,health-and-beauty-1,fragrances,,297.5,  350 ,0,,,,,,10,,,10080,active,1,100,,,,,,,,
globalvillageinternational,The Man Club Bs 175ML  F.Scotts,Piece,1,the-man-club,health-and-beauty-1,fragrances,,297.5,  350 ,0,,,,,,10,,,10080,active,1,100,,,,,,,,
globalvillageinternational,The Man Club Bs 175ML  JLaws,Piece,1,the-man-club,health-and-beauty-1,fragrances,,297.5,  350 ,0,,,,,,10,,,10080,active,1,100,,,,,,,,
globalvillageinternational,The Man Club Brightening Cream 50ML,Piece,1,the-man-club,health-and-beauty-1,fragrances,,212.5,  250 ,0,,,,,,10,,,10080,active,1,100,,,,,,,,
globalvillageinternational,The Man Club Face & Beard Wash 100ML,Piece,1,the-man-club,health-and-beauty-1,fragrances,,250.75,  295 ,0,,,,,,10,,,10080,active,1,100,,,,,,,,
globalvillageinternational,RS Whole Black Olives 370ML Glass Jar,Piece,1,rs,groceries,,,157.25,  185 ,0,,,,,,10,,,10080,active,1,100,,,,,,,,
globalvillageinternational,RS Pitted Black Olives 370ML Glass Jar,Piece,1,rs,groceries,,,157.25,  185 ,0,,,,,,10,,,10080,active,1,100,,,,,,,,
globalvillageinternational,RS Whole Green Olives 370ML Glass Jar,Piece,1,rs,groceries,,,157.25,  185 ,0,,,,,,10,,,10080,active,1,100,,,,,,,,
globalvillageinternational,RS Pitted Green Olives 370ML Glass Jar,Piece,1,rs,groceries,,,157.25,  185 ,0,,,,,,10,,,10080,active,1,100,,,,,,,,
globalvillageinternational,RS Sliced Black Olives 467ML Glass Jar,Piece,1,rs,groceries,,,212.5,  250 ,0,,,,,,10,,,10080,active,1,100,,,,,,,,
globalvillageinternational,She Bs 150ML Angel,Piece,1,she,health-and-beauty-1,,,250.75,  295 ,0,,,,,,10,,,10080,active,1,100,,,,,,,,
globalvillageinternational,She Bs 150ML Clubber,Piece,1,she,health-and-beauty-1,,,250.75,  295 ,0,,,,,,10,,,10080,active,1,100,,,,,,,,
globalvillageinternational,She Bs 150ML Cool,Piece,1,she,health-and-beauty-1,,,250.75,  295 ,0,,,,,,10,,,10080,active,1,100,,,,,,,,
globalvillageinternational,She Bs 150ML Fun,Piece,1,she,health-and-beauty-1,,,250.75,  295 ,0,,,,,,10,,,10080,active,1,100,,,,,,,,
globalvillageinternational,She Bs 150ML Love,Piece,1,she,health-and-beauty-1,,,250.75,  295 ,0,,,,,,10,,,10080,active,1,100,,,,,,,,
globalvillageinternational,She Bs 150ML Sexy,Piece,1,she,health-and-beauty-1,,,250.75,  295 ,0,,,,,,10,,,10080,active,1,100,,,,,,,,
globalvillageinternational,Colour Me Bs 150ML Black (M),Piece,1,Colour Me,health-and-beauty-1,,,335.75,  395 ,0,,,,,,10,,,10080,active,1,100,,,,,,,,
globalvillageinternational,Colour Me Bs 150ML Blue (M),Piece,1,Colour Me,health-and-beauty-1,,,335.75,  395 ,0,,,,,,10,,,10080,active,1,100,,,,,,,,
globalvillageinternational,Colour Me Bs 150ML Diamond (W),Piece,1,Colour Me,health-and-beauty-1,,,335.75,  395 ,0,,,,,,10,,,10080,active,1,100,,,,,,,,
globalvillageinternational,Colour Me Bs 150ML Flowers (W),Piece,1,Colour Me,health-and-beauty-1,,,335.75,  395 ,0,,,,,,10,,,10080,active,1,100,,,,,,,,
globalvillageinternational,Colour Me Bs 150ML Gold (M),Piece,1,Colour Me,health-and-beauty-1,,,335.75,  395 ,0,,,,,,10,,,10080,active,1,100,,,,,,,,
globalvillageinternational,Colour Me Bs 150ML Gold (W),Piece,1,Colour Me,health-and-beauty-1,,,335.75,  395 ,0,,,,,,10,,,10080,active,1,100,,,,,,,,
globalvillageinternational,Colour Me Bs 150ML Green (M),Piece,1,Colour Me,health-and-beauty-1,,,335.75,  395 ,0,,,,,,10,,,10080,active,1,100,,,,,,,,
globalvillageinternational,Colour Me Bs 150ML Midnight Blue (W),Piece,1,Colour Me,health-and-beauty-1,,,335.75,  395 ,0,,,,,,10,,,10080,active,1,100,,,,,,,,
globalvillageinternational,Colour Me Bs 150ML Musk (M),Piece,1,Colour Me,health-and-beauty-1,,,335.75,  395 ,0,,,,,,10,,,10080,active,1,100,,,,,,,,
globalvillageinternational,Colour Me Bs 150ML Neon Pink (W),Piece,1,Colour Me,health-and-beauty-1,,,335.75,  395 ,0,,,,,,10,,,10080,active,1,100,,,,,,,,
globalvillageinternational,Colour Me Bs 150ML Oud (M),Piece,1,Colour Me,health-and-beauty-1,,,335.75,  395 ,0,,,,,,10,,,10080,active,1,100,,,,,,,,
globalvillageinternational,Colour Me Bs 150ML Pearl (W),Piece,1,Colour Me,health-and-beauty-1,,,335.75,  395 ,0,,,,,,10,,,10080,active,1,100,,,,,,,,
globalvillageinternational,Colour Me Bs 150ML Pink (W),Piece,1,Colour Me,health-and-beauty-1,,,335.75,  395 ,0,,,,,,10,,,10080,active,1,100,,,,,,,,
globalvillageinternational,Colour Me Bs 150ML Purple (W),Piece,1,Colour Me,health-and-beauty-1,,,335.75,  395 ,0,,,,,,10,,,10080,active,1,100,,,,,,,,
globalvillageinternational,Colour Me Bs 150ML Red (W),Piece,1,Colour Me,health-and-beauty-1,,,335.75,  395 ,0,,,,,,10,,,10080,active,1,100,,,,,,,,
globalvillageinternational,Colour Me Bs 150ML Silver (M),Piece,1,Colour Me,health-and-beauty-1,,,335.75,  395 ,0,,,,,,10,,,10080,active,1,100,,,,,,,,
globalvillageinternational,Colour Me Bs 150ML Silver Sport (M),Piece,1,Colour Me,health-and-beauty-1,,,335.75,  395 ,0,,,,,,10,,,10080,active,1,100,,,,,,,,
globalvillageinternational,Colour Me Bs 150ML Sky Blue (W),Piece,1,Colour Me,health-and-beauty-1,,,335.75,  395 ,0,,,,,,10,,,10080,active,1,100,,,,,,,,
globalvillageinternational,Colour Me Bs 150ML Violet (W),Piece,1,Colour Me,health-and-beauty-1,,,335.75,  395 ,0,,,,,,10,,,10080,active,1,100,,,,,,,,
globalvillageinternational,Colour Me Bs 150ML Volt (M),Piece,1,Colour Me,health-and-beauty-1,,,335.75,  395 ,0,,,,,,10,,,10080,active,1,100,,,,,,,,
globalvillageinternational,Colour Me Bs 150ML White (M),Piece,1,Colour Me,health-and-beauty-1,,,335.75,  395 ,0,,,,,,10,,,10080,active,1,100,,,,,,,,
globalvillageinternational,Colour Me Perfume 50ML Black (M),Piece,1,Colour Me,health-and-beauty-1,,,590.75,  695 ,0,,,,,,10,,,10080,active,1,100,,,,,,,,
globalvillageinternational,Colour Me Perfume 50ML Blue (M),Piece,1,Colour Me,health-and-beauty-1,,,590.75,  695 ,0,,,,,,10,,,10080,active,1,100,,,,,,,,
globalvillageinternational,Colour Me Perfume 50ML Gold (M),Piece,1,Colour Me,health-and-beauty-1,,,590.75,  695 ,0,,,,,,10,,,10080,active,1,100,,,,,,,,
globalvillageinternational,Colour Me Perfume 50ML Gold (W),Piece,1,Colour Me,health-and-beauty-1,,,590.75,  695 ,0,,,,,,10,,,10080,active,1,100,,,,,,,,
globalvillageinternational,Colour Me Perfume 50ML Green (M),Piece,1,Colour Me,health-and-beauty-1,,,590.75,  695 ,0,,,,,,10,,,10080,active,1,100,,,,,,,,
globalvillageinternational,Colour Me Perfume 50ML Midnight Blue (W),Piece,1,Colour Me,health-and-beauty-1,,,590.75,  695 ,0,,,,,,10,,,10080,active,1,100,,,,,,,,
globalvillageinternational,Colour Me Perfume 50ML Neon Pink (W),Piece,1,Colour Me,health-and-beauty-1,,,590.75,  695 ,0,,,,,,10,,,10080,active,1,100,,,,,,,,
globalvillageinternational,Colour Me Perfume 50ML Pearl (W),Piece,1,Colour Me,health-and-beauty-1,,,590.75,  695 ,0,,,,,,10,,,10080,active,1,100,,,,,,,,
globalvillageinternational,Colour Me Perfume 50ML Pink (W),Piece,1,Colour Me,health-and-beauty-1,,,590.75,  695 ,0,,,,,,10,,,10080,active,1,100,,,,,,,,
globalvillageinternational,Colour Me Perfume 50ML Purple (W),Piece,1,Colour Me,health-and-beauty-1,,,590.75,  695 ,0,,,,,,10,,,10080,active,1,100,,,,,,,,
globalvillageinternational,Colour Me Perfume 50ML Red (W),Piece,1,Colour Me,health-and-beauty-1,,,590.75,  695 ,0,,,,,,10,,,10080,active,1,100,,,,,,,,
globalvillageinternational,Colour Me Perfume 50ML Silver Sport (M),Piece,1,Colour Me,health-and-beauty-1,,,590.75,  695 ,0,,,,,,10,,,10080,active,1,100,,,,,,,,
globalvillageinternational,Colour Me Perfume 50ML Sky Blue (W),Piece,1,Colour Me,health-and-beauty-1,,,590.75,  695 ,0,,,,,,10,,,10080,active,1,100,,,,,,,,
globalvillageinternational,Colour Me Perfume 50ML Violet (W),Piece,1,Colour Me,health-and-beauty-1,,,590.75,  695 ,0,,,,,,10,,,10080,active,1,100,,,,,,,,
globalvillageinternational,Colour Me Perfume 50ML Volt (M),Piece,1,Colour Me,health-and-beauty-1,,,590.75,  695 ,0,,,,,,10,,,10080,active,1,100,,,,,,,,
globalvillageinternational,Colour Me Perfume 50ML White (M),Piece,1,Colour Me,health-and-beauty-1,,,590.75,  695 ,0,,,,,,10,,,10080,active,1,100,,,,,,,,
globalvillageinternational,Colour Me Perfume 90ML Black (M),Piece,1,Colour Me,health-and-beauty-1,,,1168.75,  1375 ,0,,,,,,10,,,10080,active,1,100,,,,,,,,
globalvillageinternational,Colour Me Perfume 90ML Gold (M),Piece,1,Colour Me,health-and-beauty-1,,,1168.75,  1375 ,0,,,,,,10,,,10080,active,1,100,,,,,,,,
globalvillageinternational,Colour Me Perfume 90ML Volt (M),Piece,1,Colour Me,health-and-beauty-1,,,1168.75,  1375 ,0,,,,,,10,,,10080,active,1,100,,,,,,,,
globalvillageinternational,Colour Me Perfume 90ML White (M),Piece,1,Colour Me,health-and-beauty-1,,,1168.75,  1375 ,0,,,,,,10,,,10080,active,1,100,,,,,,,,
globalvillageinternational,Colour Me Perfume 100ML Gold (W),Piece,1,Colour Me,health-and-beauty-1,,,1168.75,  1375 ,0,,,,,,10,,,10080,active,1,100,,,,,,,,
globalvillageinternational,Colour Me Perfume 100ML Midnight Blue (W),Piece,1,Colour Me,health-and-beauty-1,,,1168.75,  1375 ,0,,,,,,10,,,10080,active,1,100,,,,,,,,
globalvillageinternational,Colour Me Perfume 100ML Neon Pink (W),Piece,1,Colour Me,health-and-beauty-1,,,1168.75,  1375 ,0,,,,,,10,,,10080,active,1,100,,,,,,,,
globalvillageinternational,Colour Me Perfume 100ML Pink (W),Piece,1,Colour Me,health-and-beauty-1,,,1168.75,  1375 ,0,,,,,,10,,,10080,active,1,100,,,,,,,,
globalvillageinternational,Colour Me Perfume 100ML Purple (W),Piece,1,Colour Me,health-and-beauty-1,,,1168.75,  1375 ,0,,,,,,10,,,10080,active,1,100,,,,,,,,
globalvillageinternational,Colour Me Perfume 100ML Red (W),Piece,1,Colour Me,health-and-beauty-1,,,1168.75,  1375 ,0,,,,,,10,,,10080,active,1,100,,,,,,,,
globalvillageinternational,Colour Me Perfume 100ML Sky Blue (W),Piece,1,Colour Me,health-and-beauty-1,,,1168.75,  1375 ,0,,,,,,10,,,10080,active,1,100,,,,,,,,
globalvillageinternational,Colour Me Gift Set Gold (M),Piece,1,Colour Me,health-and-beauty-1,,,1190,  1400 ,0,,,,,,10,,,10080,active,1,100,,,,,,,,
globalvillageinternational,Colour Me Gift Set Gold (W),Piece,1,Colour Me,health-and-beauty-1,,,1190,  1400 ,0,,,,,,10,,,10080,active,1,100,,,,,,,,
globalvillageinternational,Colour Me Gift Set Green (M),Piece,1,Colour Me,health-and-beauty-1,,,1190,  1400 ,0,,,,,,10,,,10080,active,1,100,,,,,,,,
globalvillageinternational,Colour Me Gift Set Pink (W),Piece,1,Colour Me,health-and-beauty-1,,,1190,  1400 ,0,,,,,,10,,,10080,active,1,100,,,,,,,,
globalvillageinternational,Colour Me Gift Set Purple (W),Piece,1,Colour Me,health-and-beauty-1,,,1190,  1400 ,0,,,,,,10,,,10080,active,1,100,,,,,,,,
globalvillageinternational,Colour Me Gift Set Red (W),Piece,1,Colour Me,health-and-beauty-1,,,1190,  1400 ,0,,,,,,10,,,10080,active,1,100,,,,,,,,
globalvillageinternational,Colour Me Gift Set Sky Blue (W),Piece,1,Colour Me,health-and-beauty-1,,,1190,  1400 ,0,,,,,,10,,,10080,active,1,100,,,,,,,,
globalvillageinternational,RS Apple Cider Vinegar WTM 500ML Glass Bottle,Piece,1,rs,health-and-beauty-1,,,463.25,  545 ,0,,,,,,10,,,10080,active,1,100,,,,,,,,
globalvillageinternational,RS Olive Oil Extra Virgin 200ML Tin,Piece,1,rs,health-and-beauty-1,,,331.5,  390 ,0,,,,,,10,,,10080,active,1,100,,,,,,,,
globalvillageinternational,RS Olive Oil Extra Virgin 400ML Tin,Piece,1,rs,health-and-beauty-1,,,569.5,  670 ,0,,,,,,10,,,10080,active,1,100,,,,,,,,
globalvillageinternational,RS Olive Oil Extra Virgin 1 Litre Tin,Piece,1,rs,health-and-beauty-1,,,1249.5,  1470 ,0,,,,,,10,,,10080,active,1,100,,,,,,,,
globalvillageinternational,RS Olive Oil Extra Virgin 3 Litres Tin,Piece,1,rs,health-and-beauty-1,,,3306.5,  3890 ,0,,,,,,10,,,10080,active,1,100,,,,,,,,
globalvillageinternational,RS Olive Oil Extra Virgin 5 Litres Tin,Piece,1,rs,health-and-beauty-1,,,4921.5,  5790 ,0,,,,,,10,,,10080,active,1,100,,,,,,,,
globalvillageinternational,RS Olive Oil Extra Virgin 90ML Glass Jar,Piece,1,rs,health-and-beauty-1,,,187,  220 ,0,,,,,,10,,,10080,active,1,100,,,,,,,,
globalvillageinternational,RS Olive Oil Extra Virgin 250ML Glass Jar,Piece,1,rs,health-and-beauty-1,,,382.5,  450 ,0,,,,,,10,,,10080,active,1,100,,,,,,,,
globalvillageinternational,RS Olive Oil Extra Virgin 500ML Glass Jar,Piece,1,rs,health-and-beauty-1,,,705.5,  830 ,0,,,,,,10,,,10080,active,1,100,,,,,,,,
globalvillageinternational,RS Olive Oil Extra Virgin 500ML Glass Bottle Temptation,Piece,1,rs,health-and-beauty-1,,,833,  980 ,0,,,,,,10,,,10080,active,1,100,,,,,,,,
globalvillageinternational,RS Olive Oil Extra Virgin 1 Litre Glass Bottle,Piece,1,rs,health-and-beauty-1,,,1147.5,  1350 ,0,,,,,,10,,,10080,active,1,100,,,,,,,,
globalvillageinternational,RS Olive Oil Pomace 135ML Tin,Piece,1,rs,health-and-beauty-1,,,246.5,  290 ,0,,,,,,10,,,10080,active,1,100,,,,,,,,
globalvillageinternational,RS Olive Oil Pomace 4 Litres Tin,Piece,1,rs,health-and-beauty-1,,,3017.5,  3550 ,0,,,,,,10,,,10080,active,1,100,,,,,,,,
globalvillageinternational,RS Olive Oil Pomace 90ML Glass Jar,Piece,1,rs,health-and-beauty-1,,,165.75,  195 ,0,,,,,,10,,,10080,active,1,100,,,,,,,,
globalvillageinternational,RS Olive Oil Pomace 100ML Pet Bottle,Piece,1,rs,health-and-beauty-1,,,178.5,  210 ,0,,,,,,10,,,10080,active,1,100,,,,,,,,
globalvillageinternational,RS Olive Oil Pomace 175ML Pet Bottle,Piece,1,rs,health-and-beauty-1,,,272,  320 ,0,,,,,,10,,,10080,active,1,100,,,,,,,,
globalvillageinternational,RS Olive Oil Pomace 500ML Pet Bottle,Piece,1,rs,health-and-beauty-1,,,505.75,  595 ,0,,,,,,10,,,10080,active,1,100,,,,,,,,
globalvillageinternational,Rs Olive Oil Pomace 1 Litre Pet Bottle,Piece,1,rs,health-and-beauty-1,,,926.5,  1090 ,0,,,,,,10,,,10080,active,1,100,,,,,,,,
globalvillageinternational,RS Olive Oil Pomace 250ML Glass Bottle,Piece,1,rs,health-and-beauty-1,,,416.5,  490 ,0,,,,,,10,,,10080,active,1,100,,,,,,,,
globalvillageinternational,RS Olive Oil Pomace 500ML Glass Bottle,Piece,1,rs,health-and-beauty-1,,,807.5,  950 ,0,,,,,,10,,,10080,active,1,100,,,,,,,,
globalvillageinternational,RS Olive Oil Pomace 500ML Glass Bottle,Piece,1,rs,health-and-beauty-1,,,1020,  1200 ,0,,,,,,10,,,10080,active,1,100,,,,,,,,
globalvillageinternational,Armaf Bs 200ML Blue Homme (M),Piece,1,armaf,health-and-beauty-1,,,335.75,  395 ,0,,,,,,10,,,10080,active,1,100,,,,,,,,
globalvillageinternational,Armaf Bs 200ML Club De Nuit Intense (M),Piece,1,armaf,health-and-beauty-1,,,335.75,  395 ,0,,,,,,10,,,10080,active,1,100,,,,,,,,
globalvillageinternational,Armaf Bs 200ML Club De Nuit Intense (W),Piece,1,armaf,health-and-beauty-1,,,335.75,  395 ,0,,,,,,10,,,10080,active,1,100,,,,,,,,
globalvillageinternational,Armaf Bs 200ML Club De Nuit (M),Piece,1,armaf,health-and-beauty-1,,,335.75,  395 ,0,,,,,,10,,,10080,active,1,100,,,,,,,,
globalvillageinternational,Armaf Bs 200ML Club De Nuit (W),Piece,1,armaf,health-and-beauty-1,,,335.75,  395 ,0,,,,,,10,,,10080,active,1,100,,,,,,,,
globalvillageinternational,Armaf Bs 200ML Derby Club House (M),Piece,1,armaf,health-and-beauty-1,,,335.75,  395 ,0,,,,,,10,,,10080,active,1,100,,,,,,,,
globalvillageinternational,Armaf Bs 200ML High Street (W),Piece,1,armaf,health-and-beauty-1,,,335.75,  395 ,0,,,,,,10,,,10080,active,1,100,,,,,,,,
globalvillageinternational,Armaf Bs 200ML Hunter Intense (M),Piece,1,armaf,health-and-beauty-1,,,335.75,  395 ,0,,,,,,10,,,10080,active,1,100,,,,,,,,
globalvillageinternational,Armaf Bs 200ML Hunter (M),Piece,1,armaf,health-and-beauty-1,,,335.75,  395 ,0,,,,,,10,,,10080,active,1,100,,,,,,,,
globalvillageinternational,Armaf Bs 200ML Hunter (W),Piece,1,armaf,health-and-beauty-1,,,335.75,  395 ,0,,,,,,10,,,10080,active,1,100,,,,,,,,
globalvillageinternational,Armaf Bs 200ML Opus (M),Piece,1,armaf,health-and-beauty-1,,,335.75,  395 ,0,,,,,,10,,,10080,active,1,100,,,,,,,,
globalvillageinternational,Armaf Bs 200ML Opus (W),Piece,1,armaf,health-and-beauty-1,,,335.75,  395 ,0,,,,,,10,,,10080,active,1,100,,,,,,,,
globalvillageinternational,Armaf Bs 200ML Shades (M),Piece,1,armaf,health-and-beauty-1,,,335.75,  395 ,0,,,,,,10,,,10080,active,1,100,,,,,,,,
globalvillageinternational,Armaf Bs 200ML Signature Night (M),Piece,1,armaf,health-and-beauty-1,,,335.75,  395 ,0,,,,,,10,,,10080,active,1,100,,,,,,,,
globalvillageinternational,Armaf Bs 200ML Signature True (W),Piece,1,armaf,health-and-beauty-1,,,335.75,  395 ,0,,,,,,10,,,10080,active,1,100,,,,,,,,
globalvillageinternational,Armaf Bs 200ML Tag Her (W),Piece,1,armaf,health-and-beauty-1,,,335.75,  395 ,0,,,,,,10,,,10080,active,1,100,,,,,,,,
globalvillageinternational,Armaf Bs 200ML Tag Him (M),Piece,1,armaf,health-and-beauty-1,,,335.75,  395 ,0,,,,,,10,,,10080,active,1,100,,,,,,,,
globalvillageinternational,Armaf Bs 200ML The Warrior (M),Piece,1,armaf,health-and-beauty-1,,,335.75,  395 ,0,,,,,,10,,,10080,active,1,100,,,,,,,,
globalvillageinternational,Armaf Exclusive Perfume 100ML Blue Homme (M),Piece,1,armaf,health-and-beauty-1,,,1870,  2200 ,0,,,,,,10,,,10080,active,1,100,,,,,,,,
globalvillageinternational,Armaf Exclusive Perfume 100ML Extreme Warrior (M),Piece,1,armaf,health-and-beauty-1,,,1870,  2200 ,0,,,,,,10,,,10080,active,1,100,,,,,,,,
globalvillageinternational,Armaf Exclusive Perfume 100ML Hunter (M),Piece,1,armaf,health-and-beauty-1,,,1870,  2200 ,0,,,,,,10,,,10080,active,1,100,,,,,,,,
globalvillageinternational,Armaf Exclusive Perfume 100ML Hunter (W),Piece,1,armaf,health-and-beauty-1,,,1870,  2200 ,0,,,,,,10,,,10080,active,1,100,,,,,,,,
globalvillageinternational,Armaf Exclusive Perfume 100ML Intense (M),Piece,1,armaf,health-and-beauty-1,,,1870,  2200 ,0,,,,,,10,,,10080,active,1,100,,,,,,,,
globalvillageinternational,Armaf Exclusive Perfume 100ML Legasi (W),Piece,1,armaf,health-and-beauty-1,,,1870,  2200 ,0,,,,,,10,,,10080,active,1,100,,,,,,,,
globalvillageinternational,Armaf Exclusive Perfume 100ML Opus (M),Piece,1,armaf,health-and-beauty-1,,,1870,  2200 ,0,,,,,,10,,,10080,active,1,100,,,,,,,,
globalvillageinternational,Armaf Exclusive Perfume 100ML Opus (W),Piece,1,armaf,health-and-beauty-1,,,1870,  2200 ,0,,,,,,10,,,10080,active,1,100,,,,,,,,
globalvillageinternational,Armaf Exclusive Perfume 105ML Club De Nuit (M),Piece,1,armaf,health-and-beauty-1,,,1870,  2200 ,0,,,,,,10,,,10080,active,1,100,,,,,,,,
globalvillageinternational,Armaf Exclusive Perfume 105ML Club De Nuit Urban (M),Piece,1,armaf,health-and-beauty-1,,,1870,  2200 ,0,,,,,,10,,,10080,active,1,100,,,,,,,,
globalvillageinternational,Armaf Exclusive Perfume 105ML Club De Nuit (W),Piece,1,armaf,health-and-beauty-1,,,1870,  2200 ,0,,,,,,10,,,10080,active,1,100,,,,,,,,
globalvillageinternational,Armaf Premium Perfume 100ML Magnificent (M),Piece,1,armaf,health-and-beauty-1,,,2380,  2800 ,0,,,,,,10,,,10080,active,1,100,,,,,,,,
globalvillageinternational,Armaf Premium Perfume 100ML Magnificent (W),Piece,1,armaf,health-and-beauty-1,,,2380,  2800 ,0,,,,,,10,,,10080,active,1,100,,,,,,,,
globalvillageinternational,Armaf Premium Perfume 100ML The Pride of Armaf (M),Piece,1,armaf,health-and-beauty-1,,,2380,  2800 ,0,,,,,,10,,,10080,active,1,100,,,,,,,,
globalvillageinternational,Armaf Premium Perfume 100ML The Pride of Armaf (W),Piece,1,armaf,health-and-beauty-1,,,2380,  2800 ,0,,,,,,10,,,10080,active,1,100,,,,,,,,
globalvillageinternational,Armaf Premium Perfume 105ML Club De Nuit Intense (W),Piece,1,armaf,health-and-beauty-1,,,2380,  2800 ,0,,,,,,10,,,10080,active,1,100,,,,,,,,
globalvillageinternational,Armaf Perfume 100ML Derby Club House (M),Piece,1,armaf,health-and-beauty-1,,,1530,  1800 ,0,,,,,,10,,,10080,active,1,100,,,,,,,,
globalvillageinternational,Armaf Perfume 100ML High Street (W),Piece,1,armaf,health-and-beauty-1,,,1530,  1800 ,0,,,,,,10,,,10080,active,1,100,,,,,,,,
globalvillageinternational,Armaf Perfume 100ML Shades (M),Piece,1,armaf,health-and-beauty-1,,,1530,  1800 ,0,,,,,,10,,,10080,active,1,100,,,,,,,,
globalvillageinternational,Armaf Perfume 100ML Tag Him (M),Piece,1,armaf,health-and-beauty-1,,,1530,  1800 ,0,,,,,,10,,,10080,active,1,100,,,,,,,,
globalvillageinternational,Armaf Perfume 100ML The Warrior (M),Piece,1,armaf,health-and-beauty-1,,,1530,  1800 ,0,,,,,,10,,,10080,active,1,100,,,,,,,,
globalvillageinternational,Armaf Signature Perfume 105ML Club De Nuit Intense (M),Piece,1,armaf,health-and-beauty-1,,,3825,  4500 ,0,,,,,,10,,,10080,active,1,100,,,,,,,,
globalvillageinternational,Armaf Enchanted Air Freshener 300ML Beauty,Piece,1,armaf,health-and-beauty-1,,,297.5,  350 ,0,,,,,,10,,,10080,active,1,100,,,,,,,,
globalvillageinternational,Armaf Enchanted Air Freshener 300ML Bloom,Piece,1,armaf,health-and-beauty-1,,,297.5,  350 ,0,,,,,,10,,,10080,active,1,100,,,,,,,,
globalvillageinternational,Armaf Enchanted Air Freshener 300ML Foliage,Piece,1,armaf,health-and-beauty-1,,,297.5,  350 ,0,,,,,,10,,,10080,active,1,100,,,,,,,,
globalvillageinternational,Armaf Enchanted Air Freshener 300ML Lemon,Piece,1,armaf,health-and-beauty-1,,,297.5,  350 ,0,,,,,,10,,,10080,active,1,100,,,,,,,,
globalvillageinternational,Armaf Enchanted Air Freshener 300ML Oud,Piece,1,armaf,health-and-beauty-1,,,297.5,  350 ,0,,,,,,10,,,10080,active,1,100,,,,,,,,
globalvillageinternational,Armaf Enchanted Air Freshener 300ML Romance,Piece,1,armaf,health-and-beauty-1,,,297.5,  350 ,0,,,,,,10,,,10080,active,1,100,,,,,,,,
globalvillageinternational,Armaf Enchanted Air Freshener 300ML Spring,Piece,1,armaf,health-and-beauty-1,,,297.5,  350 ,0,,,,,,10,,,10080,active,1,100,,,,,,,,
globalvillageinternational,Armaf Enchanted Air Freshener 300ML Summer,Piece,1,armaf,health-and-beauty-1,,,297.5,  350 ,0,,,,,,10,,,10080,active,1,100,,,,,,,,
globalvillageinternational,Armaf Enchanted Air Freshener 300ML Vintage,Piece,1,armaf,health-and-beauty-1,,,297.5,  350 ,0,,,,,,10,,,10080,active,1,100,,,,,,,,
globalvillageinternational,Armaf Enchanted Air Freshener 300ML Violet,Piece,1,armaf,health-and-beauty-1,,,297.5,  350 ,0,,,,,,10,,,10080,active,1,100,,,,,,,,
globalvillageinternational,Ela Vista Extra Virgin Olive Oil 1 Litre Glass Bottle ,Piece,1,ela-vista,health-and-beauty-1,,,1088,  1280 ,0,,,,,,10,,,10080,active,1,100,,,,,,,,
globalvillageinternational,Ela Vista Extra Virgin Olive Oil 500ML Glass Bottle ,Piece,1,ela-vista,health-and-beauty-1,,,586.5,  690 ,0,,,,,,10,,,10080,active,1,100,,,,,,,,
globalvillageinternational,Ela Vista Pomace Olive Oil 1 Litre Glass Bottle ,Piece,1,ela-vista,health-and-beauty-1,,,816,  960 ,0,,,,,,10,,,10080,active,1,100,,,,,,,,
globalvillageinternational,Ela Vista Pomace Olive Oil 250ML Glass Bottle ,Piece,1,ela-vista,health-and-beauty-1,,,272,  320 ,0,,,,,,10,,,10080,active,1,100,,,,,,,,
globalvillageinternational,Ela Vista Pomace Olive Oil 500ML Glass Bottle ,Piece,1,ela-vista,health-and-beauty-1,,,433.5,  510 ,0,,,,,,10,,,10080,active,1,100,,,,,,,,
globalvillageinternational,Minerva Olive Oil Extra Virgin 1 Litre Glass Bottle,Piece,1,minerva,health-and-beauty-1,,,926.5,  1090 ,0,,,,,,10,,,10080,active,1,100,,,,,,,,
globalvillageinternational,Minerva Olive Oil Extra Virgin 250ML Glass Bottle,Piece,1,minerva,health-and-beauty-1,,,276.25,  325 ,0,,,,,,10,,,10080,active,1,100,,,,,,,,
globalvillageinternational,Minerva Olive Oil Extra Virgin 500ML Glass Bottle,Piece,1,minerva,health-and-beauty-1,,,501.5,  590 ,0,,,,,,10,,,10080,active,1,100,,,,,,,,
globalvillageinternational,Minerva Olive Oil Pomace 1 Litre Glass Bottle,Piece,1,minerva,health-and-beauty-1,,,756.5,  890 ,0,,,,,,10,,,10080,active,1,100,,,,,,,,
globalvillageinternational,Minerva Olive Oil Pomace 500ML Glass Bottle,Piece,1,minerva,health-and-beauty-1,,,416.5,  490 ,0,,,,,,10,,,10080,active,1,100,,,,,,,,