business,name,unit,per_unit_value,brand,category,sub_category,sub_category2,vendor_price,price,is_offer_enable,offer_price,featured_image,short_resolation_image,type,keywords,alert_quantity,slug,sku,delivery_time,current_stock,status,enable_stock,description,shipping_charge,image1,image2,image3,image4,image5,image6
liteelectronicsltd,Mi Smart Band 5 Strap (3-Pack),Piece,1,xiaomi,electronic-accessori,wearable,,750,1150,0,,,,,"electronic-accessori,wearable",5,,,,100,active,1,"<p>3 in 1 Strap pack
Black Orange and Teal Colors
Skin-friendly TPU material
Single body design
Easy to install
Strap material: Thermoplastic elastomer
Clasp material: Aluminum alloy
Strap length: 24.7 cm
Adjustable length: 15.5 – 21.6 cm</p>",,,,,,,
liteelectronicsltd,Mi Watch Lite (Black),Piece,1,xiaomi,electronic-accessori,wearable,,4200,5790,0,,,,,"electronic-accessori,wearable",5,,,,100,active,1,"<p>Item Package Dimensions L x W x H ?0.39 x 0.39 x 0.29 inches
Package Weight ?0.18 Kilograms
Brand Name ?Mi.
Color ?Black
Material ?Plastic
Number of Items ?1
Manufacturer ?Mi.
Sport Type ?Cycling Running Swimming Yoga Fitness</p>",,,,,,,
liteelectronicsltd,10000mAh MI 18W Fast Charge Power Bank 3 (Black) CN,Piece,1,xiaomi,electronic-accessori,mobile-accessories,,1130,1380,0,,,,,"electronic-accessori,mobile-accessories",5,,,,100,active,1,"
<p>Xiaomi V3 10000mAh 18W Dual Input/Output Fast Charge Power Bank

    Battery type: lithium-ion polymer battery
    Battery energy: 37Wh 3.7V 10000mAh
    Rated capacity: 5500mAh (5.1V/2.6A)
    Input interface: Micro-USB/USB-C
    Output interface: USB-A
    Charging time: about four hours (9V/2A 12V/1.5A charger) about six hours (5V/2A charger)</p",,,,,,,
liteelectronicsltd,10000mAh Redmi Power Bank Dual Output & Dual Input CN,Piece,1,xiaomi,electronic-accessori,mobile-accessories,,920,1100,0,,,,,"electronic-accessori,mobile-accessories",5,,,,100,active,1,"<p>Model: PB100LZM
Battery Type: lithium ion polymer battery
Capacity: 37Wh 3.7V 10000mAh
Output Ports: 2 x USB-A (USB cable not included)
Input Ports: 1 x Micro USB 1 x USB-C
Input: 5V-2.1A
Output: 5.1V-2.4A (Single Port) 5.1V-2.6A (Dual Ports)
Size: 150.5 X 73.6 X 15.1mm
Package weight: Approx. 350g /12.35os
Package size: Approx. 18×9.5×3.5cm / 7.09 x 3.74 x 1.38 inches
Warranty : 6 Months Replacement</p>",,,,,,,
liteelectronicsltd,20000mAh Redmi 18W Fast Charge Power Bank (White) CN,Piece,1,xiaomi,electronic-accessori,mobile-accessories,,1490,1990,0,,,,,"electronic-accessori,mobile-accessories",5,,,,100,active,1,"
<p>Product Details: 

Product Name: Redmi 10000mAh Fast Charge Power Bank - Black (Cable included in pack)

Warranty: 6 Month  

Features:

20000mAh Large Capacity
Dual USB Input and Output
Up to 18W Power Input
High-density Lithium Polymer Batteries
20000mAh Large Capacity

More durable and optimizes charging efficiency offer constant power
Dual USB Input and Output

Two USB ports which can charge the devices at the same time the USB-C and Micro USB provide two charging ways convenient and fast
Up to 18W Power Input

12V / 1.5A 9V / 2.1A up to 18W power input deliver fast and efficient charging for each connected device.
High-density Lithium Polymer Batteries

Adopts premium Lithium polymer battery cells. It’s compatible with smartphones and tablets as well as a variety of digital cameras and handheld gaming devices. </p>",,,,,,,
liteelectronicsltd,Mi In-Ear Headphones Basic (Black),Piece,1,xiaomi,electronic-accessori,audio,,350,450,0,,,,,"electronic-accessori,audio",5,,,,100,active,1,"<p>Highlighted Features:

Aluminum sound chamber
Optimization tuning aerospace composite metal diaphragm technology;
The third generation balance damping system;
Fashion flat line design durable and easy to incorporate;
Built-in microphone to talkremote control compatible with millet and mainstream Android phonesenabling play/pauseanswer/hang up the phone and other functionsand supports iPhoneiPadiPod and some other functions of the device to use (do not support volume control);
Effort concave plugstreamline curved edge of the wire.
Fit for:for iPhone 5/5s/6/6s Plus;for Xiaomi Samsung etc most Android phone;for MP3 MP4
Specification:

Brand Xiaomi
Model Basic
Type In-Ear
Speaker impedance 32?
Weight 14g
Cable length 1.25m
Jack type 3.5mm nickel-plated
Rated power 5mW
Frequency Response Range 20-20000Hz
Standard GB / T 14471-2013</p>",,,,,,,
liteelectronicsltd,Mi In-Ear Headphones Basic (Silver),Piece,1,xiaomi,electronic-accessori,audio,,350,450,0,,,,,"electronic-accessori,audio",5,,,,100,active,1,"<p>Highlighted Features:

Aluminum sound chamber
Optimization tuning aerospace composite metal diaphragm technology;
The third generation balance damping system;
Fashion flat line design durable and easy to incorporate;
Built-in microphone to talkremote control compatible with millet and mainstream Android phonesenabling play/pauseanswer/hang up the phone and other functionsand supports iPhoneiPadiPod and some other functions of the device to use (do not support volume control);
Effort concave plugstreamline curved edge of the wire.
Fit for:for iPhone 5/5s/6/6s Plus;for Xiaomi Samsung etc most Android phone;for MP3 MP4
Specification:

Brand Xiaomi
Model Basic
Type In-Ear
Speaker impedance 32?
Weight 14g
Cable length 1.25m
Jack type 3.5mm nickel-plated
Rated power 5mW
Frequency Response Range 20-20000Hz
Standard GB / T 14471-2013</p>",,,,,,,
liteelectronicsltd,MI TWS Earbuds-2s Gaming Version - Black,Piece,1,xiaomi,electronic-accessori,audio,,2000,2860,0,,,,,"electronic-accessori,audio",5,,,,100,active,1,"<p>
Type TWS (True Wireless)
Design In-Ear
Bluetooth Version: 5.0
Effective distance 10 meters
Protocols HFP / A2DP / HSP / AVRCP
capacity 46 mAh (each)
Charging case capacity 600 mAh
Autonomy in playback mode 
Up to 4 hours (a single charge of the headphones) Up to 12 hours (with all charges in the case) 

Headphone charging time 1.5 hours approx
Charging time of the case 
2.5 hours approx</p>",,,,,,,
liteelectronicsltd,Mi True Wireless Earphones 2SE Basic - white,Piece,1,xiaomi,electronic-accessori,audio,,2100,2649,0,,,,,"electronic-accessori,audio",5,,,,100,active,1,"<p>Product model: TWSEJ04WM
Net weight: 48g
Charging port: Type-C
Speaker impedance: 32 Q
Input parameter: 5V — 1A
Wireless connection: Bluetooth 5.0
Charging time: about 1.5h
Support codec: SBC / AAC
Single battery life: about 5h
Executive standard: Q / WMSX 002-2016
Overall battery life with charging case: 20 h
Bluetooth protocol: BL E / HSP / HFP / A2DP / AVRCP
Working distance: 10 m (barrier-free and open environment)
packing list: Charging case x 1 Left and right headphones x 1 Type-C charging cable x 1 Manual x </p>",,,,,,,
liteelectronicsltd,Mi Compact Mini Bluetooth Speaker 2,Piece,1,xiaomi,electronic-accessori,audio,,720,890,0,,,,,"electronic-accessori,audio",5,,,,100,active,1,"
<p>Specification
Primary Features Brand: Xiaomi
Design: MiniPortableStylish
Compatible with: ComputerLaptopMobile phonePCTablet PC
Supports: Bluetooth
Connection: Wireless
Interface: Micro USB
Audio Source: Bluetooth Enabled Devices
Technical Parameters Bluetooth Version: Bluetooth 4.2
Protocol: A2DPAVRCPHFP
Transmission Distance: W/O obstacles 10m
Number of Speakers: 1
Sound channel: Two-channel (stereo)
Power Output: 3W
Freq: 60Hz-20KHz
S/N: No less than 80db
Other Parameters Battery Capacity: 480mAh
Charging Time: 2h
Working Time: 4 ‰ÛÒ 5h
Lasting Time: 20 days
Battery Information Battery Type: Built-in Li-ion Battery
Dimension and Weight Product weight: 0.0520 kg
Package weight: 0.1500 kg

Product size (L x W x H): 6.00 x 6.00 x 7.00 cm / 2.36 x 2.36 x 2.76 inches

Package size (L x W x H): 10.00 x 10.00 x 9.00 cm / 3.94 x 3.94 x 3.54 inches </p>",,,,,,,
liteelectronicsltd,MI Portable Speaker,Piece,1,xiaomi,electronic-accessori,audio,,765,995,0,,,,,"electronic-accessori,audio",5,,,,100,active,1,"<p>Exquisitely designed to fit in your palm
A perfect balance: small in size big on sound
Full metal casing dressed in 2 classic colors.
Mi Bluetooth Speaker Mini is seamlessly and elegantly designed with both the power button and the micro USB charging port neatly tucked at the bottom</p>",,,,,,,
liteelectronicsltd,Mi 360° WiFi Security Camera (1080p) - White,Piece,1,xiaomi,electronics,security-cameras,,2600,3200,0,,,,,"electronic-accessori,security-cameras",5,,,,100,active,1,"<p>Details
 
Xiaomi 360 Degree WiFi IP Camera in Bangladesh
Xiaomi Mijia Smart 1080P WiFi IP camera Pan-tilt version you can sleep soundly! The built-in 8pcs 940nm IR-cut LEDs and quiet motor enable this surveillance camera to capture clear night vision images up to 9 meters distance silently. Besides the rotatable design of the IP camera makes it capable of monitoring a wider range in the horizontal and vertical direction via the APP control. What is more the concealed TF card slot provides not only a beautiful and integrated appearance but also a convenient storage method for you! Now this camera is available in Bangladesh @ BDSHOP.COM

Mi 360 Degree IP Camera

Specification:
Brand: Xiaomi
Model: MiJia Pan-tilt Version
Shape Mini Camera
Technical Feature: WiFi Infrared Pan Tilt Zoom
IP camera performance Remote ControlMotion DetectionNight VisionInterphone
Motion Detection Distance 9m
Compatible Operation Systems: Android IOS
APP: Mi Home
APP Language: English Chinese
Connection Wireless
Interface Micro USB
Features: HD
Maximum Monitoring Range: 110 degree
Working Voltage 5V / 2A
Package Contents
IP Camera
USB Cable
Wall Bracket
Screw
Screw Cap
Chinese User Manual</p>",,,,,,,
liteelectronicsltd,Mi WiFi Router 4C 300Mbps,Piece,1,xiaomi,electronic-accessori,router,,1100,1590,0,,,,,"electronic-accessori,router",5,,,,100,active,1,"<p>22.4 GHz Wi-Fi with up to 300Mbps Speed Ideal for video streaming and web browsing. ROM : 16MB Nor Flash. Management application : Supports web iOS and Android
4 High-performance antenna for better speed & coverage
Control your network from Anywhere Anytime with help of Mi Wi-Fi app
QoS (Quality of Service) Manage and allocate bandwidth as per activity requirements
Parental Control-Control time on internet and content on connected devices
Improve network speed with Wi-Fi optimization
Coverage Area: up to 400 Sqft
Suitable for 2-4 Devices. Reception sensitivity : 11Mbps: ? -85dBm 54Mbps: ? -72dBm HT20 MCS7: ? -69dBm HT40 MCS7: ? -66dBm
Brand ?MI
Manufacturer ?Hulzhou MTNWEIYE Technology Development Co. LTD
Colour ?White
Item Height ?29 Centimeters
Item Width ?5.5 Centimeters
Product Dimensions ?20 x 5.5 x 29 cm; 460 Grams
Item model number ?R4CM
Connectivity Type ?Wi-Fi
Wireless Type ?802.11n 2.4 GHz Radio Frequency
Operating System ?Windows
Included Components ?Router adaptor user manual
Manufacturer ?Hulzhou MTNWEIYE Technology Development Co. LTD
Country of Origin ?China
Item Weight ?460 g</p>",,,,,,,
liteelectronicsltd,Mi WiFi Router 4A AC1200 Dual Band_L,Piece,1,xiaomi,electronic-accessori,router,,1800,2290,0,,,,,"electronic-accessori,router",5,,,,100,active,1,"<p>Brand: Xiaomi
• Type: Router
• Interface: LANWAN
• Router Connectivity Type: EthernetWireless
• Transmission Rate: 1167Mbps
• Speed of Ethernet Port: 1000Mbps
• Network Protocols: IEEE 802.11aIEEE 802.11acIEEE 802.11b
• IEEE 802.11gIEEE 802.11nIEEE 802.3IEEE 802.3UIPv6
• Wireless Standard: Wireless AC
• Wireless Security: WPA-PSKWPA2-PSK
• WiFi Network Frequency: 2.4GHz5GHz
• LAN Ports: 2 ports
• Max. LAN Data Rate: 1000Mbps
• Network Communication: WiFi
• Features: Dual Band
• Usage: Home use</p>",,,,,,,
liteelectronicsltd,Mi Router 4A Giga Version (White),Piece,1,xiaomi,electronic-accessori,router,,2340,2850,0,,,,,"electronic-accessori,router",5,,,,100,active,1,"<p>Key Features
Data Rate
1000Mbps
Antenna
4
Button
Reset Button
Frequency
2.4 GHz and 5GHz
Wireless
Wireless Standard: Wireless AC
WiFi Network Frequency: 2.4GHz5GHz
Interface
LANWAN
Network Standard
IEEE 802.11aIEEE 802.11acIEEE 802.11b
IEEE 802.11gIEEE 802.11nIEEE 802.3IEEE 802.3UIPv6
Encryption
WPA-PSKWPA2-PSK
Ports
LAN Ports: 2 ports (Gigabit port)
Others
Transmission Rate: 1167Mbps
Speed of Ethernet Port: 1000Mbps
Physical Dimension
Dimension
20.10 x 17.40 x 12.20 cm
Weight
240 g
Color
White</p>",,,,,,,
liteelectronicsltd,Mi Smart  Scale 2,Piece,1,xiaomi,electronic-accessori,bathroom-scales,,1780,2150,0,,,,,"electronic-accessori,bathroom-scales",5,,,,100,active,1,"<p>Xiaomi Mijia Smart Weight Scale 2 LED Display
Bluetooth: 5.0
Type: Intelligent Weigh Scale
Feature: High-precision
Compatible with: Android IOS
Glass Material: Tempered Glass
Body Material: ABS
Weight Range: 100g – 150kg
Power Supply: 4 x 1.5V AAA Battery (included)
G-shaped sensor 50g can be perceived.
Highly accurate BIA chip for easy control of body fat percentage.
Balance test closed eyes and one foot are available.
Low-power Bluetooth 5.0 4 batteries can be used for 12 months.
Binding the millet sports app reducing fat and shaping the body with half the effort.
Simple design simple and clean exquisite and beautiful</p>",,,,,,,
liteelectronicsltd," Mi Electric Kettle1.5L
",Piece,1,xiaomi,electronic-accessori,electric-kettle,,2400,2790,0,,,,,"electronic-accessori,electric-kettle",5,,,,100,active,1,"<p>Product Type: Kettle
304 Stainless Steel Inner Layer : Standard food-grade stainless steel rust-free anti-scaling odorless easy to clean
1.5L Large Capacity : One boiling can meet a family drink for multiple members no need to boil water frequently
Anti-scalding Double Layers : With the hollow insulation layer between inner and outer layer it provides more heat insulation to protect you from scalding
Superior STRIX Temperature Control : Precise temperature control guarantees a full boiling and longer lifespan
Two Stage Damping Uncap Design : Press the lid-opening button the lid is automatically opened at 30-degree angle without hot drops spattered which stops the splashes from scalding you
Triple Security Protection : Prevent electric shock no electric leakage and auto shutdown while dry operation and boiling
Seamless Uni-body Design : Easy to clean say goodbye to the inside dirt
Visible LED Indicator Light : Convenient to follow up the water heating process
Considerate Cord Storage : Easy to tidy up the over-length power cord twinning at the bottom of main base
6 months warrantyl</p>",,,,,,,
liteelectronicsltd,MI Smart Mask L,Piece,1,xiaomi,health-and-beauty-1,musk,,290,360,0,,,,,"electronic-accessori,musk",5,,,,100,active,1,"<p>Product Type: Face Mask
Introducing the SmartMi KN95 free-breathing anti haze face mask. In the current climate for many people having a face covering of some form will bring a degree of reassurance. The SmartMi KN95 face mask is in itself a very special anti-pollution mask that also gives off an element of style. 
It is reusable and designed for comfortable long term wear. We suggest wearing for no longer than 10 hours in a single-use. You will find the longer you wear the SmartMi KN95 face mask the more comfortable it becomes. 
This is because of the special TPU memory elastic material which is integrated with sponge foam. After a short time of wearing the mask becomes adaptive to your natural facial contours. 
One of the downfalls of typical face masks is that they can severely impact normal breathing. This is due to the limited space within and external pressure on the outside of the mask. The Smart Mi KN95 features a specially designed 3D skeletal structure which prevents deformation and provides up to 200 cm3 of breathing space. This Product has no warranty</p>""

",,,,,,,
liteelectronicsltd,MI Smart Mask M,Piece,1,xiaomi,electronic-accessori,musk,,290,360,0,,,,,"electronic-accessori,musk",5,,,,100,active,1,"<p>MPN: QHXFMKZ/01ZM
Model: Xiaomi Mi Smart KN95
Over 97% Filtration Efficiency
Lightweight
Breathe Easy
Anti-Pollution Filterr</p>",,,,,,,
liteelectronicsltd,Bip U - Black,Piece,1,amazfit,electronic-accessori,smart-watches,,4150,4890,0,,,,,"electronic-accessori,smart-watches",5,,,,100,active,1,"<p>Amazfit Bip U Smart Watch (Global Version) – Black
1.43? LARGE HD DISPLAY
Amazfit Bip U has a customized 1.43? hd stylish square screen which offers a larger display area than a round watch face of the same width so it can carry more information.

LONG 9-DAY BATTERY LIFE
This smartwatch deeply optimizes the power consumption of the components to bring long-lasting endurance of 7 days while keeping a slim watch body which enables you to avoid frequent charges.

MORE HEALTH METRICS
The Amazfit Bip U fitness smartwatch precise optical monitoring allows you to accurately track heart rate blood oxygen levels stress levels breathing quality of sleep and sleeping patterns.

SUPER LIGHWEIGHT DESIGN
Amazfit Bip U only weigh about 31 grams. an ultra-light design you can barely feel when striving for peak performance.

WOMEN’S HEALTH TRACKING
With the female period tracking system bip u records and predicts the female menstrual cycle and send smart notifications reminders.</P>",,,,,,,
liteelectronicsltd,GTR 2 E – Black,Piece,1,amazfit,electronic-accessori,smart-watches,,8950,10990,0,,,,,"electronic-accessori,smart-watches",5,,,,100,active,1,"<p>BASIC INFO:
Model No: GTR 2e
Release Date: December 2020
Dimension : 46.5 x 46.5 x 10.8 mm
Weight: 32g (without strap)
Colors: Obsidian Black Dolphin Grey Ice Lake Green
W & D Proof : 5 ATM
OS: Android 5.0 and above iOS 10.0 and above

DISPLAY:
Size : 1.39-inch
Type: AMOLED display
Resolation : 454 x 454 Pixels
PPI : 326 ppi
Protection : Corning Gorilla 3 tempered glass + Anti-fingerprint coating

BATTERY:
Battery: Li-Po
Capacity: 471 mAh
Removable: Non-Removable
F Charging : About 2 hours / Magnetic / 2-pins POGO pin

NETWORK:
2G Network: N/A
3G Network: N/A
4G Network: N/A
Speed: No

CONNECTIVITY:
WALAN: No
Bluetooth: Bluetooth 5.0 BLE
USB: No
GPS: Yes with GLONASS
NFC: Yes</P>",,,,,,,
liteelectronicsltd,GTR 2 – Obsidian Black Sport Edition,Piece,1,amazfit,electronic-accessori,smart-watches,,11630,14990,0,,,,,"electronic-accessori,smart-watches",5,,,,100,active,1,"<p>BASIC INFO:
Model No: GTR 2e
Release Date: December 2020
Dimension : 46.5 x 46.5 x 10.8 mm
Weight: 32g (without strap)
Colors: Obsidian Black Dolphin Grey Ice Lake Green
W & D Proof : 5 ATM
OS: Android 5.0 and above iOS 10.0 and above

DISPLAY:
Size : 1.39-inch
Type: AMOLED display
Resolation : 454 x 454 Pixels
PPI : 326 ppi
Protection : Corning Gorilla 3 tempered glass + Anti-fingerprint coating

BATTERY:
Battery: Li-Po
Capacity: 471 mAh
Removable: Non-Removable
F Charging : About 2 hours / Magnetic / 2-pins POGO pin

NETWORK:
2G Network: N/A
3G Network: N/A
4G Network: N/A
Speed: No

CONNECTIVITY:
WALAN: No
Bluetooth: Bluetooth 5.0 BLE
USB: No
GPS: Yes with GLONASS
NFC: Yes</P>",,,,,,,
liteelectronicsltd,GTR 2 – Obsidian Black Classic Edition,Piece,1,amazfit,electronic-accessori,smart-watches,,12400,14990,0,,,,,"electronic-accessori,smart-watches",5,,,,100,active,1,"<p>BASIC INFO:
Model No: GTR 2e
Release Date: December 2020
Dimension : 46.5 x 46.5 x 10.8 mm
Weight: 32g (without strap)
Colors: Obsidian Black Dolphin Grey Ice Lake Green
W & D Proof : 5 ATM
OS: Android 5.0 and above iOS 10.0 and above

DISPLAY:
Size : 1.39-inch
Type: AMOLED display
Resolation : 454 x 454 Pixels
PPI : 326 ppi
Protection : Corning Gorilla 3 tempered glass + Anti-fingerprint coating

BATTERY:
Battery: Li-Po
Capacity: 471 mAh
Removable: Non-Removable
F Charging : About 2 hours / Magnetic / 2-pins POGO pin

NETWORK:
2G Network: N/A
3G Network: N/A
4G Network: N/A
Speed: No

CONNECTIVITY:
WALAN: No
Bluetooth: Bluetooth 5.0 BLE
USB: No
GPS: Yes with GLONASS
NFC: Yes</P>",,,,,,,
liteelectronicsltd,GTS 2 E – Black,Piece,1,amazfit,electronic-accessori,smart-watches,,8325,10890,0,,,,,"electronic-accessori,smart-watches",5,,,,100,active,1,"ody: Aluminum alloy
Bottom Shell: Plastic
Buttons: 1 button
Waterproofing Grade: 5 ATM
Screen
Material: AMOLED
Size: 1.65 inches
Resolution: 348 x 442
PPI: 341
Endurance
Battery Capacity: 246 mAh (typical value)
Charging Method: Magnetic Charging Stand
Charging Time: About 2 hours
Typical Usage Battery Life: 7 days
Basic Usage Battery Life: 20 days
Heavy Usage Battery Life: 3.5 days
Sensor
Health: Huami self-developed BioTrackerTM 2 PPG (support blood oxygen) biological data sensor
Movement: Air pressure sensor Acceleration sensor Gyroscope sensor Geomagnetic sensor Ambient light sensor
Connection: Bluetooth 5.0 WLAN 2.4GHz
Positioning: GPS + GLONASS
Strap
Material: Silicone
Width: 20 mm
Clasp: Classic Pin Buckle
Other
Speaker Support
Microphone Support
Linear Motor Support
Supported Devices: Android 5.0 or iOS 10.0 and above
Application: Zepp App</P>",,,,,,,
liteelectronicsltd,Power Buds,Piece,1,amazfit,electronic-accessori,audio,,5350,6480,0,,,,,"electronic-accessori,audio",5,,,,100,active,1,"Amazfit PowerBuds TWS Earbuds
Precise Heart Rate Monitoring During Exercise with PPG Sensor Real-Time Notifications for Workout Status and Excessive Heart Rate Data.
Magnetic Sport Ear Hooks for Increased Stability Easy to Remove and to Store.
8 Hours Battery Life on a Single Charge and 24 Hours with the Charging Case.
Professional Sports Sound System Bring.s Immersive and Dynamic Sound.
ENC Dual-Microphone Noise Reduction for HD Calls.
IP55 Water & Dust Resistance.
Truly Wireless Wear Sensors and Touch Function.",,,,,,,
liteelectronicsltd,Amazfit T-Rex (A 1919) - Army Green,Piece,1,amazfit,electronic-accessori,smart-watches,,8990,10790,0,,,,,"electronic-accessori,smart-watches",5,,,,100,active,1,"<p>Amazfit T-Rex Smart Watch Global Version
Screen: AMOLED
Bluetooth Version: Bluetooth 5.0
Screen resolution: 360 x 360
Screen size: 1.3 inch
Operating mode: Touch Screen
Waterproof / Water-Resistant: Yes
IP rating: 5 ATM
Find phone: Yes
Health tracker: Heart rate monitor
Battery Battery Capacity: 390mAh
Charging Time: About 2 hours
Band material: Silicone
Case material: High Polymer Material
Shape of the dial: Round
Dial size: 47.7mm
Band size: 22mm
Compatible OS Version: Android 5.0 or iOS 10.0 and above</P>",,,,,,,
liteelectronicsltd,T15 Earbuds TWS Haylou - Black,Piece,1,haylou,electronic-accessori,audio,,1500,1950,0,,,,,"electronic-accessori,audio",5,,,,100,active,1,"<p>Main Feature
Frequency
20-20000Hz
Impedance
32 ohms
Sound level/Sensitivity
high-sensitivity Hall switch control
Signal/Noise
DSP Smart Noise Isolation
Connection Type
Wireless
Others
Standby time: 110h
Charging Time: 4h
Battery Type: Li-ion Battery
Music Time: 60h
Physical Specification
Connector
Bluetooth
Drivers
6 mm dynamic driver
Weight
3.7(57)grams
Warranty
Warranty 90Day</P>",,,,,,,
liteelectronicsltd,LS05 Smart Watch L   ,Piece,1,haylou,electronic-accessori,smart-watches,,2270,2750,0,,,,,"electronic-accessori,smart-watches",5,,,,100,active,1,"<p>HAYLOU (LS05) Smart Watch Solar is a classic example of a stylish modern smartwatch.

They have everything you need for this type of gadget:

Large convenient display with a diagonal of 1.28 inches TFT-matrix and a resolution of 240x240 pixels.
Protection against moisture and dust according to IP68 standard.
Bluetooth 5.0 support.
9 different sports modes.
24/7 heart rate monitoring sensor.
Sleep monitoring function.
Built-in 340 mAh battery that allows you to work up to 14 days (depending on the intensity of use).
Lightweight - only 54 grams.
And of course a gorgeous design!
Warranty
Warranty 90Day</P>",,,,,,,
liteelectronicsltd,JBL T215 TWS  Earbuds (Black),Piece,1,jbl,electronic-accessori,audio,,6890,8620,0,,,,,"electronic-accessori,audio",5,,,,100,active,1,"<p>Product Description:
Product Type: Earphone
GENERAL SPECIFICATIONS
<p>JBL Tune 215TWS True Wireless Earbuds

Key Features
• 6mm Drivers & JBL Pure Bass Sound
• Up to 5 Hours of Playback
• Charging Case with 20 Additional Hours
• Built-In Mic for Hands-Free Calls

Specifications:
• Brand: JBL
• Model No: 115
• Product Type: Earbuds

Headphone
• Earpiece Design: In-Ear (Intra-Aural)
• Driver Type: Dynamic
• Driver Size: 0.2? / 6 mm
• Impedance: 14 Ohms
• Active Noise Cancellation: Yes

Performance
• Frequency Response: 20 Hz to 20 kHz (Wireless)
• Sensitivity: 108 dB SPL at 1 kHz / 1 mW
• Maximum Sound Pressure Level (SPL): 95 dB

Microphone
• Noise Canceling: Not Specified by Manufacturer
• Sensitivity: -30 dBV/Pa at 1 kHz

Wireless Connectivity
• Wireless Modulation: Bluetooth: ?/4 DQPSK, 8DPSK, GFSK
• Bluetooth Profiles: A2DP 1.3, AVRCP 1.6, HFP 1.7
• Bluetooth: 5.0
• Frequency    Bluetooth: 2.4 GHz (2.4 to 2.4835 MHz)
• Transmitter Power: 6 dBm

Battery
• Battery Chemistry: Lithium-Ion Polymer (LiPo)
• Capacity (mAh): 55 mAh
• Runtime: 5 Hours (BT)
• Recharge Time: 2 Hours
• DC Input Power: 5 VDC at 1 A
• Wireless Charging: None
• Charging Port: Pins

Charging Case
• Additional Runtime: 20 Hours
• Capacity: 660 mAh
• Charging Interface: USB Type-C</p>",,,,,,,
liteelectronicsltd,BTSPEAKER JBL Clip 4 (Squad),Piece,1,jbl,electronic-accessori,audio,,5190,6488,0,,,,,"electronic-accessori,audio",5,,,,100,active,1,"<p>Main Features
Type
Ultra-portable Waterproof Speaker
Frequency Response
100Hz-20kHz
Noise Ratio
>85dB
Amplifier Power
5 W RMS
Others
Transducer: 40mm / 1.5""
Physical Spec
Dimension
86.30mm*134.50mm*46.0mm / 3.4 x 5.3 x 1.8”
Weight
0.239 kg/ 0.527 lbs
Color
Black (JBLCLIP4BLKAM)
Gray (JBLCLIP4GRY)
Squad (JBLCLIP4SQUAD)
White (JBLCLIP4WHT)
Connection Type
Bluetooth version: 5.1
Power Source
Battery capacity / voltage
3.885Wh
Battery Life
up to 10 hours
Type
Lithium-ion polymer
Manufacture Warranty
Warranty
6 Months
 warranty</p>",,,,,,,
liteelectronicsltd,BTSPEAKER JBL GO 3 (Black),Piece,1,jbl,electronic-accessori,audio,,3490,4363,0,,,,,"electronic-accessori,audio",5,,,,100,active,1,"<p>Features
Built-in hang loop

Brand
JBL

Manufacturer Part Number
JBLGO3BLKAM

Manufacturer
Harman

Assembled Product Weight
0.55 lb

Color
Black

Model
3

Assembled Product Dimensions (L x W x H)
3.40 x 1.60 x 2.70 Inches</p>",,,,,,,
liteelectronicsltd,JBL Speaker Party Box 310,Piece,1,jbl,electronic-accessori,audio,,67990,84989,0,,,,,"electronic-accessori,audio",5,,,,100,active,1,"<p>Incredible JBL Sound with a Dazzling Light Show
Huge sound, dazzling lights and unbelievable power set this speaker apart from the crowd. The JBL PartyBox 310 packs a full party into a transportable, splashproof sound machine like no other. 
Turn up your favorite playlists anywhere, from get-togethers at home to dance parties on the beach. 
Bring big party vibes with 240 watts of JBL Pro Sound and a synced light show that grooves to the beat. Plug in and keep the fun going all night or wheel over to the campfire and take advantage of its impressive 18-hour battery life. 
Start a party with the JBL PartyBox 310.</p>",,,,,,,
liteelectronicsltd,JBL Headphone T500BT,Piece,1,jbl,electronic-accessori,audio,,,5188,0,,,,,"electronic-accessori,audio",5,,,,100,active,1,"<p>WIRELESS BLUETOOTH & MULTI-POINT CONNECTIONS: Wirelessly stream high-quality sound from your smartphone without messy cords. Allows you to effortlessly switch from one Bluetooth device to another.
JBL PURE BASS SOUND: Wireless headphone features the renowned JBL Pure Bass sound, which can be found in the most famous venues all around the world.
HANDS FREE CALLS: Easily control your sound and manage your calls from your bluetooth headphones with the convenient 1-button remote with microphone.
UP TO 16 HOUR BATTERY LIFE WITH SPEED CHARGE: For long-lasting fun, listen wirelessly for up to 16 hours and recharge the battery in as little as 2 hours. A quick 5-minute recharge gives you an additional hour of music.
COMFORT FIT DESIGN: The lightweight materials and soft ear cushions with a padded headband make the bluetooth headphones comfortable to wear for extended periods. The foldable design makes it convenient for you to carry your headphones anywhere and anytime you want music.
PLEASE NOTE: Before use please fully charge the headphone with the supplied cable as well as make sure your device is fully updated to the latest Bluetooth version</p>",,,,,,,
liteelectronicsltd,Earphone JBL Reflect Mini 2  BT (Green),Piece,1,jbl,electronic-accessori,audio,,3350,5869,0,,,,,"electronic-accessori,audio",5,,,,100,active,1,"<p>?? Type: Sweatproof Wireless Sports in-ear Headphone

?? Connectivity: Wireless

?? Frequency Response: 10hz-22khz

?? Battery: Rechargeable Lithium Lon Cylindrical Cell(3.7v 2x85 Mah)

?? Color: Green 

?? Driver Size: 5.8mm Dynamic Driver

?? Headphone Cable Length (Ft): 1.64

?? Ear Tip Material: Silicon

?? Bluetooth Version: 4.2

?? Dynamic Frequency Response Range (Hz): 2.402-2.480ghz

?? Charging Time (Hours From Empty): 2 Hours

?? Speed Charging Time (Hours): 2.0, Ma

Features

?? Rechargeable Battery

?? Jbl Signature Sound

?? 3-button Remote/ Mic

?? in-ear, Reflective Cable

?? Sweat Proof

?? Wireless

?? Hands-free Call

?? Carrying Pouch

?? Siri/ Google Now

?? 10-hour Battery Life With Speed Charge

?? Lightweight

?? 3-button Remote With Microphone and Vo

6 Month Warranty.</p>
",,,,,,,
liteelectronicsltd,JBL T115BT (White),Piece,1,jbl,electronic-accessori,audio,,2190,2628,0,,,,,"electronic-accessori,audio",5,,,,100,active,1,"<p>Product Description:
Product Type: Earphone
Audio Specifications

• Driver size (mm): 8.6mm dynamic driver

• Driver sensitivity at 1kHz/1mW (dB): 102dB SPL/1kHZ 1mW

• Impedance (ohms): 16?

 

Control and Connection Specifications

• Bluetooth profiles: HFP V1.6.HSP V1.2.AVRCP V1.5.A2DP V1.2

• Bluetooth frequency: 2.402GHZ-2.480GHZ

• Bluetooth transmitted modulation: GFSK/DQPSK/8DPSK

• Bluetooth transmitter power: < 4dBm

 

Battery

• Dynamic frequency response range (Hz): 20Hz-20kHz

• Battery Type: LITHIUM-ION BATTERY(3.7V/160mAh)

• Charging time (hours from empty): <2hrs

• Playtime (hours): 8hrs

6 months warranty</p>
",,,,,,,
liteelectronicsltd,EARPHONE JBL T205 BT (Black),Piece,1,jbl,electronic-accessori,audio,,,2628,0,,,,,"electronic-accessori,audio",5,,,,100,active,1,"PURE BASS, ZERO CABLES
Introducing JBL TUNE 205BT wireless earbud headphones with JBL Pure Bass Sound. Thanks to the 6-hour (max) battery life they can wirelessly stream JBL Pure Bass sound and provide hands-free call management. Inside the premium housing is a pair of 12.5 mm drivers which will punch out some serious bass, while the soft, ergonomically shaped earbuds ensure the listening experience remains comfortable for long-listening hours. In addition, a single-button remote lets you control music playback, as well as answer calls on the fly with the built-in microphone, making the JBL TUNE 205BT your everyday companion for work, at home and on the go.",,,,,,,
liteelectronicsltd,EARPHONE JBL T125 BT (Black),Piece,1,jbl,electronic-accessori,audio,,2490,3115,0,,,,,"electronic-accessori,audio",5,,,,100,active,1,"<p>Product Type: Earphone
Main Feature
Frequency 20 Hz – 20 kHz
Impedance 14ohms
Sound level/Sensitivity 96dB
Power Output Lithium-ion Battery (85mA/3.7V)
Connection Type Wireless
Duration 32 hours of battery life
Physical Specification
Connector Bluetooth version: 5.0
Drivers 5.8mm Dynamic driver
Weight 73g
Warranty: 6 Months</p>",,,,,,,
liteelectronicsltd,EARPHONE JBL REFLECT Mini (Black),Piece,1,jbl,electronic-accessori,audio,,3200,3690,0,,,,,"electronic-accessori,audio",5,,,,100,active,1,"<p>Introducing a wireless headphone designed to match your love for sport with your active lifestyle. 
The JBL Reflect Mini 2 fits every ear shape and size with ergonomic silicone tips and patented Freebit™ enhancers, available in 3 sizes for customized comfort. Its sweatproof,
 lightweight aluminum design is stylish and feels effortless, while a 3-button remote and mic keeps music and calls conveniently close at hand. Its reflective cable keeps you more visible during nighttime routines. 
And with up to 10 hours of battery life powering signature JBL sound, you can keep moving without ever missing a beat. With the touch of a button you can conveniently manage your calls and access the voice assistant.</p>",,,,,,,
liteelectronicsltd,EARPHONE JBL T110 (Black),Piece,1,jbl,electronic-accessori,audio,,730,915,0,,,,,"electronic-accessori,audio",5,,,,100,active,1,"JBL T110 In-Ear Headphones
Introducing JBL TUNE110 in-ear headphones. They’re lightweight, comfortable and compact. Under the durable earpiece housing, a pair of 9mm drivers punch out some serious bass, reproducing the JBL Pure Bass sound you’ve experienced in concert halls, arenas and recording studios around the world. In addition, the single-button remote on a tangle-free flat cable lets you control music playback, as well as answer calls on the fly with a built-in microphone. Making the JBL TUNE110 your everyday companion for work, at home and on the road.

General Specifications

Ear tip material: Silicon
Headphone cable length (cm): 111.3
Headphone cable length (ft): 3.65
Headphone cable length (m): 111.3
Headphones jack type: 3.5 mm
Driver size (mm): 9.0
Audio Specifications

Driver sensitivity at 1kHz/1mW (dB): 96.0
Dynamic frequency response range (Hz): 20 Hz - 20 kHz
Impedance (ohms): 16.0
Number of drivers per ear: 1.0
Features

1-Button Remote/ Mic: Yes
Bixby: No
Built-in Microphone: Yes
Flat Cable: Yes
Hands Free Call: Yes
In-ear: Yes
JBL Pure Bass Sound: Yes
Siri/ Google Now: No
Speed charge: No
",,,,,,,
liteelectronicsltd,EARPHONE JBL T110 (Blue),Piece,1,jbl,electronic-accessori,audio,,730,915,0,,,,,"electronic-accessori,audio",5,,,,100,active,1,"<p>
Model Year 2016
Item Weight 191 g
Product Dimensions 17 x 2 x 3 cm
Batteries 1 A batteries required.
Item model number JBLT110 (BLACK)
Additional Features In-Ear
Included Components 1 Pair of T110 Headphones, Ear Tips (S, M, L), Warning Card
Number of Items 1
Microphone Form Factor With Microphone
Headphones Form Factor With microphone tangle free cord
Batteries Included No
Batteries Required No
Wireless Type Radio Frequency
Connector Type Wired-3.5mm Single Pin
For more than 60 years, the JBL brand has delivered products that exemplify the technology and expertise gained through our leadership in professional sound reproduction. 
The JBL name has been synonymous with the precise, naturally articulated sound found in many of the world’s most prestigious locations, including clubs, cinemas and recording studios,
 and live-music reinforcement in venues ranging from concert halls to outdoor stadiums.o</p>",,,,,,,
liteelectronicsltd,EARPHONE JBL T110 (Red),Piece,1,jbl,electronic-accessori,audio,,730,915,0,,,,,"electronic-accessori,audio",5,,,,100,active,1,"
<p>Connector Type Wired-3.5mm Single Pin
For more than 60 years, the JBL brand has delivered products that exemplify the technology and expertise gained through our leadership in professional sound reproduction.
 The JBL name has been synonymous with the precise, naturally articulated sound found in many of the world’s most prestigious locations, including clubs, cinemas and recording studios,
 and live-music reinforcement in venues ranging from concert halls to outdoor stadiums</p>
",,,,,,,
liteelectronicsltd,JBL SB 160 BAR,Piece,1,jbl,electronic-accessori,audio,,18470,35000,0,,,,,"electronic-accessori,audio",5,,,,100,active,1,"<p>Model Year 2016
Item Weight 191 g
Product Dimensions 17 x 2 x 3 cm
Batteries 1 A batteries required.
Item model number JBLT110 (BLACK)
Additional Features In-Ear
Included Components 1 Pair of T110 Headphones, Ear Tips (S, M, L), Warning Card
Number of Items 1
Microphone Form Factor With Microphone
Headphones Form Factor With microphone tangle free cord
Batteries Included No
Batteries Required No
Wireless Type Radio Frequency
<p>Connector Type Wired-3.5mm Single Pin
For more than 60 years, the JBL brand has delivered products that exemplify the technology and expertise gained through our leadership in professional sound reproduction.
 The JBL name has been synonymous with the precise, naturally articulated sound found in many of the world’s most prestigious locations, including clubs, cinemas and recording studios,
 and live-music reinforcement in venues ranging from concert halls to outdoor stadiums</p>",,,,,,,
liteelectronicsltd,BTSPEAKER HK OMNI 50 Plus (Black),Piece,1,harman-kardon,electronic-accessori,audio,,22190,32489,0,,,,,"electronic-accessori,audio",5,,,,100,active,1,"Details
 
Brand- Harman Kardon

Description:
Wireless HD Music in Every Room Even Your BackyardSeamlessly stream your favorite music all over your home - indoors or outdoors - and to any Harman Kardon Omni+ wireless HD products. Listen to different music in any room of your home even outside.Play Spotify Through Your Speakers Using the Spotify App as a RemoteStream your favorite songs and playlists wirelessly around your home with Spotify Connect using the Spotify app as a remote. Spotify Connect feature requires Spotify Premium subscription.Stream Your Favorite Music From Your Phone to Your Speakers with Chromecast Built-InWith Chromecast built-in you can cast your favorite music radio stations and podcasts from your mobile device to your speakers. Chromecast built-in may require subscriptions.Up to 5 Hours Audio Playback with a Built-In Rechargeable BatteryYou can carry the Omni 50+ anywhere you want to go around the house thanks to a convenient handle and a built-in battery that can support up to 5 hours of playback time.Splash-proof and Weather-proof Outdoor SpeakerThe Omni 50+ is a splash-proof and weather-proof indoor and outdoor speaker. It features an IPX5-rated splash-proof design allowing you to keep the music going even in the heavy rain.24Bit/192kHz HD Audio Streaming with Digital and Analog ConnectivityThe Harman Kardon Omni 50+ supports 24bit/192kHz HD audio streaming. Enjoy a superior audio experience with higher quality than from a CD.Simple Setup and Control with the Free Harman Kardon Controller AppEasily set up your system and control it with the Harman Kardon Controller App. With additional support for WAC on Apple devices and a step-by-step in-app guide you can quickly start streaming your music.Dual-Band Wi-Fi Connection and 802.11AC Network SupportSupports the latest 802.11AC wireless home networking technology and dual-band (both 2.4GHz and 5GHz) Wi-Fi connection resulting in a faster robust and more stable wireless connection.Stream All Your Music Over Bluetooth or 3.5mm Inp",,,,,,,
liteelectronicsltd,HK Citation 100 (Black),Piece,1,harman-kardon,electronic-accessori,audio,,16500,22489,0,,,,,"electronic-accessori,audio",5,,,,100,active,1,"Power Supply100-240V – 50/60Hz
Wireless network802.11 a/b/g/n/ac (2.4GHz/5GHz)
2.4G Wi-Fi transmitter frequency range2412 – 2472MHz (2.4GHzISM Band, USA 11 Channels, Europe and others 13 Channels)
2.4G Wi-Fi transmitter power<20dBm
2.4G Wi-Fi modulationDBPSK, DQPSK, CCK, QPSK, BPSK, 16QAM, 64QAM
5G Wi-Fi transmitter power<23dBm
5G Wi-Fi modulationQPSK, BPSK, 16QAM, 64QAM, 256QAM
5G Wi-Fi transmitter frequency range5.15 - 5.35GHz, 5.470 - 5.725GHz, 5.725 - 5.825GHz
NoteCitation 100 is intended to be used for streaming music. A consumer can stream Bluetooth audio to the speaker. A consumer can connect their speaker to the localWi-Fi Network and stream music with Google Chromecast. In addition, the speaker will work with Google Home. This product is designed to be instantly on and ready to play music at a moment's notice, therefore, the Bluetooth andWi-Fi connection must remain active at all times to ensure proper operation. Citation 100 is in compliance with the European Union energy legislation. Citation 100 complies with European Commission Regulation (EC) No 1275/2008 and (EU) No 801/2013 as a networked equipment with high network availability (HiNA equipment and equipment with HiNA functionality). Power consumption Standby",,,,,,,
liteelectronicsltd,HK Citation One (Grey),Piece,1,harman-kardon,electronic-accessori,audio,,1650,22489,0,,,,,"electronic-accessori,audio",5,,,,100,active,1,"<p>Voice Recognition Technology
Dual-Band Wi-Fi Connectivity
Google Assistant Built-In
1x 0.79"" Tweeter, 1x 3.5"" Woofer
Show More
Enjoy voice control and Bluetooth audio streaming with the gray Harman Kardon Citation ONE Wireless Speaker. Dual-band Wi-Fi allows you to stream and cast from numerous music sources, and built-in Bluetooth technology allows you to pair and wirelessly stream music from your compatible devices, such as smartphones or tablets. This speaker has the</p>",,,,,,,