business,name,per_unit_value,unit,brand,category,sub_category,sub_category2,vendor_price,price,is_offer_enable,offer_price,featured_image,short_resolation_image,type,keywords,alert_quantity,sku,delivery_time,status,enable_stock,current_stock,description,shipping_charge,image1,image2,image3,image4,image5,image6
squarefood&beverageltd.,Radhuni Turmeric Powder-25gm,1,Packet,radhuni,groceries,cooking-items,spices,12,  14 ,0,,,,,"groceries,cooking-items,rice,spices,radhuni,ready-mix,snacks-and-instant-food",5,,,active,1,100,"<p>Turmeric Powder</p>
<p>RADHUNI Turmeric Powder guarantees the proper composition of curcumin and the turmerics selected for processing are finest of their kind. As a result it gives the dishes an attractive golden color.</p>",,,,,,,
squarefood&beverageltd.,Radhuni Turmeric Powder-50gm,1,Packet,radhuni,groceries,cooking-items,spices,24,  28 ,0,,,,,"groceries,cooking-items,rice,spices,radhuni,ready-mix,snacks-and-instant-food",5,,,active,1,100,"<p>Turmeric Powder</p>
<p>RADHUNI Turmeric Powder guarantees the proper composition of curcumin and the turmerics selected for processing are finest of their kind. As a result it gives the dishes an attractive golden color.</p>",,,,,,,
squarefood&beverageltd.,Radhuni Turmeric Powder-100gm,1,Packet,radhuni,groceries,cooking-items,spices,43,  50 ,0,,,,,"groceries,cooking-items,rice,spices,radhuni,ready-mix,snacks-and-instant-food",5,,,active,1,100,"<p>Turmeric Powder</p>
<p>RADHUNI Turmeric Powder guarantees the proper composition of curcumin and the turmerics selected for processing are finest of their kind. As a result it gives the dishes an attractive golden color.</p>",,,,,,,
squarefood&beverageltd.,Radhuni Turmeric Powder-200gm,1,Packet,radhuni,groceries,cooking-items,spices,83,  95 ,0,,,,,"groceries,cooking-items,rice,spices,radhuni,ready-mix,snacks-and-instant-food",5,,,active,1,100,"<p>Turmeric Powder</p>
<p>RADHUNI Turmeric Powder guarantees the proper composition of curcumin and the turmerics selected for processing are finest of their kind. As a result it gives the dishes an attractive golden color.</p>",,,,,,,
squarefood&beverageltd.,Radhuni Turmeric Powder(Pet Jer)-200gm,1,Packet,radhuni,groceries,cooking-items,spices,97,  110 ,0,,,,,"groceries,cooking-items,rice,spices,radhuni,ready-mix,snacks-and-instant-food",5,,,active,1,100,"<p>Turmeric Powder</p>
<p>RADHUNI Turmeric Powder guarantees the proper composition of curcumin and the turmerics selected for processing are finest of their kind. As a result it gives the dishes an attractive golden color.</p>",,,,,,,
squarefood&beverageltd.,Radhuni Turmeric Powder-500gm,1,Packet,radhuni,groceries,cooking-items,spices,170,  200 ,0,,,,,"groceries,cooking-items,rice,spices,radhuni,ready-mix,snacks-and-instant-food",5,,,active,1,100,"<p>Turmeric Powder</p>
<p>RADHUNI Turmeric Powder guarantees the proper composition of curcumin and the turmerics selected for processing are finest of their kind. As a result it gives the dishes an attractive golden color.</p>",,,,,,,
squarefood&beverageltd.,Radhuni Turmeric Powder-1kg,1,Packet,radhuni,groceries,cooking-items,spices,318,  365 ,0,,,,,"groceries,cooking-items,rice,spices,radhuni,ready-mix,snacks-and-instant-food",5,,,active,1,100,"<p>Turmeric Powder</p>
<p>RADHUNI Turmeric Powder guarantees the proper composition of curcumin and the turmerics selected for processing are finest of their kind. As a result it gives the dishes an attractive golden color.</p>",,,,,,,
squarefood&beverageltd.,Radhuni Chilli Powder-25gm,1,Packet,radhuni,groceries,cooking-items,spices,13,  15 ,0,,,,,"groceries,cooking-items,rice,spices,radhuni,ready-mix,snacks-and-instant-food",5,,,active,1,100,"<p><mat-tab-body class=""mat-tab-body ng-tns-c13-2 mat-tab-body-active ng-star-inserted"" role=""tabpanel"" id=""mat-tab-content-0-0"" aria-labelledby=""mat-tab-label-0-0"">
<div class=""mat-tab-body-content ng-trigger ng-trigger-translateTab"">
<div class=""product-description ng-star-inserted"">
<div>
<p>The RADHUNI Chilli powder is produced from the best varieties of red chilli, which delivers the desired red color &amp; hotness.</p>
<p>Capsaicin, the main flavoring compound for hotness and Capsanthin,</p>
<p>the main coloring compound is blended in proper proportion to maintain the real taste of chili.</p>
</div>
</div>
</div>
</mat-tab-body><mat-tab-body class=""mat-tab-body ng-tns-c13-5 ng-star-inserted"" role=""tabpanel"" id=""mat-tab-content-0-3"" aria-labelledby=""mat-tab-label-0-3""></mat-tab-body></p>",,,,,,,
squarefood&beverageltd.,Radhuni Chilli Powder-50gm,1,Packet,radhuni,groceries,cooking-items,spices,26,  30 ,0,,,,,"groceries,cooking-items,rice,spices,radhuni,ready-mix,snacks-and-instant-food",5,,,active,1,100,"<p><mat-tab-body class=""mat-tab-body ng-tns-c13-2 mat-tab-body-active ng-star-inserted"" role=""tabpanel"" id=""mat-tab-content-0-0"" aria-labelledby=""mat-tab-label-0-0"">
<div class=""mat-tab-body-content ng-trigger ng-trigger-translateTab"">
<div class=""product-description ng-star-inserted"">
<div>
<p>The RADHUNI Chilli powder is produced from the best varieties of red chilli, which delivers the desired red color &amp; hotness.</p>
<p>Capsaicin, the main flavoring compound for hotness and Capsanthin,</p>
<p>the main coloring compound is blended in proper proportion to maintain the real taste of chili.</p>
</div>
</div>
</div>
</mat-tab-body><mat-tab-body class=""mat-tab-body ng-tns-c13-5 ng-star-inserted"" role=""tabpanel"" id=""mat-tab-content-0-3"" aria-labelledby=""mat-tab-label-0-3""></mat-tab-body></p>",,,,,,,
squarefood&beverageltd.,Radhuni Chilli Powder-100gm,1,Packet,radhuni,groceries,cooking-items,spices,47,  53 ,0,,,,,"groceries,cooking-items,rice,spices,radhuni,ready-mix,snacks-and-instant-food",5,,,active,1,100,"<p><mat-tab-body class=""mat-tab-body ng-tns-c13-2 mat-tab-body-active ng-star-inserted"" role=""tabpanel"" id=""mat-tab-content-0-0"" aria-labelledby=""mat-tab-label-0-0"">
<div class=""mat-tab-body-content ng-trigger ng-trigger-translateTab"">
<div class=""product-description ng-star-inserted"">
<div>
<p>The RADHUNI Chilli powder is produced from the best varieties of red chilli, which delivers the desired red color &amp; hotness.</p>
<p>Capsaicin, the main flavoring compound for hotness and Capsanthin,</p>
<p>the main coloring compound is blended in proper proportion to maintain the real taste of chili.</p>
</div>
</div>
</div>
</mat-tab-body><mat-tab-body class=""mat-tab-body ng-tns-c13-5 ng-star-inserted"" role=""tabpanel"" id=""mat-tab-content-0-3"" aria-labelledby=""mat-tab-label-0-3""></mat-tab-body></p>",,,,,,,
squarefood&beverageltd.,Radhuni Chilli Powder-200gm,1,Packet,radhuni,groceries,cooking-items,spices,87,  100 ,0,,,,,"groceries,cooking-items,rice,spices,radhuni,ready-mix,snacks-and-instant-food",5,,,active,1,100,"<p><mat-tab-body class=""mat-tab-body ng-tns-c13-2 mat-tab-body-active ng-star-inserted"" role=""tabpanel"" id=""mat-tab-content-0-0"" aria-labelledby=""mat-tab-label-0-0"">
<div class=""mat-tab-body-content ng-trigger ng-trigger-translateTab"">
<div class=""product-description ng-star-inserted"">
<div>
<p>The RADHUNI Chilli powder is produced from the best varieties of red chilli, which delivers the desired red color &amp; hotness.</p>
<p>Capsaicin, the main flavoring compound for hotness and Capsanthin,</p>
<p>the main coloring compound is blended in proper proportion to maintain the real taste of chili.</p>
</div>
</div>
</div>
</mat-tab-body><mat-tab-body class=""mat-tab-body ng-tns-c13-5 ng-star-inserted"" role=""tabpanel"" id=""mat-tab-content-0-3"" aria-labelledby=""mat-tab-label-0-3""></mat-tab-body></p>",,,,,,,
squarefood&beverageltd.,Radhuni Chilli Powder(Pet Jer)-200gm,1,Packet,radhuni,groceries,cooking-items,spices,102,  115 ,0,,,,,"groceries,cooking-items,rice,spices,radhuni,ready-mix,snacks-and-instant-food",5,,,active,1,100,"<ul>
<li>Brand: Square.</li>
<li>Net Weight: 200gm.</li>
<li>Good quality product.</li>
</ul>",,,,,,,
squarefood&beverageltd.,Radhuni Chilli Powder-500gm,1,Packet,radhuni,groceries,cooking-items,spices,210,  245 ,0,,,,,"groceries,cooking-items,rice,spices,radhuni,ready-mix,snacks-and-instant-food",5,,,active,1,100,"<p><mat-tab-body class=""mat-tab-body ng-tns-c13-2 mat-tab-body-active ng-star-inserted"" role=""tabpanel"" id=""mat-tab-content-0-0"" aria-labelledby=""mat-tab-label-0-0"">
<div class=""mat-tab-body-content ng-trigger ng-trigger-translateTab"">
<div class=""product-description ng-star-inserted"">
<div>
<p>The RADHUNI Chilli powder is produced from the best varieties of red chilli, which delivers the desired red color &amp; hotness.</p>
<p>Capsaicin, the main flavoring compound for hotness and Capsanthin,</p>
<p>the main coloring compound is blended in proper proportion to maintain the real taste of chili.</p>
</div>
</div>
</div>
</mat-tab-body><mat-tab-body class=""mat-tab-body ng-tns-c13-5 ng-star-inserted"" role=""tabpanel"" id=""mat-tab-content-0-3"" aria-labelledby=""mat-tab-label-0-3""></mat-tab-body></p>",,,,,,,
squarefood&beverageltd.,Radhuni Chilli Powder-1kg,1,Packet,radhuni,groceries,cooking-items,spices,410,  470 ,0,,,,,"groceries,cooking-items,rice,spices,radhuni,ready-mix,snacks-and-instant-food",5,,,active,1,100,"<p><mat-tab-body class=""mat-tab-body ng-tns-c13-2 mat-tab-body-active ng-star-inserted"" role=""tabpanel"" id=""mat-tab-content-0-0"" aria-labelledby=""mat-tab-label-0-0"">
<div class=""mat-tab-body-content ng-trigger ng-trigger-translateTab"">
<div class=""product-description ng-star-inserted"">
<div>
<p>The RADHUNI Chilli powder is produced from the best varieties of red chilli, which delivers the desired red color &amp; hotness.</p>
<p>Capsaicin, the main flavoring compound for hotness and Capsanthin,</p>
<p>the main coloring compound is blended in proper proportion to maintain the real taste of chili.</p>
</div>
</div>
</div>
</mat-tab-body><mat-tab-body class=""mat-tab-body ng-tns-c13-5 ng-star-inserted"" role=""tabpanel"" id=""mat-tab-content-0-3"" aria-labelledby=""mat-tab-label-0-3""></mat-tab-body></p>",,,,,,,
squarefood&beverageltd.,Radhuni Hathazari Chilli Powder-100gm,1,Packet,radhuni,groceries,cooking-items,spices,43,  50 ,0,,,,,"groceries,cooking-items,rice,spices,radhuni,ready-mix,snacks-and-instant-food",5,,,active,1,100,"<p><strong>CHILLI POWDER:</strong><br />The Radhuni Hathazari Chilli Powder is produced from the best varieties of red Chilli, which delivers the desired red color &amp; hotness. Capsaicin, the main flavoring compound for hotness and Capsanthin, the main coloring compound is blended in proper proportion to maintain the real taste of chili.</p>
<p><strong>SPECIFICATIONS:</strong><br />Weight: 100gm<br />Flavor: Hathazari Chilli<br />Packaging Type: Pouch</p>",,,,,,,
squarefood&beverageltd.,Radhuni Hathazari Chilli Powder-200gm,1,Packet,radhuni,groceries,cooking-items,spices,81,  95 ,0,,,,,"groceries,cooking-items,rice,spices,radhuni,ready-mix,snacks-and-instant-food",5,,,active,1,100,"<p><strong>CHILLI POWDER:</strong><br />The Radhuni Hathazari Chilli Powder is produced from the best varieties of red Chilli, which delivers the desired red color &amp; hotness. Capsaicin, the main flavoring compound for hotness and Capsanthin, the main coloring compound is blended in proper proportion to maintain the real taste of chili.</p>
<p><strong>SPECIFICATIONS:</strong><br />Weight: 200gm<br />Flavor: Hathazari Chilli<br />Packaging Type: Pouch</p>",,,,,,,
squarefood&beverageltd.,Radhuni Hathazari Chilli Powder-500gm,1,Packet,radhuni,groceries,cooking-items,spices,187,  220 ,0,,,,,"groceries,cooking-items,rice,spices,radhuni,ready-mix,snacks-and-instant-food",5,,,active,1,100,"<p><strong>CHILLI POWDER:</strong><br />The Radhuni Hathazari Chilli Powder is produced from the best varieties of red Chilli, which delivers the desired red color &amp; hotness. Capsaicin, the main flavoring compound for hotness and Capsanthin, the main coloring compound is blended in proper proportion to maintain the real taste of chili.</p>
<p><strong>SPECIFICATIONS:</strong><br />Weight: 500gm<br />Flavor: Hathazari Chilli<br />Packaging Type: Pouch</p>",,,,,,,
squarefood&beverageltd.,Radhuni Coriander Powder-15gm,1,Packet,radhuni,groceries,cooking-items,spices,5,  6 ,0,,,,,"groceries,cooking-items,rice,spices,radhuni,ready-mix,snacks-and-instant-food",5,,,active,1,100,"<p>Radhuni Coriander Powder</p>
<p>RADHUNI Coriander Powder has the distinct flavor and fragrance of coriander for your delicious preparations.</p>",,,,,,,
squarefood&beverageltd.,Radhuni Coriander Powder-50gm,1,Packet,radhuni,groceries,cooking-items,spices,17,  20 ,0,,,,,"groceries,cooking-items,rice,spices,radhuni,ready-mix,snacks-and-instant-food",5,,,active,1,100,"<p>Radhuni Coriander Powder</p>
<p>RADHUNI Coriander Powder has the distinct flavor and fragrance of coriander for your delicious preparations.</p>",,,,,,,
squarefood&beverageltd.,Radhuni Coriander Powder-100gm,1,Packet,radhuni,groceries,cooking-items,spices,28,  33 ,0,,,,,"groceries,cooking-items,rice,spices,radhuni,ready-mix,snacks-and-instant-food",5,,,active,1,100,"<p>Radhuni Coriander Powder</p>
<p>RADHUNI Coriander Powder has the distinct flavor and fragrance of coriander for your delicious preparations.</p>",,,,,,,
squarefood&beverageltd.,Radhuni Coriander Powder-200gm,1,Packet,radhuni,groceries,cooking-items,spices,55,  63 ,0,,,,,"groceries,cooking-items,rice,spices,radhuni,ready-mix,snacks-and-instant-food",5,,,active,1,100,"<p>Radhuni Coriander Powder</p>
<p>RADHUNI Coriander Powder has the distinct flavor and fragrance of coriander for your delicious preparations.</p>",,,,,,,
squarefood&beverageltd.,Radhuni Coriander Powder (Pet Jer)-200gm,1,Packet,radhuni,groceries,cooking-items,spices,70,  80 ,0,,,,,"groceries,cooking-items,rice,spices,radhuni,ready-mix,snacks-and-instant-food",5,,,active,1,100,"<p>Radhuni Coriander Powder</p>
<p>RADHUNI Coriander Powder has the distinct flavor and fragrance of coriander for your delicious preparations.</p>",,,,,,,
squarefood&beverageltd.,Radhuni Coriander Powder-500gm,1,Packet,radhuni,groceries,cooking-items,spices,128,  145 ,0,,,,,"groceries,cooking-items,rice,spices,radhuni,ready-mix,snacks-and-instant-food",5,,,active,1,100,"<p>Radhuni Coriander Powder</p>
<p>RADHUNI Coriander Powder has the distinct flavor and fragrance of coriander for your delicious preparations.</p>",,,,,,,
squarefood&beverageltd.,Radhuni Coriander Powder-1kg,1,Packet,radhuni,groceries,cooking-items,spices,245,  275 ,0,,,,,"groceries,cooking-items,rice,spices,radhuni,ready-mix,snacks-and-instant-food",5,,,active,1,100,"<p>Radhuni Coriander Powder</p>
<p>RADHUNI Coriander Powder has the distinct flavor and fragrance of coriander for your delicious preparations.</p>",,,,,,,
squarefood&beverageltd.,Radhuni Cumin Powder-15gm,1,Packet,radhuni,groceries,cooking-items,spices,13,  15 ,0,,,,,"groceries,cooking-items,rice,spices,radhuni,ready-mix,snacks-and-instant-food",5,,,active,1,100,"<ul>
<li>Brand: Square.</li>
<li>Net Weight: 15gm.</li>
<li>Good quality product.</li>
</ul>",,,,,,,
squarefood&beverageltd.,Radhuni Cumin Powder-50gm,1,Packet,radhuni,groceries,cooking-items,spices,43,  48 ,0,,,,,"groceries,cooking-items,rice,spices,radhuni,ready-mix,snacks-and-instant-food",5,,,active,1,100,"<ul>
<li>Brand: Square.</li>
<li>Net Weight: 50gm.</li>
<li>Good quality product.</li>
</ul>",,,,,,,
squarefood&beverageltd.,Radhuni Cumin Powder-100gm,1,Packet,radhuni,groceries,cooking-items,spices,79,  88 ,0,,,,,"groceries,cooking-items,rice,spices,radhuni,ready-mix,snacks-and-instant-food",5,,,active,1,100,"<ul>
<li>Brand: Square.</li>
<li>Net Weight: 100gm.</li>
<li>Good quality product.</li>
</ul>",,,,,,,
squarefood&beverageltd.,Radhuni Cumin Powder-200gm,1,Packet,radhuni,groceries,cooking-items,spices,154,  170 ,0,,,,,"groceries,cooking-items,rice,spices,radhuni,ready-mix,snacks-and-instant-food",5,,,active,1,100,"<ul>
<li>Brand: Square.</li>
<li>Net Weight: 200gm.</li>
<li>Good quality product.</li>
</ul>",,,,,,,
squarefood&beverageltd.,Radhuni Cumin Powder (Pet Jer)-200gm,1,Packet,radhuni,groceries,cooking-items,spices,160,  175 ,0,,,,,"groceries,cooking-items,rice,spices,radhuni,ready-mix,snacks-and-instant-food",5,,,active,1,100,"<ul>
<li>Brand: Square.</li>
<li>Net Weight: 200gm.</li>
<li>Good quality product.</li>
</ul>",,,,,,,
squarefood&beverageltd.,Radhuni Cumin Powder-500gm,1,Packet,radhuni,groceries,cooking-items,spices,363,  400 ,0,,,,,"groceries,cooking-items,rice,spices,radhuni,ready-mix,snacks-and-instant-food",5,,,active,1,100,"<ul>
<li>Brand: Square.</li>
<li>Net Weight: 500gm.</li>
<li>Good quality product.</li>
</ul>",,,,,,,
squarefood&beverageltd.,Radhuni Cumin Powder-1kg,1,Packet,radhuni,groceries,cooking-items,spices,750,  795 ,0,,,,,"groceries,cooking-items,rice,spices,radhuni,ready-mix,snacks-and-instant-food",5,,,active,1,100,"""<ul>
<li>Brand: Square.</li>
<li>Net Weight: 1kg.</li>
<li>Good quality product.</li>
</ul>""",,,,,,,
squarefood&beverageltd.,Radhuni Panchforan - Whole-50gm,1,Packet,radhuni,groceries,cooking-items,spices,20,  22 ,0,,,,,"groceries,cooking-items,rice,spices,radhuni,ready-mix,snacks-and-instant-food",5,,,active,1,100,"<ul>
<li>Product Type: Panchforan.</li>
<li>Weight: 50gm.</li>
<li>Fresh Product.</li>
<li>Processed and packaged with direct supervision.</li>
</ul>",,,,,,,
squarefood&beverageltd.,Radhuni Panchforan - Powder-50gm,1,Packet,radhuni,groceries,cooking-items,spices,19,  22 ,0,,,,,"groceries,cooking-items,rice,spices,radhuni,ready-mix,snacks-and-instant-food",5,,,active,1,100,"<ul>
<li>Product Type: Panchforan.</li>
<li>Weight: 50gm.</li>
<li>Fresh Product.</li>
<li>Processed and packaged with direct supervision.</li>
</ul>",,,,,,,
squarefood&beverageltd.,Radhuni Powdered Panchforan-Sylheti Mix-15gm,1,Packet,radhuni,groceries,cooking-items,ready-mix,6,  8 ,0,,,,,"groceries,cooking-items,rice,spices,radhuni,ready-mix,snacks-and-instant-food",5,,,active,1,100,"<ul>
<li>Product Type: Panchforan.</li>
<li>Weight: 15gm.</li>
<li>Fresh Product.</li>
<li>Processed and packaged with direct supervision.</li>
</ul>",,,,,,,
squarefood&beverageltd.,Radhuni Powdered Panchforan-Sylheti Mix-50gm,1,Packet,radhuni,groceries,cooking-items,ready-mix,17,  20 ,0,,,,,"groceries,cooking-items,rice,spices,radhuni,ready-mix,snacks-and-instant-food",5,,,active,1,100,"""<ul>
<li>Product Type: Panchforan.</li>
<li>Weight: 50gm.</li>
<li>Fresh Product.</li>
<li>Processed and packaged with direct supervision.</li>
</ul>""",,,,,,,
squarefood&beverageltd.,Radhuni Garam Masala-15gm,1,Packet,radhuni,groceries,cooking-items,ready-mix,24,  28 ,0,,,,,"groceries,cooking-items,rice,spices,radhuni,ready-mix,snacks-and-instant-food",5,,,active,1,100,"<ul>
<li>Product Type: Garam Masala</li>
<li>Brand: Radhuni</li>
<li>Size: 15gm</li>
</ul>",,,,,,,
squarefood&beverageltd.,Radhuni Garam Masala-40gm,1,Packet,radhuni,groceries,cooking-items,ready-mix,60,  68 ,0,,,,,"groceries,cooking-items,rice,spices,radhuni,ready-mix,snacks-and-instant-food",5,,,active,1,100,"<ul>
<li>Product Type: Garam Masala</li>
<li>Brand: Radhuni</li>
<li>Size: 40gm</li>
</ul",,,,,,,
squarefood&beverageltd.,Radhuni Fish Curry Masala-20gm,1,Packet,radhuni,groceries,cooking-items,ready-mix,10,  12 ,0,,,,,"groceries,cooking-items,rice,spices,radhuni,ready-mix,snacks-and-instant-food",5,,,active,1,100,"<ul>
<li>Product Type: Radhuni Fish Curry Masala</li>
<li>Brand: Square</li>
<li>Weight: 20 gm</li>
<li>This products used as a complete spice for all kinds of meat cooking.</li>
</ul>",,,,,,,
squarefood&beverageltd.,Radhuni Fish Curry Masala-100gm,1,Packet,radhuni,groceries,cooking-items,ready-mix,44,  55 ,0,,,,,"groceries,cooking-items,rice,spices,radhuni,ready-mix,snacks-and-instant-food",5,,,active,1,100,"<ul>
<li>Product Type: Radhuni Fish Curry Masala</li>
<li>Brand: Square</li>
<li>Weight: 20 gm</li>
<li>This products used as a complete spice for all kinds of meat cooking.</li>
</ul>",,,,,,,
squarefood&beverageltd.,Radhuni Meat Curry Masala-20gm,1,Packet,radhuni,groceries,cooking-items,ready-mix,13,  15 ,0,,,,,"groceries,cooking-items,rice,spices,radhuni,ready-mix,snacks-and-instant-food",5,,,active,1,100,"<ul>
<li>Product Type: Radhuni Meat Curry Masala</li>
<li>Brand: Square</li>
<li>Weight: 20 gm</li>
<li>This products used as a complete spice for all kinds of meat cooking.</li>
</ul>",,,,,,,
squarefood&beverageltd.,Radhuni Meat Curry Masala-100gm,1,Packet,radhuni,groceries,cooking-items,ready-mix,58,  65 ,0,,,,,"groceries,cooking-items,rice,spices,radhuni,ready-mix,snacks-and-instant-food",5,,,active,1,100,"""<ul>
<li>Product Type: Radhuni Meat Curry Masala</li>
<li>Brand: Square</li>
<li>Weight: 100 gm</li>
<li>This products used as a complete spice for all kinds of meat cooking.</li>
</ul>""",,,,,,,
squarefood&beverageltd.,Radhuni Beef Curry Masala-25gm,1,Packet,radhuni,groceries,cooking-items,ready-mix,15,  18 ,0,,,,,"groceries,cooking-items,rice,spices,radhuni,ready-mix,snacks-and-instant-food",5,,,active,1,100,"""<ul>
<li>Product Type: Radhuni beef Curry Masala</li>
<li>Brand: Square</li>
<li>Weight: 25 gm</li>
<li>This products used as a complete spice for all kinds of meat cooking.</li>
</ul>""",,,,,,,
squarefood&beverageltd.,Radhuni Beef Curry Masala-100gm,1,Packet,radhuni,groceries,cooking-items,ready-mix,62,  70 ,0,,,,,"groceries,cooking-items,rice,spices,radhuni,ready-mix,snacks-and-instant-food",5,,,active,1,100,"""<ul>
<li>Product Type: Radhuni beef Curry Masala</li>
<li>Brand: Square</li>
<li>Weight: 100gm</li>
<li>This products used as a complete spice for all kinds of meat cooking.</li>
</ul>""",,,,,,,
squarefood&beverageltd.,Radhuni Mejbani Beef Masala -68gm,1,Packet,radhuni,groceries,cooking-items,ready-mix,59,  70 ,0,,,,,"groceries,cooking-items,rice,spices,radhuni,ready-mix,snacks-and-instant-food",5,,,active,1,100,"""<ul>
<li>Product Type:Radhuni Mejbani Beef Masala </li>
<li>Brand: Square</li>
<li>Weight: 68gm</li>
<li>This products used as a complete spice for all kinds of meat cooking.</li>
</ul>""",,,,,,,
squarefood&beverageltd.,Radhuni Kala Bhuna Masala-80gm,1,Packet,radhuni,groceries,cooking-items,ready-mix,59,  70 ,0,,,,,"groceries,cooking-items,rice,spices,radhuni,ready-mix,snacks-and-instant-food",5,,,active,1,100,"""<ul>
<li>Product Type:Radhuni Chicken Masala- </li>
<li>Brand: Square</li>
<li>Weight: 20gm</li>
<li>This products used as a complete spice for all kinds of meat cooking.</li>
</ul>""",,,,,,,
squarefood&beverageltd.,Radhuni Chicken Masala-20gm,1,Packet,radhuni,groceries,cooking-items,ready-mix,13,  15 ,0,,,,,"groceries,cooking-items,rice,spices,radhuni,ready-mix,snacks-and-instant-food",5,,,active,1,100,"""<ul>
<li>Product Type:Radhuni Chicken Masala </li>
<li>Brand: Square</li>
<li>Weight: 20gm</li>
<li>This products used as a complete spice for all kinds of meat cooking.</li>
</ul>""",,,,,,,
squarefood&beverageltd.,Radhuni Chicken Masala-100gm,1,Packet,radhuni,groceries,cooking-items,ready-mix,55,  65 ,0,,,,,"groceries,cooking-items,rice,spices,radhuni,ready-mix,snacks-and-instant-food",5,,,active,1,100,"""<ul>
<li>Product Type:Radhuni Chicken Masala-</li>
<li>Brand: Square</li>
<li>Weight: 100gm</li>
<li>This products used as a complete spice for all kinds of meat cooking.</li>
</ul>""",,,,,,,
squarefood&beverageltd.,Radhuni Chicken Tandoori Masala-50gm,1,Packet,radhuni,groceries,cooking-items,ready-mix,64,  75 ,0,,,,,"groceries,cooking-items,rice,spices,radhuni,ready-mix,snacks-and-instant-food",5,,,active,1,100,"""<ul>
<li>Product Type:Radhuni Chicken Masala </li>
<li>Brand: Square</li>
<li>Weight: 50gm</li>
<li>This products used as a complete spice for all kinds of meat cooking.</li>
</ul>""",,,,,,,
squarefood&beverageltd.,Radhuni Butter Chicken Masala-45gm,1,Packet,radhuni,groceries,cooking-items,ready-mix,42,  50 ,0,,,,,"groceries,cooking-items,rice,spices,radhuni,ready-mix,snacks-and-instant-food",5,,,active,1,100,"""<ul>
<li>Product Type:Radhuni Butter Chicken Masala- </li>
<li>Brand: Square</li>
<li>Weight: 45gm</li>
<li>This products used as a complete spice for all kinds of meat cooking.</li>
</ul>""",,,,,,,
squarefood&beverageltd.,Radhuni  Roast Masala-35gm,1,Packet,radhuni,groceries,cooking-items,ready-mix,50,  60 ,0,,,,,"groceries,cooking-items,rice,spices,radhuni,ready-mix,snacks-and-instant-food",5,,,active,1,100,"""<ul>
<li>Product Type:Radhuni  Roast Masala- </li>
<li>Brand: Square</li>
<li>Weight: 35gm</li>
<li>This products used as a complete spice for all kinds of meat cooking.</li>
</ul>""",,,,,,,
squarefood&beverageltd.,Radhuni Korma Masala-30gm,1,Packet,radhuni,groceries,cooking-items,ready-mix,37,  45 ,0,,,,,"groceries,cooking-items,rice,spices,radhuni,ready-mix,snacks-and-instant-food",5,,,active,1,100,"""<ul>
<li>Product Type:Radhuni Korma Masala </li>
<li>Brand: Square</li>
<li>Weight: 30gm</li>
<li>This products used as a complete spice for all kinds of meat cooking.</li>
</ul>""",,,,,,,
squarefood&beverageltd.,Radhuni BBQ Masala-50gm,1,Packet,radhuni,groceries,cooking-items,ready-mix,68,  80 ,0,,,,,"groceries,cooking-items,rice,spices,radhuni,ready-mix,snacks-and-instant-food",5,,,active,1,100,"""<ul>
<li>Product Type:Radhuni BBQ Masala </li>
<li>Brand: Square</li>
<li>Weight: 50gm</li>
<li>This products used as a complete spice for all kinds of meat cooking.</li>
</ul>""",,,,,,,
squarefood&beverageltd.,Radhuni Biryani Masala-40gm,1,Packet,radhuni,groceries,cooking-items,ready-mix,45,  55 ,0,,,,,"groceries,cooking-items,rice,spices,radhuni,ready-mix,snacks-and-instant-food",5,,,active,1,100,"""<ul>
<li>Product Type:Radhuni Biryani Masala </li>
<li>Brand: Square</li>
<li>Weight: 40gm</li>
<li>This products used as a complete spice for all kinds of meat cooking.</li>
</ul>""",,,,,,,
squarefood&beverageltd.,Radhuni Kachchi Biryani Masala-40gm,1,Packet,radhuni,groceries,cooking-items,ready-mix,32,  60 ,0,,,,,"groceries,cooking-items,rice,spices,radhuni,ready-mix,snacks-and-instant-food",5,,,active,1,100,"""<ul>
<li>Product Type:Radhuni Kachchi Biryani Masala </li>
<li>Brand: Square</li>
<li>Weight: 40gm</li>
<li>This products used as a complete spice for all kinds of meat cooking.</li>
</ul>""",,,,,,,
squarefood&beverageltd.,Radhuni Hyderabadi Biryani Masala-45gm,1,Packet,radhuni,groceries,cooking-items,ready-mix,65,  80 ,0,,,,,"groceries,cooking-items,rice,spices,radhuni,ready-mix,snacks-and-instant-food",5,,,active,1,100,"""<ul>
<li>Product Type:Radhuni Hyderabadi Biryani Masala </li>
<li>Brand: Square</li>
<li>Weight: 45gm</li>
<li>This products used as a complete spice for all kinds of meat cooking.</li>
</ul>""",,,,,,,
squarefood&beverageltd.,Radhuni Tehari Masala-45gm,1,Packet,radhuni,groceries,cooking-items,ready-mix,40,  50 ,0,,,,,"groceries,cooking-items,rice,spices,radhuni,ready-mix,snacks-and-instant-food",5,,,active,1,100,"""<ul>
<li>Product Type:Radhuni Tehari Masala </li>
<li>Brand: Square</li>
<li>Weight: 45gm</li>
<li>This products used as a complete spice for all kinds of meat cooking.</li>
</ul>""",,,,,,,
squarefood&beverageltd.,Radhuni Kabab Masala-50gm,1,Packet,radhuni,groceries,cooking-items,ready-mix,76,  90 ,0,,,,,"groceries,cooking-items,rice,spices,radhuni,ready-mix,snacks-and-instant-food",5,,,active,1,100,"""<ul>
<li>Product Type:Radhuni Kabab Masala- </li>
<li>Brand: Square</li>
<li>Weight: 50gm</li>
<li>This products used as a complete spice for all kinds of meat cooking.</li>
</ul>""",,,,,,,
squarefood&beverageltd.,Radhuni Jali Kabab Masala-50gm,1,Packet,radhuni,groceries,cooking-items,ready-mix,81,  95 ,0,,,,,"groceries,cooking-items,rice,spices,radhuni,ready-mix,snacks-and-instant-food",5,,,active,1,100,"""<ul>
<li>Product Type:Radhuni Jali Kabab Masala</li>
<li>Brand: Square</li>
<li>Weight: 50gm</li>
<li>This products used as a complete spice for all kinds of meat cooking.</li>
</ul>""",,,,,,,
squarefood&beverageltd.,Radhuni Borhani Masala-50gm,1,Packet,radhuni,groceries,cooking-items,ready-mix,29,  40 ,0,,,,,"groceries,cooking-items,rice,spices,radhuni,ready-mix,snacks-and-instant-food",5,,,active,1,100,"<ul>
<li>Brand:&nbsp;Radhuni</li>
<li>Origin: Bangladesh</li>
<li>Size: 50 gm</li>
<li>Radhuni Burhani masala eases the preparation of the most popular beverage in our local culture.</li>
<li>Borhani is always present before the rich meals on every special occasion and festival.</li>
</ul>",,,,,,,
squarefood&beverageltd.,Radhuni Chatpati Masala-50gm,1,Packet,radhuni,groceries,cooking-items,ready-mix,30,  40 ,0,,,,,"groceries,cooking-items,rice,spices,radhuni,ready-mix,snacks-and-instant-food",5,,,active,1,100,"<ul>
<li>Brand: Square.</li>
<li>Net Weight: 50gm.</li>
<li>Good quality product.</li>
</ul>",,,,,,,
squarefood&beverageltd.,Radhuni Khichuri Mix-500gm,1,Packet,radhuni,groceries,cooking-items,ready-mix,99,  110 ,0,,,,,"groceries,cooking-items,rice,spices,radhuni,ready-mix,snacks-and-instant-food",5,,,active,1,100,"<ul>
<li>Brand: Square.</li>
<li>Net Weight: 500gm.</li>
<li>Good quality product.</li>
</ul>",,,,,,,
squarefood&beverageltd.,Radhuni Kasundi-265ml,1,Packet,radhuni,groceries,cooking-items,sauces,45,  50 ,0,,,,,"groceries,cooking-items,rice,spices,radhuni,ready-mix,snacks-and-instant-food",5,,,active,1,100,"<ul>
<li>Size: 265ml</li>
<li>Kasundi is a protein-rich spicy product made from mustard seeds. it is used as a condiment and taste enhancer.</li>
<li>kasundi is eaten with green fruits, fried food, rice, and vegetables.</li>
<li>Shorshe ilish, a traditional dish, famous among Bengali can be made with kasundi.</li>
<li>You can also use kasundi as an excellent salad dressing as well as a sauce.</li>
<li>kasundi has the beneficial effect of stimulating appetite and digestion.</li>
<li>&nbsp;</li>
</ul>",,,,,,,
squarefood&beverageltd.,Radhuni Haleem Mix-200gm,1,Packet,radhuni,groceries,cooking-items,ready-mix,49,  55 ,0,,,,,"groceries,cooking-items,rice,spices,radhuni,ready-mix,snacks-and-instant-food",5,,,active,1,100,"<ul>
<li>Brand: Square.</li>
<li>Net Weight: 200gm.</li>
<li>Good quality product.</li>
</ul>",,,,,,,
squarefood&beverageltd.,Radhuni Shemai-200gm,1,Packet,radhuni,groceries,cooking-items,shemai-and-suji,28,  35 ,0,,,,,"groceries,cooking-items,rice,spices,radhuni,ready-mix,snacks-and-instant-food",5,,,active,1,100,"<ul>
<li>Brand: Square.</li>
<li>Net Weight: 200gm.</li>
<li>Good quality product.</li>
</ul>",,,,,,,
squarefood&beverageltd.,Radhuni Firni Mix-150gm,1,Packet,radhuni,groceries,cooking-items,ready-mix,39,  45 ,0,,,,,"groceries,cooking-items,rice,spices,radhuni,ready-mix,snacks-and-instant-food",5,,,active,1,100,"<ul>
<li>Brand: Square.</li>
<li>Net Weight: 150gm.</li>
<li>Good quality product.</li>
</ul>",,,,,,,
squarefood&beverageltd.,Radhuni Kheer Mix-150gm,1,Packet,radhuni,groceries,cooking-items,ready-mix,39,  45 ,0,,,,,"groceries,cooking-items,rice,spices,radhuni,ready-mix,snacks-and-instant-food",5,,,active,1,100,"<ul>
<li>Brand: Square.</li>
<li>Net Weight: 150gm.</li>
<li>Good quality product.</li>
</ul>",,,,,,,
squarefood&beverageltd.,Radhuni Jorda Mix-400gm,1,Packet,radhuni,groceries,cooking-items,ready-mix,100,  110 ,0,,,,,"groceries,cooking-items,rice,spices,radhuni,ready-mix,snacks-and-instant-food",5,,,active,1,100,"<ul>
<li>Brand: Square.</li>
<li>Net Weight: 400gm.</li>
<li>Good quality product.</li>
</ul>",,,,,,,
squarefood&beverageltd.,Radhuni Falooda Mix-Mango Flavor-250gm,1,Packet,radhuni,groceries,cooking-items,ready-mix,64,  75 ,0,,,,,"groceries,cooking-items,rice,spices,radhuni,ready-mix,snacks-and-instant-food",5,,,active,1,100,"<ul>
<li>Brand: Square.</li>
<li>Net Weight: 250gm.</li>
<li>Good quality product.</li>
</ul>",,,,,,,
squarefood&beverageltd.,Radhuni Falooda Mix-Vanilla Flavor-250gm,1,Packet,radhuni,groceries,cooking-items,ready-mix,64,  75 ,0,,,,,"groceries,cooking-items,rice,spices,radhuni,ready-mix,snacks-and-instant-food",5,,,active,1,100,"<ul>
<li>Brand: Square.</li>
<li>Net Weight: 250gm.</li>
<li>Good quality product.</li>
</ul>",,,,,,,
squarefood&beverageltd.,Radhuni Mustard Oil-80ml,1,Piece,radhuni,groceries,cooking-items,oil,27,  30 ,0,,,,,"groceries,cooking-items,rice,spices,radhuni,ready-mix,snacks-and-instant-food",5,,,active,1,100,"<ul>
<li>Brand: Square.</li>
<li>Net Weight: 80gm.</li>
<li>Good quality product.</li>
</ul>",,,,,,,
squarefood&beverageltd.,Radhuni Mustard Oil-250ml,1,Piece,radhuni,groceries,cooking-items,oil,71,  80 ,0,,,,,"groceries,cooking-items,rice,spices,radhuni,ready-mix,snacks-and-instant-food",5,,,active,1,100,"<ul>
<li>Brand: Square.</li>
<li>Net Weight: 250gm.</li>
<li>Good quality product.</li>
</ul>",,,,,,,
squarefood&beverageltd.,Radhuni Mustard Oil-500ml,1,Piece,radhuni,groceries,cooking-items,oil,136,  150 ,0,,,,,"groceries,cooking-items,rice,spices,radhuni,ready-mix,snacks-and-instant-food",5,,,active,1,100,"<ul>
<li>Brand: Square.</li>
<li>Net Weight: 500gm.</li>
<li>Good quality product.</li>
</ul>",,,,,,,
squarefood&beverageltd.,Radhuni Mustard Oil-1ltr,1,Piece,radhuni,groceries,cooking-items,oil,264,  290 ,0,,,,,"groceries,cooking-items,rice,spices,radhuni,ready-mix,snacks-and-instant-food",5,,,active,1,100,"""<ul>
<li>Brand: Square.</li>
<li>Net Weight: 1ltr.</li>
<li>Good quality product.</li>
</ul>""",,,,,,,
squarefood&beverageltd.,Radhuni Sunflower Oil-1 Ltr,1,Piece,radhuni,groceries,cooking-items,oil,275,  320 ,0,,,,,"groceries,cooking-items,rice,spices,radhuni,ready-mix,snacks-and-instant-food",5,,,active,1,100,"<ul>
<li>Brand: Square.</li>
<li>Net Weight: 1ltr.</li>
<li>Good quality product.</li>
</ul>",,,,,,,
squarefood&beverageltd.,Radhuni Sunflower Oil-5 Ltr,1,Piece,radhuni,groceries,cooking-items,oil,1325,  1575 ,0,,,,,"groceries,cooking-items,rice,spices,radhuni,ready-mix,snacks-and-instant-food,ruchi",5,,,active,1,100,"<ul>
<li>Brand: Square.</li>
<li>Net Weight: 5ltr.</li>
<li>Good quality product.</li>
</ul>",,,,,,,
squarefood&beverageltd.,Radhuni Vinegar-280ml,1,Piece,radhuni,groceries,cooking-items,salad-dressing,37,  45 ,0,,,,,"groceries,cooking-items,rice,spices,radhuni,ready-mix,snacks-and-instant-food,ruchi",5,,,active,1,100,"<ul>
<li>Brand: Square.</li>
<li>Net Weight: 280gm.</li>
<li>Good quality product.</li>
</ul>",,,,,,,
squarefood&beverageltd.,Radhuni Vinegar-540ml,1,Piece,radhuni,groceries,cooking-items,salad-dressing,58,  70 ,0,,,,,"groceries,cooking-items,rice,spices,radhuni,ready-mix,snacks-and-instant-food,ruchi",5,,,active,1,100,"<ul>
<li>Brand: Square.</li>
<li>Net Weight: 540gm.</li>
<li>Good quality product.</li>
</ul>",,,,,,,
squarefood&beverageltd.,Ruchi Chanachur - Premium Mix -100gm,1,Packet,ruchi,groceries,snacks-and-instant-food,local-snacks,43,  50 ,0,,,,,"groceries,cooking-items,rice,spices,radhuni,ready-mix,snacks-and-instant-food,ruchi",5,,,active,1,100,"<ul>
<li>Brand: Square.</li>
<li>Net Weight: 100gm.</li>
<li>Good quality product.</li>
</ul>",,,,,,,
squarefood&beverageltd.,Ruchi Chanachur - Premium Mix -200gm,1,Packet,ruchi,groceries,snacks-and-instant-food,local-snacks,78,  90 ,0,,,,,"groceries,cooking-items,rice,spices,radhuni,ready-mix,snacks-and-instant-food,ruchi",5,,,active,1,100,"<ul>
<li>Brand: Square.</li>
<li>Net Weight: 200gm.</li>
<li>Good quality product.</li>
</ul>",,,,,,,
squarefood&beverageltd.,Ruchi Chanachur - Hot-20gm,1,Packet,ruchi,groceries,snacks-and-instant-food,local-snacks,4,  5 ,0,,,,,"groceries,cooking-items,rice,spices,radhuni,ready-mix,snacks-and-instant-food,ruchi",5,,,active,1,100,"<ul>
<li>Brand: Square.</li>
<li>Net Weight: 20gm.</li>
<li>Good quality product.</li>
</ul>",,,,,,,
squarefood&beverageltd.,Ruchi Chanachur - Hot-35gm,1,Packet,ruchi,groceries,snacks-and-instant-food,local-snacks,9,  10 ,0,,,,,"groceries,cooking-items,rice,spices,radhuni,ready-mix,snacks-and-instant-food,ruchi",5,,,active,1,100,"<ul>
<li>Brand: Square.</li>
<li>Net Weight: 35gm.</li>
<li>Good quality product.</li>
</ul>",,,,,,,
squarefood&beverageltd.,Ruchi Chanachur - Hot-65gm,1,Packet,ruchi,groceries,snacks-and-instant-food,local-snacks,13,  15 ,0,,,,,"groceries,cooking-items,rice,spices,radhuni,ready-mix,snacks-and-instant-food,ruchi",5,,,active,1,100,"<ul>
<li>Brand: Square.</li>
<li>Net Weight: 65gm.</li>
<li>Good quality product.</li>
</ul>",,,,,,,
squarefood&beverageltd.,Ruchi Chanachur - Hot-150gm,1,Packet,ruchi,groceries,snacks-and-instant-food,local-snacks,37,  43 ,0,,,,,"groceries,cooking-items,rice,spices,radhuni,ready-mix,snacks-and-instant-food,ruchi",5,,,active,1,100,"<ul>
<li>Brand: Square.</li>
<li>Net Weight: 150gm.</li>
<li>Good quality product.</li>
</ul>",,,,,,,
squarefood&beverageltd.,Ruchi Chanachur - Hot-300gm,1,Packet,ruchi,groceries,snacks-and-instant-food,local-snacks,70,  80 ,0,,,,,"groceries,cooking-items,rice,spices,radhuni,ready-mix,snacks-and-instant-food,ruchi",5,,,active,1,100,"<ul>
<li>Brand: Square.</li>
<li>Net Weight: 300gm.</li>
<li>Good quality product.</li>
</ul>",,,,,,,
squarefood&beverageltd.,Ruchi Chanachur - Hot-500gm,1,Packet,ruchi,groceries,snacks-and-instant-food,local-snacks,108,  120 ,0,,,,,"groceries,cooking-items,rice,spices,radhuni,ready-mix,snacks-and-instant-food,ruchi",5,,,active,1,100,"<ul>
<li>Brand: Square.</li>
<li>Net Weight: 500gm.</li>
<li>Good quality product.</li>
</ul>",,,,,,,
squarefood&beverageltd.,Ruchi Chanachur - BBQ-35gm,1,Packet,ruchi,groceries,snacks-and-instant-food,local-snacks,9,  10 ,0,,,,,"groceries,cooking-items,rice,spices,radhuni,ready-mix,snacks-and-instant-food,ruchi",5,,,active,1,100,"<ul>
<li>Brand: Square.</li>
<li>Net Weight: 35gm.</li>
<li>Good quality product.</li>
</ul>",,,,,,,
squarefood&beverageltd.,Ruchi Chanachur - BBQ-80gm,1,Packet,ruchi,groceries,snacks-and-instant-food,local-snacks,16,  18 ,0,,,,,"groceries,cooking-items,rice,spices,radhuni,ready-mix,snacks-and-instant-food,ruchi",5,,,active,1,100,"<ul>
<li>Brand: Square.</li>
<li>Net Weight: 80gm.</li>
<li>Good quality product.</li>
</ul>",,,,,,,
squarefood&beverageltd.,Ruchi Chanachur - BBQ-150gm,1,Packet,ruchi,groceries,snacks-and-instant-food,local-snacks,37,  43 ,0,,,,,"groceries,cooking-items,rice,spices,radhuni,ready-mix,snacks-and-instant-food,ruchi",5,,,active,1,100,"<ul>
<li>Brand: Square.</li>
<li>Net Weight: 150gm.</li>
<li>Good quality product.</li>
</ul>",,,,,,,
squarefood&beverageltd.,Ruchi Chanachur - BBQ-300gm,1,Packet,ruchi,groceries,snacks-and-instant-food,local-snacks,70,  80 ,0,,,,,"groceries,cooking-items,rice,spices,radhuni,ready-mix,snacks-and-instant-food,ruchi",5,,,active,1,100,"<ul>
<li>Brand: Square.</li>
<li>Net Weight: 300gm.</li>
<li>Good quality product.</li>
</ul>",,,,,,,
squarefood&beverageltd.,Ruchi Chanachur - BBQ-500gm,1,Packet,ruchi,groceries,snacks-and-instant-food,local-snacks,108,  120 ,0,,,,,"groceries,cooking-items,rice,spices,radhuni,ready-mix,snacks-and-instant-food,ruchi",5,,,active,1,100,"""<ul>
<li>Brand: Square.</li>
<li>Net Weight: 500gm.</li>
<li>Good quality product.</li>
</ul>""",,,,,,,
squarefood&beverageltd.,Ruchi Fried Dal - Regular-20gm,1,Packet,ruchi,groceries,snacks-and-instant-food,local-snacks,4,  5 ,0,,,,,"groceries,cooking-items,rice,spices,radhuni,ready-mix,snacks-and-instant-food,ruchi",5,,,active,1,100,"<ul>
<li>Brand: Square.</li>
<li>Net Weight: 20gm.</li>
<li>Good quality product.</li>
</ul>",,,,,,,
squarefood&beverageltd.,Ruchi Fried Dal - Regular-30gm,1,Packet,ruchi,groceries,snacks-and-instant-food,local-snacks,7,  8 ,0,,,,,"groceries,cooking-items,rice,spices,radhuni,ready-mix,snacks-and-instant-food,ruchi",5,,,active,1,100,"<ul>
<li>Brand: Square.</li>
<li>Net Weight: 30gm.</li>
<li>Good quality product.</li>
</ul>",,,,,,,
squarefood&beverageltd.,Ruchi Fried Dal - BBQ-30gm,1,Packet,ruchi,groceries,snacks-and-instant-food,local-snacks,7,  8 ,0,,,,,"groceries,cooking-items,rice,spices,radhuni,ready-mix,snacks-and-instant-food,ruchi",5,,,active,1,100,"<ul>
<li>Brand: Square.</li>
<li>Net Weight: 30gm.</li>
<li>Good quality product.</li>
</ul>",,,,,,,
squarefood&beverageltd.,Ruchi Jhuribhaja-20gm,1,Packet,ruchi,groceries,snacks-and-instant-food,local-snacks,4,  5 ,0,,,,,"groceries,cooking-items,rice,spices,radhuni,ready-mix,snacks-and-instant-food,ruchi",5,,,active,1,100,<ul> <li>Brand: Square.</li> <li>Net Weight: 20gm.</li> <li>Good quality product.</li> </ul>,,,,,,,
squarefood&beverageltd.,Ruchi Chira Bhaja-35gm,1,Packet,ruchi,groceries,snacks-and-instant-food,local-snacks,7,  8 ,0,,,,,"groceries,cooking-items,rice,spices,radhuni,ready-mix,snacks-and-instant-food,ruchi",5,,,active,1,100,<ul> <li>Brand: Square.</li> <li>Net Weight: 35gm.</li> <li>Good quality product.</li> </ul>,,,,,,,
squarefood&beverageltd.,Ruchi Jhal Muri-35gm,1,Packet,ruchi,groceries,snacks-and-instant-food,local-snacks,9,  10 ,0,,,,,"groceries,cooking-items,rice,spices,radhuni,ready-mix,snacks-and-instant-food,ruchi",5,,,active,1,100,<ul> <li>Brand: Square.</li> <li>Net Weight: 35gm.</li> <li>Good quality product.</li> </ul>,,,,,,,
squarefood&beverageltd.,Ruchi Potato Crackers - BBQ-10gm,1,Packet,ruchi,groceries,snacks-and-instant-food,chips-and-pretzels,4,  5 ,0,,,,,"groceries,cooking-items,rice,spices,radhuni,ready-mix,snacks-and-instant-food,ruchi",5,,,active,1,100,<ul> <li>Brand: Square.</li> <li>Net Weight: 10gm.</li> <li>Good quality product.</li> </ul>,,,,,,,
squarefood&beverageltd.,Ruchi Potato Crackers - BBQ-22gm,1,Packet,ruchi,groceries,snacks-and-instant-food,chips-and-pretzels,8,  10 ,0,,,,,"groceries,cooking-items,rice,spices,radhuni,ready-mix,snacks-and-instant-food,ruchi",5,,,active,1,100,<ul> <li>Brand: Square.</li> <li>Net Weight: 22gm.</li> <li>Good quality product.</li> </ul>,,,,,,,
squarefood&beverageltd.,Ruchi Potato Crackers - Thai Sweet Chili  -10gm,1,Packet,ruchi,groceries,snacks-and-instant-food,chips-and-pretzels,4,  5 ,0,,,,,"groceries,cooking-items,rice,spices,radhuni,ready-mix,snacks-and-instant-food,ruchi",5,,,active,1,100,<ul> <li>Brand: Square.</li> <li>Net Weight: 10gm.</li> <li>Good quality product.</li> </ul>,,,,,,,
squarefood&beverageltd.,Ruchi Potato Crackers - Thai Sweet Chili  -22gm,1,Packet,ruchi,groceries,snacks-and-instant-food,chips-and-pretzels,8,  10 ,0,,,,,"groceries,cooking-items,rice,spices,radhuni,ready-mix,snacks-and-instant-food,ruchi",5,,,active,1,100,<ul> <li>Brand: Square.</li> <li>Net Weight: 22gm.</li> <li>Good quality product.</li> </ul>,,,,,,,
squarefood&beverageltd.,Ruchi Muri-250gm,1,Packet,ruchi,groceries,snacks-and-instant-food,local-snacks,31,  36 ,0,,,,,"groceries,cooking-items,rice,spices,radhuni,ready-mix,snacks-and-instant-food,ruchi",5,,,active,1,100,<ul> <li>Brand: Square.</li> <li>Net Weight: 250gm.</li> <li>Good quality product.</li> </ul>,,,,,,,
squarefood&beverageltd.,Ruchi Muri-500 gm,1,Packet,ruchi,groceries,snacks-and-instant-food,local-snacks,56,  63 ,0,,,,,"groceries,cooking-items,rice,spices,radhuni,ready-mix,snacks-and-instant-food,ruchi",5,,,active,1,100,<ul> <li>Brand: Square.</li> <li>Net Weight: 500gm.</li> <li>Good quality product.</li> </ul>,,,,,,,
squarefood&beverageltd.,Ruchi Orange Jam-250 gm,1,Packet,ruchi,groceries,breakfast,jam-honey-and-spreads,60,  70 ,0,,,,,"groceries,cooking-items,rice,spices,radhuni,ready-mix,snacks-and-instant-food,ruchi",5,,,active,1,100,<ul> <li>Brand: Square.</li> <li>Net Weight: 250gm.</li> <li>Good quality product.</li> </ul>,,,,,,,
squarefood&beverageltd.,Ruchi Orange Jam-480gm,1,Packet,ruchi,groceries,breakfast,jam-honey-and-spreads,115,  130 ,0,,,,,"groceries,cooking-items,rice,spices,radhuni,ready-mix,snacks-and-instant-food,ruchi",5,,,active,1,100,<ul> <li>Brand: Square.</li> <li>Net Weight: 480gm.</li> <li>Good quality product.</li> </ul>,,,,,,,
squarefood&beverageltd.,Ruchi Mixed Fruit Jam-250 gm,1,Packet,ruchi,groceries,breakfast,jam-honey-and-spreads,60,  70 ,0,,,,,"groceries,cooking-items,rice,spices,radhuni,ready-mix,snacks-and-instant-food,ruchi",5,,,active,1,100,<ul> <li>Brand: Square.</li> <li>Net Weight: 250gm.</li> <li>Good quality product.</li> </ul>,,,,,,,
squarefood&beverageltd.,Ruchi Mixed Fruit Jam-480 gm,1,Packet,ruchi,groceries,breakfast,jam-honey-and-spreads,115,  130 ,0,,,,,"groceries,cooking-items,rice,spices,radhuni,ready-mix,snacks-and-instant-food,ruchi",5,,,active,1,100,<ul> <li>Brand: Square.</li> <li>Net Weight: 480gm.</li> <li>Good quality product.</li> </ul>,,,,,,,
squarefood&beverageltd.,Ruchi Pickle - Mango-400gm,1,Packet,ruchi,groceries,cooking-items,pickles,112,  130 ,0,,,,,"groceries,cooking-items,rice,spices,radhuni,ready-mix,snacks-and-instant-food,ruchi",5,,,active,1,100,<ul> <li>Brand: Square.</li> <li>Net Weight: 400gm.</li> <li>Good quality product.</li> </ul>,,,,,,,
squarefood&beverageltd.,Ruchi Pickle - Mango-200gm,1,Packet,ruchi,groceries,cooking-items,pickles,60,  70 ,0,,,,,"groceries,cooking-items,rice,spices,radhuni,ready-mix,snacks-and-instant-food,ruchi",5,,,active,1,100,<ul> <li>Brand: Square.</li> <li>Net Weight: 200gm.</li> <li>Good quality product.</li> </ul>,,,,,,,
squarefood&beverageltd.,Ruchi Pickle - Mango-1 Kg,1,Packet,ruchi,groceries,cooking-items,pickles,230,  280 ,0,,,,,"groceries,cooking-items,rice,spices,radhuni,ready-mix,snacks-and-instant-food,ruchi",5,,,active,1,100,<ul> <li>Brand: Square.</li> <li>Net Weight: 1kg.</li> <li>Good quality product.</li> </ul>,,,,,,,
squarefood&beverageltd.,Ruchi Pickle - Garlic-200gm,1,Packet,ruchi,groceries,cooking-items,pickles,112,  130 ,0,,,,,"groceries,cooking-items,rice,spices,radhuni,ready-mix,snacks-and-instant-food,ruchi",5,,,active,1,100,<ul> <li>Brand: Square.</li> <li>Net Weight: 200gm.</li> <li>Good quality product.</li> </ul>,,,,,,,
squarefood&beverageltd.,Ruchi Pickle - Olive-400gm,1,Packet,ruchi,groceries,cooking-items,pickles,112,  130 ,0,,,,,"groceries,cooking-items,rice,spices,radhuni,ready-mix,snacks-and-instant-food,ruchi",5,,,active,1,100,<ul> <li>Brand: Square.</li> <li>Net Weight: 400gm.</li> <li>Good quality product.</li> </ul>,,,,,,,
squarefood&beverageltd.,Ruchi Pickle - Olive-1 Kg,1,Packet,ruchi,groceries,cooking-items,pickles,230,  280 ,0,,,,,"groceries,cooking-items,rice,spices,radhuni,ready-mix,snacks-and-instant-food,ruchi",5,,,active,1,100,<ul> <li>Brand: Square.</li> <li>Net Weight: 1kg.</li> <li>Good quality product.</li> </ul>,,,,,,,
squarefood&beverageltd.,Ruchi Pickle - Mixed-400 gm,1,Packet,ruchi,groceries,cooking-items,pickles,112,  130 ,0,,,,,"groceries,cooking-items,rice,spices,radhuni,ready-mix,snacks-and-instant-food,ruchi",5,,,active,1,100,<ul> <li>Brand: Square.</li> <li>Net Weight: 400gm.</li> <li>Good quality product.</li> </ul>,,,,,,,
squarefood&beverageltd.,Ruchi Pickle - Alubukhara-200 gm,1,Packet,ruchi,groceries,cooking-items,pickles,161,  185 ,0,,,,,"groceries,cooking-items,rice,spices,radhuni,ready-mix,snacks-and-instant-food,ruchi",5,,,active,1,100,<ul> <li>Brand: Square.</li> <li>Net Weight: 200gm.</li> <li>Good quality product.</li> </ul>,,,,,,,
squarefood&beverageltd.,Ruchi Pickle - Alubukhara-400 gm,1,Packet,ruchi,groceries,cooking-items,pickles,267,  300 ,0,,,,,"groceries,cooking-items,rice,spices,radhuni,ready-mix,snacks-and-instant-food,ruchi",5,,,active,1,100,<ul> <li>Brand: Square.</li> <li>Net Weight: 400gm.</li> <li>Good quality product.</li> </ul>,,,,,,,
squarefood&beverageltd.,Ruchi Pickle - Chalta-400 gm,1,Packet,ruchi,groceries,cooking-items,pickles,112,  130 ,0,,,,,"groceries,cooking-items,rice,spices,radhuni,ready-mix,snacks-and-instant-food,ruchi",5,,,active,1,100,<ul> <li>Brand: Square.</li> <li>Net Weight: 400gm.</li> <li>Good quality product.</li> </ul>,,,,,,,
squarefood&beverageltd.,Ruchi Chutney - Tamarind-20gm,1,Packet,ruchi,groceries,cooking-items,pickles,4,  5 ,0,,,,,"groceries,cooking-items,rice,spices,radhuni,ready-mix,snacks-and-instant-food,ruchi",5,,,active,1,100,<ul> <li>Brand: Square.</li> <li>Net Weight: 20gm.</li> <li>Good quality product.</li> </ul>,,,,,,,
squarefood&beverageltd.,Ruchi Chutney - Boroi-20gm,1,Packet,ruchi,groceries,cooking-items,pickles,4,  5 ,0,,,,,"groceries,cooking-items,rice,spices,radhuni,ready-mix,snacks-and-instant-food,ruchi",5,,,active,1,100,<ul> <li>Brand: Square.</li> <li>Net Weight: 20gm.</li> <li>Good quality product.</li> </ul>,,,,,,,
squarefood&beverageltd.,Ruchi Chutney - Mixed-450gm,1,Packet,ruchi,groceries,cooking-items,pickles,98,  115 ,0,,,,,"groceries,cooking-items,rice,spices,radhuni,ready-mix,snacks-and-instant-food,ruchi",5,,,active,1,100,<ul> <li>Brand: Square.</li> <li>Net Weight: 450gm.</li> <li>Good quality product.</li> </ul>,,,,,,,
squarefood&beverageltd.,Ruchi Red Chili Sauce-10gm,1,Packet,ruchi,groceries,snacks-and-instant-food,sauces,2,  3 ,0,,,,,"groceries,cooking-items,rice,spices,radhuni,ready-mix,snacks-and-instant-food,ruchi",5,,,active,1,100,<ul> <li>Brand: Square.</li> <li>Net Weight: 10gm.</li> <li>Good quality product.</li> </ul>,,,,,,,
squarefood&beverageltd.,Ruchi Red Chilli Sauce-360gm,1,Packet,ruchi,groceries,snacks-and-instant-food,sauces,80,  100 ,0,,,,,"groceries,cooking-items,rice,spices,radhuni,ready-mix,snacks-and-instant-food,ruchi",5,,,active,1,100,<ul> <li>Brand: Square.</li> <li>Net Weight: 360gm.</li> <li>Good quality product.</li> </ul>,,,,,,,
squarefood&beverageltd.,Ruchi Red Chilli Sauce-5kg,1,Packet,ruchi,groceries,snacks-and-instant-food,sauces,560,  620 ,0,,,,,"groceries,cooking-items,rice,spices,radhuni,ready-mix,snacks-and-instant-food,ruchi",5,,,active,1,100,<ul> <li>Brand: Square.</li> <li>Net Weight: 5kg.</li> <li>Good quality product.</li> </ul>,,,,,,,
squarefood&beverageltd.,Ruchi Tomato Ketchup-10gm,1,Packet,ruchi,groceries,snacks-and-instant-food,sauces,2,  3 ,0,,,,,"groceries,cooking-items,rice,spices,radhuni,ready-mix,snacks-and-instant-food,ruchi",5,,,active,1,100,<ul> <li>Brand: Square.</li> <li>Net Weight: 10gm.</li> <li>Good quality product.</li> </ul>,,,,,,,
squarefood&beverageltd.,Ruchi Tomato Ketchup-350gm,1,Packet,ruchi,groceries,snacks-and-instant-food,sauces,75,  90 ,0,,,,,"groceries,cooking-items,rice,spices,radhuni,ready-mix,snacks-and-instant-food,ruchi",5,,,active,1,100,<ul> <li>Brand: Square.</li> <li>Net Weight: 350gm.</li> <li>Good quality product.</li> </ul>,,,,,,,
squarefood&beverageltd.,Ruchi Tomato Ketchup-1kg,1,Packet,ruchi,groceries,snacks-and-instant-food,sauces,155,  190 ,0,,,,,"groceries,cooking-items,rice,spices,radhuni,ready-mix,snacks-and-instant-food,ruchi",5,,,active,1,100,<ul> <li>Brand: Square.</li> <li>Net Weight: 1kg.</li> <li>Good quality product.</li> </ul>,,,,,,,
squarefood&beverageltd.,Ruchi Tomato Ketchup-5kg,1,Packet,ruchi,groceries,snacks-and-instant-food,sauces,500,  560 ,0,,,,,"groceries,cooking-items,rice,spices,radhuni,ready-mix,snacks-and-instant-food,ruchi",5,,,active,1,100,<ul> <li>Brand: Square.</li> <li>Net Weight: 1kg.</li> <li>Good quality product.</li> </ul>,,,,,,,
squarefood&beverageltd.,Ruchi Hot Tomato Sauce-10gm,1,Packet,ruchi,groceries,snacks-and-instant-food,sauces,2,  3 ,0,,,,,"groceries,cooking-items,rice,spices,radhuni,ready-mix,snacks-and-instant-food,ruchi",5,,,active,1,100,<ul> <li>Brand: Square.</li> <li>Net Weight: 10gm.</li> <li>Good quality product.</li> </ul>,,,,,,,
squarefood&beverageltd.,Ruchi Hot Tomato Sauce-350gm,1,Packet,ruchi,groceries,snacks-and-instant-food,sauces,75,  90 ,0,,,,,"groceries,cooking-items,rice,spices,radhuni,ready-mix,snacks-and-instant-food,ruchi",5,,,active,1,100,<ul> <li>Brand: Square.</li> <li>Net Weight: 350gm.</li> <li>Good quality product.</li> </ul>,,,,,,,
squarefood&beverageltd.,Ruchi Hot Tomato Sauce-1kg,1,Packet,ruchi,groceries,snacks-and-instant-food,sauces,155,  190 ,0,,,,,"groceries,cooking-items,rice,spices,radhuni,ready-mix,snacks-and-instant-food,ruchi",5,,,active,1,100,<ul> <li>Brand: Square.</li> <li>Net Weight: 1kg.</li> <li>Good quality product.</li> </ul>,,,,,,,
squarefood&beverageltd.,Ruchi Hot Tomato Sauce-5kg,1,Packet,ruchi,groceries,snacks-and-instant-food,sauces,500,  560 ,0,,,,,"groceries,cooking-items,rice,spices,radhuni,ready-mix,snacks-and-instant-food,ruchi",5,,,active,1,100,<ul> <li>Brand: Square.</li> <li>Net Weight: 5kg.</li> <li>Good quality product.</li> </ul>,,,,,,,
squarefood&beverageltd.,Ruchi Tamarind Sauce-370gm,1,Packet,ruchi,groceries,snacks-and-instant-food,sauces,100,  120 ,0,,,,,"groceries,cooking-items,rice,spices,radhuni,ready-mix,snacks-and-instant-food,ruchi",5,,,active,1,100,<ul> <li>Brand: Square.</li> <li>Net Weight: 370gm.</li> <li>Good quality product.</li> </ul>,,,,,,,
squarefood&beverageltd.,Ruchi Tamarind Sauce-5kg,1,Packet,ruchi,groceries,snacks-and-instant-food,sauces,500,  620 ,0,,,,,"groceries,cooking-items,rice,spices,radhuni,ready-mix,snacks-and-instant-food,ruchi",5,,,active,1,100,<ul> <li>Brand: Square.</li> <li>Net Weight: 5kg.</li> <li>Good quality product.</li> </ul>,,,,,,,
squarefood&beverageltd.,Ruchi Sweet Chilli Sauce-350 gm,1,Packet,ruchi,groceries,snacks-and-instant-food,sauces,100,  120 ,0,,,,,"groceries,cooking-items,rice,spices,radhuni,ready-mix,snacks-and-instant-food,ruchi",5,,,active,1,100,<ul> <li>Brand: Square.</li> <li>Net Weight: 350gm.</li> <li>Good quality product.</li> </ul>,,,,,,,
squarefood&beverageltd.,Chashi Aromatic Chinigura Rice-1 Kg,1,Packet,chashi,groceries,cooking-items,rice,105,  125 ,0,,,,,"groceries,cooking-items,rice,spices,radhuni,ready-mix,snacks-and-instant-food,ruchi",5,,,active,1,100,"<ul>
<li>Product Type:&nbsp;Aromatic Chinigura Rice</li>
<li>Brand:&nbsp;Chashi</li>
<li>Size:&nbsp;Pack of 1kg</li>
</ul>",,,,,,,
squarefood&beverageltd.,Chashi Aromatic Chinigura Rice-2 Kg,1,Packet,chashi,groceries,cooking-items,rice,205,  240 ,0,,,,,"groceries,cooking-items,rice,spices,radhuni,ready-mix,snacks-and-instant-food,ruchi",5,,,active,1,100,"<ul>
<li>Product Type:&nbsp;Aromatic Chinigura Rice</li>
<li>Brand:&nbsp;Chashi</li>
<li>Size:&nbsp;Pack of 2kg</li>
</ul>",,,,,,,
squarefood&beverageltd.,Chashi Aromatic Chinigura Rice-5 Kg,1,Packet,chashi,groceries,cooking-items,rice,505,  575 ,0,,,,,"groceries,cooking-items,rice,spices,radhuni,ready-mix,snacks-and-instant-food,ruchi",5,,,active,1,100,"<ul>
<li>Brand: Square.</li>
<li>Net Weight: 5kg.</li>
<li>Good quality product.</li>
</ul>",,,,,,,
squarefood&beverageltd.,Chopstick Instant Noodles - Yummy Masala-248gm,1,Packet,chopstick,groceries,snacks-and-instant-food,noodles,60,  70 ,0,,,,,"groceries,cooking-items,rice,spices,radhuni,ready-mix,snacks-and-instant-food,ruchi",5,,,active,1,100,"""<ul>
<li>Brand Chopstick</li>
<li>Weight 248gm</li>
<li>Chopstick Instant Noodles Enriched With Iodine, Protein, Calcium &amp; Iron.</li>
</ul>""",,,,,,,
squarefood&beverageltd.,Chopstick Instant Noodles - Yummy Masala-496gm,1,Packet,chopstick,groceries,snacks-and-instant-food,noodles,118,  135 ,0,,,,,"groceries,cooking-items,rice,spices,radhuni,ready-mix,snacks-and-instant-food,ruchi",5,,,active,1,100,"<ul>
<li>Brand Chopstick</li>
<li>Weight 496gm</li>
<li>Chopstick Instant Noodles Enriched With Iodine, Protein, Calcium &amp; Iron.</li>
</ul>",,,,,,,
squarefood&beverageltd.,Chopstick Instant Noodles - Yummy Masala-744gm,1,Packet,chopstick,groceries,snacks-and-instant-food,noodles,173,  200 ,0,,,,,"groceries,cooking-items,rice,spices,radhuni,ready-mix,snacks-and-instant-food,ruchi",5,,,active,1,100,"<ul>
<li>Brand Chopstick</li>
<li>Weight 12 pack 744 gm</li>
<li>Chopstick Instant Noodles Enriched With Iodine, Protein, Calcium &amp; Iron.</li>
</ul>",,,,,,,
squarefood&beverageltd.,Chopstick Instant Noodles - Deshi Masala-248gm,1,Packet,chopstick,groceries,snacks-and-instant-food,noodles,60,  70 ,0,,,,,"groceries,cooking-items,rice,spices,radhuni,ready-mix,snacks-and-instant-food,ruchi",5,,,active,1,100,"""<ul>
<li>Brand Chopstick</li>
<li>Weight 248gm</li>
<li>Chopstick Instant Noodles Enriched With Iodine, Protein, Calcium &amp; Iron.</li>
</ul>""",,,,,,,
squarefood&beverageltd.,Chopstick Instant Noodles - Deshi Masala-496gm,1,Packet,chopstick,groceries,snacks-and-instant-food,noodles,118,  135 ,0,,,,,"groceries,cooking-items,rice,spices,radhuni,ready-mix,snacks-and-instant-food,ruchi",5,,,active,1,100,"<ul>
<li>Brand Chopstick</li>
<li>Weight 496gm</li>
<li>Chopstick Instant Noodles Enriched With Iodine, Protein, Calcium &amp; Iron.</li>
</ul>",,,,,,,
squarefood&beverageltd.,Chopstick Instant Noodles - Deshi Masala-744gm,1,Packet,chopstick,groceries,snacks-and-instant-food,noodles,173,  200 ,0,,,,,"groceries,cooking-items,rice,spices,radhuni,ready-mix,snacks-and-instant-food,ruchi",5,,,active,1,100,"<ul>
<li>Brand Chopstick</li>
<li>Weight 12 pack 744 gm</li>
<li>Chopstick Instant Noodles Enriched With Iodine, Protein, Calcium &amp; Iron.</li>
</ul>",,,,,,,
,,,,,,,,,,,,,,,,,,,,,,,,,,,,,
,,,,,,,,,,,,,,,,,,,,,,,,,,,,,
,,,,,,,,,,,,,,,,,,,,,,,,,,,,,
,,,,,,,,,,,,,,,,,,,,,,,,,,,,,
,,,,,,,,,,,,,,,,,,,,,,,,,,,,,
,,,,,,,,,,,,,,,,,,,,,,,,,,,,,
,,,,,,,,,,,,,,,,,,,,,,,,,,,,,
,,,,,,,,,,,,,,,,,,,,,,,,,,,,,
,,,,,,,,,,,,,,,,,,,,,,,,,,,,,
,,,,,,,,,,,,,,,,,,,,,,,,,,,,,
,,,,,,,,,,,,,,,,,,,,1,,,,,,,,,