,name,unit,per_unit_value,brand,category,sub_category,sub_category2,vendor_price,price,is_offer_enable,offer_price,featured_image,short_resolation_image,type,keywords,alert_quantity,slug,sku,delivery_time,status,enable_stock,current_stock,description,shipping_charge,image1,image2,image3,image4,image5,image6
sevendaysnotes,Starry Night Notebook SN201903104,Piece,1,deshi-bazaar-book's-collections,home-&-decor,home-&-decor,,100,120,0,,,,,"home-&-decor,home-&-decor",10,,,10080,active,1,100,,,,,,,,
sevendaysnotes,Night Café Notebook SN201909119,Piece,1,deshi-bazaar-book's-collections,home-&-decor,"media,-music-and-books",,100,120,0,,,,,"home-&-decor,home-&-decor",10,,,10080,active,1,100,,,,,,,,
sevendaysnotes,Wheatfield with Crows Notebook SN201903105,Piece,1,deshi-bazaar-book's-collections,home-&-decor,"media,-music-and-books",,100,120,0,,,,,"home-&-decor,home-&-decor",10,,,10080,active,1,100,,,,,,,,
sevendaysnotes,Starry Night & Wheatfield with Crows Notebook ,Piece,1,deshi-bazaar-book's-collections,home-&-decor,"media,-music-and-books",,199,240,0,,,,,"home-&-decor,home-&-decor",10,,,10080,active,1,100,,,,,,,,
sevendaysnotes,Starry Night & Night Café Notebook SN201903104 & SN201909119,Piece,1,deshi-bazaar-book's-collections,home-&-decor,"media,-music-and-books",,199,240,0,,,,,"home-&-decor,home-&-decor",10,,,10080,active,1,100,,,,,,,,
sevendaysnotes,Night Café & Wheatfield with Crows Notebook ,Piece,1,deshi-bazaar-book's-collections,home-&-decor,"media,-music-and-books",,199,240,0,,,,,"home-&-decor,home-&-decor",10,,,10080,active,1,100,,,,,,,,
sevendaysnotes,Van Gogh Series Starry Night Night Café & Wheatfield with Crows Notebook ,Piece,1,deshi-bazaar-book's-collections,home-&-decor,"media,-music-and-books",,299,360,0,,,,,"home-&-decor,home-&-decor",10,,,10080,active,1,100,,,,,,,,
sevendaysnotes,Happy Birthday Notebook ,Piece,1,deshi-bazaar-book's-collections,home-&-decor,"media,-music-and-books",,100,120,0,,,,,"home-&-decor,home-&-decor",10,,,10080,active,1,100,,,,,,,,
sevendaysnotes,Happy Birthday Notebook with Trendy Badge SN20191211,Piece,1,deshi-bazaar-book's-collections,home-&-decor,"media,-music-and-books",,125,150,0,,,,,"home-&-decor,home-&-decor",10,,,10080,active,1,100,,,,,,,,
sevendaysnotes,Dhaka Notebook SN202008122,Piece,1,deshi-bazaar-book's-collections,home-&-decor,"media,-music-and-books",,100,120,0,,,,,"home-&-decor,home-&-decor",10,,,10080,active,1,100,,,,,,,,
sevendaysnotes,Dhaka Notebook with Badge SN202008122,Piece,1,deshi-bazaar-book's-collections,home-&-decor,"media,-music-and-books",,125,150,0,,,,,"home-&-decor,home-&-decor",10,,,10080,active,1,100,,,,,,,,
sevendaysnotes,Ronge Vora Baishakh Notebook ,Piece,1,deshi-bazaar-book's-collections,home-&-decor,"media,-music-and-books",,100,120,0,,,,,"home-&-decor,home-&-decor",10,,,10080,active,1,100,,,,,,,,
sevendaysnotes,Shuvo Nabobarsho Mukhosh Notebook,Piece,1,deshi-bazaar-book's-collections,home-&-decor,"media,-music-and-books",,100,120,0,,,,,"home-&-decor,home-&-decor",10,,,10080,active,1,100,,,,,,,,
sevendaysnotes,Shuvo Noboborsho Red Colour Notebook ,Piece,1,deshi-bazaar-book's-collections,home-&-decor,"media,-music-and-books",,83,100,0,,,,,"home-&-decor,home-&-decor",10,,,10080,active,1,100,,,,,,,,
sevendaysnotes,Shuvo Noboborsho Orange Colour Notebook SN201903201,Piece,1,deshi-bazaar-book's-collections,home-&-decor,"media,-music-and-books",,83,100,0,,,,,"home-&-decor,home-&-decor",10,,,10080,active,1,100,,,,,,,,
sevendaysnotes,Shuvo Noboborsho Red Colour Spiral Notebook ,Piece,1,deshi-bazaar-book's-collections,home-&-decor,"media,-music-and-books",,108,130,0,,,,,"home-&-decor,home-&-decor",10,,,10080,active,1,100,,,,,,,,
sevendaysnotes,Shuvo Noboborsho Orange Colour Spiral Notebook,Piece,1,deshi-bazaar-book's-collections,home-&-decor,"media,-music-and-books",,108,130,0,,,,,"home-&-decor,home-&-decor",10,,,10080,active,1,100,,,,,,,,
sevendaysnotes,Shuvo Noboborsho Orange & Red Colour Spiral Notebook ,Piece,1,deshi-bazaar-book's-collections,home-&-decor,"media,-music-and-books",,216,260,0,,,,,"home-&-decor,home-&-decor",10,,,10080,active,1,100,,,,,,,,
sevendaysnotes,May Day Notebook SN201903201,Piece,1,deshi-bazaar-book's-collections,home-&-decor,"media,-music-and-books",,83,100,0,,,,,"home-&-decor,home-&-decor",10,,,10080,active,1,100,,,,,,,,
sevendaysnotes,May Day ‍Spiral Notebook SN201903201,Piece,1,deshi-bazaar-book's-collections,home-&-decor,"media,-music-and-books",,108,130,0,,,,,"home-&-decor,home-&-decor",10,,,10080,active,1,100,,,,,,,,
sevendaysnotes,Sharod Shuveccha Notebook SN201909116,Piece,1,deshi-bazaar-book's-collections,home-&-decor,"media,-music-and-books",,100,120,0,,,,,"home-&-decor,home-&-decor",10,,,10080,active,1,100,,,,,,,,
sevendaysnotes,Sharod Suvechha Notebook with Badge SN202010123,Piece,1,deshi-bazaar-book's-collections,home-&-decor,"media,-music-and-books",,125,150,0,,,,,"home-&-decor,home-&-decor",10,,,10080,active,1,100,,,,,,,,
sevendaysnotes,Sharod Shuveccha Notebook & Sharod Suvechha Notebook ,Piece,1,deshi-bazaar-book's-collections,home-&-decor,"media,-music-and-books",,224,270,0,,,,,"home-&-decor,home-&-decor",10,,,10080,active,1,100,,,,,,,,
sevendaysnotes,Raw.Real Notebook SN201904115,Piece,1,deshi-bazaar-book's-collections,home-&-decor,"media,-music-and-books",,100,120,0,,,,,"home-&-decor,home-&-decor",10,,,10080,active,1,100,,,,,,,,
sevendaysnotes,Raw.Real Notebook with Pen SN201904115,Piece,1,deshi-bazaar-book's-collections,home-&-decor,"media,-music-and-books",,125,150,0,,,,,"home-&-decor,home-&-decor",10,,,10080,active,1,100,,,,,,,,
sevendaysnotes,Winter is Coming Notebook SN20191120,Piece,1,deshi-bazaar-book's-collections,home-&-decor,"media,-music-and-books",,100,120,0,,,,,"home-&-decor,home-&-decor",10,,,10080,active,1,100,,,,,,,,
sevendaysnotes,New Year 2020 Notebook SN20191210,Piece,1,deshi-bazaar-book's-collections,home-&-decor,"media,-music-and-books",,100,120,0,,,,,"home-&-decor,home-&-decor",10,,,10080,active,1,100,,,,,,,,
sevendaysnotes,Memo Book White Double-O Ring Notebook,Piece,1,deshi-bazaar-book's-collections,home-&-decor,"media,-music-and-books",,100,120,0,,,,,"home-&-decor,home-&-decor",10,,,10080,active,1,100,,,,,,,,
sevendaysnotes,Memo Book Silver Double-O Ring Notebooks,Piece,1,deshi-bazaar-book's-collections,home-&-decor,"media,-music-and-books",,100,120,0,,,,,"home-&-decor,home-&-decor",10,,,10080,active,1,100,,,,,,,,
sevendaysnotes,Memo Book Black Double-O Ring Notebook,Piece,1,deshi-bazaar-book's-collections,home-&-decor,"media,-music-and-books",,100,120,0,,,,,"home-&-decor,home-&-decor",10,,,10080,active,1,100,,,,,,,,
sevendaysnotes,Memo Book Black & White Double-O Ring Notebook ,Piece,1,deshi-bazaar-book's-collections,home-&-decor,"media,-music-and-books",,199,240,0,,,,,"home-&-decor,home-&-decor",10,,,10080,active,1,100,,,,,,,,
sevendaysnotes,Memo Book White & Silver Double-O Ring Notebook ,Piece,1,deshi-bazaar-book's-collections,home-&-decor,"media,-music-and-books",,199,240,0,,,,,"home-&-decor,home-&-decor",10,,,10080,active,1,100,,,,,,,,
sevendaysnotes,Memo Book Black & Silver Double-O Ring Notebook 2-Pack,Piece,1,deshi-bazaar-book's-collections,home-&-decor,"media,-music-and-books",,199,240,0,,,,,"home-&-decor,home-&-decor",10,,,10080,active,1,100,,,,,,,,
sevendaysnotes,Memo Book White Black & Silver Double-O Ring Notebook ,Piece,1,deshi-bazaar-book's-collections,home-&-decor,"media,-music-and-books",,299,360,0,,,,,"home-&-decor,home-&-decor",10,,,10080,active,1,100,,,,,,,,
sevendaysnotes,Pocket Series Black Notebook,Piece,1,deshi-bazaar-book's-collections,home-&-decor,"media,-music-and-books",,62,75,0,,,,,"home-&-decor,home-&-decor",10,,,10080,active,1,100,,,,,,,,
sevendaysnotes,Pocket Series White Notebook,Piece,1,deshi-bazaar-book's-collections,home-&-decor,"media,-music-and-books",,62,75,0,,,,,"home-&-decor,home-&-decor",10,,,10080,active,1,100,,,,,,,,
sevendaysnotes,Pocket Series Kraft Notebook,Piece,1,deshi-bazaar-book's-collections,home-&-decor,"media,-music-and-books",,62,75,0,,,,,"home-&-decor,home-&-decor",10,,,10080,active,1,100,,,,,,,,
sevendaysnotes,Pocket Series Gray Notebook,Piece,1,deshi-bazaar-book's-collections,home-&-decor,"media,-music-and-books",,62,75,0,,,,,"home-&-decor,home-&-decor",10,,,10080,active,1,100,,,,,,,,
sevendaysnotes,Pocket Series Black & White Notebook 2-Pack,Piece,1,deshi-bazaar-book's-collections,home-&-decor,"media,-music-and-books",,125,150,0,,,,,"home-&-decor,home-&-decor",10,,,10080,active,1,100,,,,,,,,
sevendaysnotes,Pocket Series Black & Kraft Notebook 2-Pack,Piece,1,deshi-bazaar-book's-collections,home-&-decor,"media,-music-and-books",,125,150,0,,,,,"home-&-decor,home-&-decor",10,,,10080,active,1,100,,,,,,,,
sevendaysnotes,Pocket Series Black & Gray Notebook 2-Pack,Piece,1,deshi-bazaar-book's-collections,home-&-decor,"media,-music-and-books",,125,150,0,,,,,"home-&-decor,home-&-decor",10,,,10080,active,1,100,,,,,,,,
sevendaysnotes,Pocket Series White & Kraft Notebook 2-Pack,Piece,1,deshi-bazaar-book's-collections,home-&-decor,"media,-music-and-books",,125,150,0,,,,,"home-&-decor,home-&-decor",10,,,10080,active,1,100,,,,,,,,
sevendaysnotes,Pocket Series White & Gray Notebook 2-Pack,Piece,1,deshi-bazaar-book's-collections,home-&-decor,"media,-music-and-books",,125,150,0,,,,,"home-&-decor,home-&-decor",10,,,10080,active,1,100,,,,,,,,
sevendaysnotes,Pocket Series Kraft & Gray Notebook 2-Pack,Piece,1,deshi-bazaar-book's-collections,home-&-decor,"media,-music-and-books",,125,150,0,,,,,"home-&-decor,home-&-decor",10,,,10080,active,1,100,,,,,,,,
sevendaysnotes,Pocket Series Black White & Gray Notebook 3-Pack,Piece,1,deshi-bazaar-book's-collections,home-&-decor,"media,-music-and-books",,187,225,0,,,,,"home-&-decor,home-&-decor",10,,,10080,active,1,100,,,,,,,,
sevendaysnotes,Pocket Series Black White & Kraft Notebook 3-Pack,Piece,1,deshi-bazaar-book's-collections,home-&-decor,"media,-music-and-books",,187,225,0,,,,,"home-&-decor,home-&-decor",10,,,10080,active,1,100,,,,,,,,
sevendaysnotes,Pocket Series White Gray & Kraft Notebook 3-Pack,Piece,1,deshi-bazaar-book's-collections,home-&-decor,"media,-music-and-books",,187,225,0,,,,,"home-&-decor,home-&-decor",10,,,10080,active,1,100,,,,,,,,
sevendaysnotes,Pocket Series Black Gray & Kraft Notebook 3-Pack,Piece,1,deshi-bazaar-book's-collections,home-&-decor,"media,-music-and-books",,187,225,0,,,,,"home-&-decor,home-&-decor",10,,,10080,active,1,100,,,,,,,,
sevendaysnotes,Pocket Series Black White Kraft & Grey Notebook 4-Pack,Piece,1,deshi-bazaar-book's-collections,home-&-decor,"media,-music-and-books",,199,240,0,,,,,"home-&-decor,home-&-decor",10,,,10080,active,1,100,,,,,,,,
sevendaysnotes,Vagabond Kraft Notebook,Piece,1,deshi-bazaar-book's-collections,home-&-decor,"media,-music-and-books",,125,150,0,,,,,"home-&-decor,home-&-decor",10,,,10080,active,1,100,,,,,,,,
sevendaysnotes,Vagabond Gray Notebook,Piece,1,deshi-bazaar-book's-collections,home-&-decor,"media,-music-and-books",,125,150,0,,,,,"home-&-decor,home-&-decor",10,,,10080,active,1,100,,,,,,,,
sevendaysnotes,Vagabond Series Kraft & Gray Notebook 2-Pack,Piece,1,deshi-bazaar-book's-collections,home-&-decor,"media,-music-and-books",,249,300,0,,,,,"home-&-decor,home-&-decor",10,,,10080,active,1,100,,,,,,,,
sevendaysnotes,Studio Series Spiral-Bound Black Notebook,Piece,1,deshi-bazaar-book's-collections,home-&-decor,"media,-music-and-books",,108,130,0,,,,,"home-&-decor,home-&-decor",10,,,10080,active,1,100,,,,,,,,
sevendaysnotes,Studio Series Spiral-Bound Kraft Notebook,Piece,1,deshi-bazaar-book's-collections,home-&-decor,"media,-music-and-books",,108,130,0,,,,,"home-&-decor,home-&-decor",10,,,10080,active,1,100,,,,,,,,
sevendaysnotes,Studio Series Spiral-Bound Kraft & Black Notebook 2-Pack,Piece,1,deshi-bazaar-book's-collections,home-&-decor,"media,-music-and-books",,216,260,0,,,,,"home-&-decor,home-&-decor",10,,,10080,active,1,100,,,,,,,,
sevendaysnotes,Executive Series Black Spiral Compress Notebook,Piece,1,deshi-bazaar-book's-collections,home-&-decor,"media,-music-and-books",,116,140,0,,,,,"home-&-decor,home-&-decor",10,,,10080,active,1,100,,,,,,,,
sevendaysnotes,Executive Series Black Spiral Large Notebook,Piece,1,deshi-bazaar-book's-collections,home-&-decor,"media,-music-and-books",,149,180,0,,,,,"home-&-decor,home-&-decor",10,,,10080,active,1,100,,,,,,,,
sevendaysnotes,Executive Series Black Spiral Notebook with Pencil,Piece,1,deshi-bazaar-book's-collections,home-&-decor,stationery-and-craft,,166,200,0,,,,,"home-&-decor,stationery-and-craft",10,,,10080,active,1,100,,,,,,,,
sevendaysnotes,Executive Series White Cover Spiral Notebook,Piece,1,deshi-bazaar-book's-collections,home-&-decor,"media,-music-and-books",,100,120,0,,,,,"home-&-decor,media,-music-and-books",10,,,10080,active,1,100,,,,,,,,
sevendaysnotes,Executive Series Kraft Spiral Notebook,Piece,1,deshi-bazaar-book's-collections,home-&-decor,"media,-music-and-books",,149,180,0,,,,,"home-&-decor,media,-music-and-books",10,,,10080,active,1,100,,,,,,,,
sevendaysnotes,Executive Series Black & White Cover Spiral Notebook 2-Pack,Piece,1,deshi-bazaar-book's-collections,home-&-decor,"media,-music-and-books",,249,300,0,,,,,"home-&-decor,media,-music-and-books",10,,,10080,active,1,100,,,,,,,,
sevendaysnotes,Executive Series Kraft & White Cover Spiral Notebook 2-Pack,Piece,1,deshi-bazaar-book's-collections,home-&-decor,"media,-music-and-books",,249,300,0,,,,,"home-&-decor,media,-music-and-books",10,,,10080,active,1,100,,,,,,,,
sevendaysnotes,Executive Series Kraft & Black Spiral Notebook 2-Pack,Piece,1,deshi-bazaar-book's-collections,home-&-decor,"media,-music-and-books",,299,360,0,,,,,"home-&-decor,media,-music-and-books",10,,,10080,active,1,100,,,,,,,,
sevendaysnotes,Executive Series Black Kraft & White Cover Spiral Notebook 3- Pack,Piece,1,deshi-bazaar-book's-collections,home-&-decor,"media,-music-and-books",,398,480,0,,,,,"home-&-decor,media,-music-and-books",10,,,10080,active,1,100,,,,,,,,
sevendaysnotes,Daily Journal Notebook,Piece,1,deshi-bazaar-book's-collections,home-&-decor,"media,-music-and-books",,199,240,0,,,,,"home-&-decor,media,-music-and-books",10,,,10080,active,1,100,,,,,,,,
sevendaysnotes,Designer Series Dot-Grid Notebook,Piece,1,deshi-bazaar-book's-collections,home-&-decor,"media,-music-and-books",,199,240,0,,,,,"home-&-decor,media,-music-and-books",10,,,10080,active,1,100,,,,,,,,
sevendaysnotes,Designer Series Graph/Grid Notebook,Piece,1,deshi-bazaar-book's-collections,home-&-decor,"media,-music-and-books",,199,240,0,,,,,"home-&-decor,media,-music-and-books",10,,,10080,active,1,100,,,,,,,,
sevendaysnotes,Designer Series Dot-Grid & Graph/Grid Notebook 2-Pack,Piece,1,deshi-bazaar-book's-collections,home-&-decor,"media,-music-and-books",,398,480,0,,,,,"home-&-decor,media,-music-and-books",10,,,10080,active,1,100,,,,,,,,
sevendaysnotes,Designer Series Dot-Grid & Daily Journal Notebook 2-Pack,Piece,1,deshi-bazaar-book's-collections,home-&-decor,"media,-music-and-books",,398,480,0,,,,,"home-&-decor,media,-music-and-books",10,,,10080,active,1,100,,,,,,,,
sevendaysnotes,Designer Series Graph/Grid & Daily Journal Notebook 2-Pack,Piece,1,deshi-bazaar-book's-collections,home-&-decor,"media,-music-and-books",,398,480,0,,,,,"home-&-decor,media,-music-and-books",10,,,10080,active,1,100,,,,,,,,
sevendaysnotes,Designer Series Graph/Grid Dot-Grid & Daily Journal Notebook 3-Pack,Piece,1,deshi-bazaar-book's-collections,home-&-decor,"media,-music-and-books",,598,720,0,,,,,"home-&-decor,media,-music-and-books",10,,,10080,active,1,100,,,,,,,,
sevendaysnotes,Traveller’s Notebook,Piece,1,deshi-bazaar-book's-collections,home-&-decor,"media,-music-and-books",,108,130,0,,,,,"home-&-decor,media,-music-and-books",10,,,10080,active,1,100,,,,,,,,
sevendaysnotes,Explorer Notebook Jute Handmade Orange Board Cover,Piece,1,deshi-bazaar-book's-collections,home-&-decor,,,125,150,0,,,,,"home-&-decor,media,-music-and-books",10,,,10080,active,1,100,,,,,,,,
sevendaysnotes,Artist Notebook White Spiral,Piece,1,deshi-bazaar-book's-collections,home-&-decor,"media,-music-and-books",,133,160,0,,,,,"home-&-decor,media,-music-and-books",10,,,10080,active,1,100,,,,,,,,
sevendaysnotes,Artist Notebook Black Spiral,Piece,1,deshi-bazaar-book's-collections,home-&-decor,"media,-music-and-books",,133,160,0,,,,,"home-&-decor,media,-music-and-books",10,,,10080,active,1,100,,,,,,,,
sevendaysnotes,Artist Notebook Silver Spiral,Piece,1,deshi-bazaar-book's-collections,home-&-decor,"media,-music-and-books",,133,160,0,,,,,"home-&-decor,media,-music-and-books",10,,,10080,active,1,100,,,,,,,,
sevendaysnotes,Artist Notebook Black & White Spiral 2-Pack,Piece,1,deshi-bazaar-book's-collections,home-&-decor,"media,-music-and-books",,266,320,0,,,,,"home-&-decor,media,-music-and-books",10,,,10080,active,1,100,,,,,,,,
sevendaysnotes,Artist Notebook Black & Silver Spiral 2-Pack,Piece,1,deshi-bazaar-book's-collections,home-&-decor,"media,-music-and-books",,266,320,0,,,,,"home-&-decor,media,-music-and-books",10,,,10080,active,1,100,,,,,,,,
sevendaysnotes,Artist Notebook White & Silver Spiral 2-Pack,Piece,1,deshi-bazaar-book's-collections,home-&-decor,"media,-music-and-books",,266,320,0,,,,,"home-&-decor,media,-music-and-books",10,,,10080,active,1,100,,,,,,,,
sevendaysnotes,Artist Notebook 3-Pack,Piece,1,deshi-bazaar-book's-collections,home-&-decor,"media,-music-and-books",,398,480,0,,,,,"home-&-decor,media,-music-and-books",10,,,10080,active,1,100,,,,,,,,
sevendaysnotes,Sketchbook Series Khaki Colour Spiral Notebook,Piece,1,deshi-bazaar-book's-collections,home-&-decor,"media,-music-and-books",,183,220,0,,,,,"home-&-decor,media,-music-and-books",10,,,10080,active,1,100,,,,,,,,
sevendaysnotes,Middle Man Notebook,Piece,1,deshi-bazaar-book's-collections,home-&-decor,"media,-music-and-books",,183,220,0,,,,,"home-&-decor,media,-music-and-books",10,,,10080,active,1,100,,,,,,,,
sevendaysnotes,Sevendays Dhaka Canvas Tote Bag,Piece,1,deshi-bazaar-book's-collections,home-&-decor,"media,-music-and-books",,291,350,0,,,,,"home-&-decor,media,-music-and-books",10,,,10080,active,1,100,,,,,,,,
sevendaysnotes,Chelela Pass Bhutan Notebook SN201903102,Piece,1,deshi-bazaar-book's-collections,home-&-decor,"media,-music-and-books",,249,300,0,,,,,"home-&-decor,media,-music-and-books",10,,,10080,active,1,100,,,,,,,,
sevendaysnotes,Happy Birthday Notebook SN202010124,Piece,1,deshi-bazaar-book's-collections,home-&-decor,"media,-music-and-books",,100,120,0,,,,,"home-&-decor,media,-music-and-books",10,,,10080,active,1,100,,,,,,,,
sevendaysnotes,Happy Birthday Notebook with Badge SN202010124,Piece,1,deshi-bazaar-book's-collections,home-&-decor,"media,-music-and-books",,125,150,0,,,,,"home-&-decor,media,-music-and-books",10,,,10080,active,1,100,,,,,,,,
sevendaysnotes,Happy Birthday Notebook with Pencil SN202010124,Piece,1,deshi-bazaar-book's-collections,home-&-decor,stationery-and-craft,,125,150,0,,,,,"home-&-decor,media,-music-and-books",10,,,10080,active,1,100,,,,,,,,
sevendaysnotes,Cannabis Series Black Leaf Notebook SN20201125,Piece,1,deshi-bazaar-book's-collections,home-&-decor,"media,-music-and-books",,66,80,0,,,,,"home-&-decor,media,-music-and-books",10,,,10080,active,1,100,,,,,,,,
sevendaysnotes,Cannabis Series Green Leaf Notebook SN20201125,Piece,1,deshi-bazaar-book's-collections,home-&-decor,"media,-music-and-books",,66,80,0,,,,,"home-&-decor,media,-music-and-books",10,,,10080,active,1,100,,,,,,,,
sevendaysnotes,Cannabis Series Brown Leaf Notebook SN20201125,Piece,1,deshi-bazaar-book's-collections,home-&-decor,"media,-music-and-books",,66,80,0,,,,,"home-&-decor,media,-music-and-books",10,,,10080,active,1,100,,,,,,,,
sevendaysnotes,Cannabis Series Green Leaf & Brown Leaf Notebook SN20201125 2-Pack ,Piece,1,deshi-bazaar-book's-collections,home-&-decor,"media,-music-and-books",,133,160,0,,,,,"home-&-decor,media,-music-and-books",10,,,10080,active,1,100,,,,,,,,
sevendaysnotes,Cannabis Series Green Leaf & Black Leaf Notebook SN20201125 2-Pack ,Piece,1,deshi-bazaar-book's-collections,home-&-decor,"media,-music-and-books",,133,160,0,,,,,"home-&-decor,media,-music-and-books",10,,,10080,active,1,100,,,,,,,,
sevendaysnotes,Cannabis Series Black Leaf & Brown Leaf Notebook SN20201125 2-Pack ,Piece,1,deshi-bazaar-book's-collections,home-&-decor,"media,-music-and-books",,133,160,0,,,,,"home-&-decor,media,-music-and-books",10,,,10080,active,1,100,,,,,,,,
sevendaysnotes,Cannabis Series Black Green & Brown Leaf Notebook SN20201125 3-Pack,Piece,1,deshi-bazaar-book's-collections,home-&-decor,"media,-music-and-books",,199,240,0,,,,,"home-&-decor,media,-music-and-books",10,,,10080,active,1,100,,,,,,,,
sevendaysnotes,News Cover Series Workbook Grey Notebook SN20201126,Piece,1,deshi-bazaar-book's-collections,home-&-decor,"media,-music-and-books",,66,80,0,,,,,"home-&-decor,media,-music-and-books",10,,,10080,active,1,100,,,,,,,,
sevendaysnotes,News Cover Series Workbook Silver Notebook SN20201126,Piece,1,deshi-bazaar-book's-collections,home-&-decor,"media,-music-and-books",,66,80,0,,,,,"home-&-decor,media,-music-and-books",10,,,10080,active,1,100,,,,,,,,
sevendaysnotes,News Cover Series Workbook Brown Notebook SN20201126,Piece,1,deshi-bazaar-book's-collections,home-&-decor,"media,-music-and-books",,66,80,0,,,,,"home-&-decor,media,-music-and-books",10,,,10080,active,1,100,,,,,,,,
sevendaysnotes,News Cover Series Workbook Brown & Grey Notebook SN20201126 2-Pack ,Piece,1,deshi-bazaar-book's-collections,home-&-decor,"media,-music-and-books",,133,160,0,,,,,"home-&-decor,media,-music-and-books",10,,,10080,active,1,100,,,,,,,,
sevendaysnotes,News Cover Series Workbook Brown & Silver Notebook  SN20201126 2-Pack,Piece,1,deshi-bazaar-book's-collections,home-&-decor,"media,-music-and-books",,133,160,0,,,,,"home-&-decor,media,-music-and-books",10,,,10080,active,1,100,,,,,,,,
sevendaysnotes,News Cover Series Workbook Grey & Silver Notebook SN20201126 2-Pack,Piece,1,deshi-bazaar-book's-collections,home-&-decor,"media,-music-and-books",,133,160,0,,,,,"home-&-decor,media,-music-and-books",10,,,10080,active,1,100,,,,,,,,
sevendaysnotes,News Cover Series Workbook Brown Grey & Silver Notebook SN20201126 3-Pack,Piece,1,deshi-bazaar-book's-collections,home-&-decor,"media,-music-and-books",,199,240,0,,,,,"home-&-decor,media,-music-and-books",10,,,10080,active,1,100,,,,,,,,
sevendaysnotes,Designer Series Dot-Grid Notebook Dot-Grid Print Cover SN202010125,Piece,1,deshi-bazaar-book's-collections,home-&-decor,"media,-music-and-books",,208,250,0,,,,,"home-&-decor,media,-music-and-books",10,,,10080,active,1,100,,,,,,,,
sevendaysnotes,Designer Series Dot-Grid Notebook Dot-Grid Print Cover with Pen SN,Piece,1,deshi-bazaar-book's-collections,home-&-decor,"media,-music-and-books",,232,280,0,,,,,"home-&-decor,media,-music-and-books",10,,,10080,active,1,100,,,,,,,,
sevendaysnotes,Designer Series Dot-Grid Notebook Dot-Grid Print Cover with Pencil ,Piece,1,deshi-bazaar-book's-collections,home-&-decor,"media,-music-and-books",,232,280,0,,,,,"home-&-decor,media,-music-and-books",10,,,10080,active,1,100,,,,,,,,
sevendaysnotes,Designer Series Graph Grid Notebook Graph-Grid Print Cover SN20,Piece,1,deshi-bazaar-book's-collections,home-&-decor,"media,-music-and-books",,208,250,0,,,,,"home-&-decor,media,-music-and-books",10,,,10080,active,1,100,,,,,,,,
sevendaysnotes,Designer Series Graph Grid Notebook Graph-Grid Print Cover with Pen,Piece,1,deshi-bazaar-book's-collections,home-&-decor,"media,-music-and-books",,232,280,0,,,,,"home-&-decor,media,-music-and-books",10,,,10080,active,1,100,,,,,,,,
sevendaysnotes,Designer Series Graph Grid Notebook Graph-Grid Print Cover with Pencil SN202,Piece,1,deshi-bazaar-book's-collections,home-&-decor,"media,-music-and-books",,232,280,0,,,,,"home-&-decor,media,-music-and-books",10,,,10080,active,1,100,,,,,,,,
sevendaysnotes,Everyday Graphic Dot-Grid Texture Ash Notebook,Piece,1,deshi-bazaar-book's-collections,home-&-decor,"media,-music-and-books",,83,100,0,,,,,"home-&-decor,media,-music-and-books",10,,,10080,active,1,100,,,,,,,,
sevendaysnotes,Everyday Graphic Graph-Grid Texture Black Notebook,Piece,1,deshi-bazaar-book's-collections,home-&-decor,"media,-music-and-books",,83,100,0,,,,,"home-&-decor,media,-music-and-books",10,,,10080,active,1,100,,,,,,,,
sevendaysnotes,Everyday Graphic Dot-Grid Texture Ash & Graph-Grid Texture Black Notebook 2-Pack,Piece,1,deshi-bazaar-book's-collections,home-&-decor,"media,-music-and-books",,166,200,0,,,,,"home-&-decor,media,-music-and-books",10,,,10080,active,1,100,,,,,,,,
sevendaysnotes,Everyday Graphic & Portrait Dot-Grid Graph-Grid & PlainPortrait Notebook 3-Pack,Piece,1,deshi-bazaar-book's-collections,home-&-decor,"media,-music-and-books",,224,270,0,,,,,"home-&-decor,media,-music-and-books",10,,,10080,active,1,100,,,,,,,,
sevendaysnotes,Everyday Graphic PlainPortrait Kraft Notebook,Piece,1,deshi-bazaar-book's-collections,home-&-decor,"media,-music-and-books",,58,70,0,,,,,"home-&-decor,media,-music-and-books",10,,,10080,active,1,100,,,,,,,,
sevendaysnotes,Writers Edition Black Lined Notebook,Piece,1,deshi-bazaar-book's-collections,home-&-decor,"media,-music-and-books",,183,220,0,,,,,"home-&-decor,media,-music-and-books",10,,,10080,active,1,100,,,,,,,,
sevendaysnotes,Writers Edition Kraft Lined Notebook,Piece,1,deshi-bazaar-book's-collections,home-&-decor,"media,-music-and-books",,183,220,0,,,,,"home-&-decor,media,-music-and-books",10,,,10080,active,1,100,,,,,,,,
sevendaysnotes,Writers Edition Black & Kraft Lined Notebook 2-Pack,Piece,1,deshi-bazaar-book's-collections,home-&-decor,"media,-music-and-books",,365,440,0,,,,,"home-&-decor,media,-music-and-books",10,,,10080,active,1,100,,,,,,,,
sevendaysnotes,Raw.Real Black Ball Pen,Piece,1,deshi-bazaar-book's-collections,home-&-decor,"media,-music-and-books",,29,35,0,,,,,"home-&-decor,media,-music-and-books",10,,,10080,active,1,100,,,,,,,,
sevendaysnotes,Sevendaysnotes Black Ball Pen,Piece,1,deshi-bazaar-book's-collections,home-&-decor,"media,-music-and-books",,25,30,0,,,,,"home-&-decor,media,-music-and-books",10,,,10080,active,1,100,,,,,,,,
sevendaysnotes,Sevendaysnotes Black Wooden Pencil,Piece,1,deshi-bazaar-book's-collections,home-&-decor,"media,-music-and-books",,25,30,0,,,,,"home-&-decor,media,-music-and-books",10,,,10080,active,1,100,,,,,,,,
sevendaysnotes,Sevendaysnotes Black Wooden Pencil 3-pack,Piece,1,deshi-bazaar-book's-collections,home-&-decor,"media,-music-and-books",,75,90,0,,,,,"home-&-decor,media,-music-and-books",10,,,10080,active,1,100,,,,,,,,
sevendaysnotes,Sevendaysnotes Black Wooden Pencil 6-Pack,Piece,1,deshi-bazaar-book's-collections,home-&-decor,"media,-music-and-books",,149,180,0,,,,,"home-&-decor,media,-music-and-books",10,,,10080,active,1,100,,,,,,,,
sevendaysnotes,Artist Series Black-Spiral Round Kraft Notebook,Piece,1,deshi-bazaar-book's-collections,home-&-decor,"media,-music-and-books",,133,160,0,,,,,"home-&-decor,media,-music-and-books",10,,,10080,active,1,100,,,,,,,,
sevendaysnotes,Pocket Series Gray Notebook with Pencil,Piece,1,deshi-bazaar-book's-collections,home-&-decor,"media,-music-and-books",,87,105,0,,,,,"home-&-decor,media,-music-and-books",10,,,10080,active,1,100,,,,,,,,
sevendaysnotes,Studio Series Spiral-Bound Kraft Notebook with Pencil,Piece,1,deshi-bazaar-book's-collections,home-&-decor,"media,-music-and-books",,133,160,0,,,,,"home-&-decor,media,-music-and-books",10,,,10080,active,1,100,,,,,,,,
sevendaysnotes,Traveller’s Notebook with Pencil,Piece,1,deshi-bazaar-book's-collections,home-&-decor,"media,-music-and-books",,133,160,0,,,,,"home-&-decor,media,-music-and-books",10,,,10080,active,1,100,,,,,,,,
sevendaysnotes,Dhaka Notebook SN202008122 with Pencil,Piece,1,deshi-bazaar-book's-collections,home-&-decor,"media,-music-and-books",,125,150,0,,,,,"home-&-decor,media,-music-and-books",10,,,10080,active,1,100,,,,,,,,
sevendaysnotes,Cannabis Series White Leaf Notebook SN20201125,Piece,1,deshi-bazaar-book's-collections,home-&-decor,"media,-music-and-books",,66,80,0,,,,,"home-&-decor,media,-music-and-books",10,,,10080,active,1,100,,,,,,,,
sevendaysnotes,Cannabis Series Orange Leaf Notebook SN20201125,Piece,1,deshi-bazaar-book's-collections,home-&-decor,"media,-music-and-books",,66,80,0,,,,,"home-&-decor,media,-music-and-books",10,,,10080,active,1,100,,,,,,,,
sevendaysnotes,Cannabis Series Orange Leaf & White Leaf Notebook SN20201125 2-Pack ,Piece,1,deshi-bazaar-book's-collections,home-&-decor,"media,-music-and-books",,133,160,0,,,,,"home-&-decor,media,-music-and-books",10,,,10080,active,1,100,,,,,,,,
sevendaysnotes,Cannabis Series Black Green Brown Orange & White Leaf Notebook SN20201125 5-Pack,Piece,1,deshi-bazaar-book's-collections,home-&-decor,"media,-music-and-books",,332,400,0,,,,,"home-&-decor,media,-music-and-books",10,,,10080,active,1,100,,,,,,,,
sevendaysnotes,News Cover Series Workbook Ash Olive Notebook SN20201126,Piece,1,deshi-bazaar-book's-collections,home-&-decor,"media,-music-and-books",,66,80,0,,,,,"home-&-decor,media,-music-and-books",10,,,10080,active,1,100,,,,,,,,
sevendaysnotes,News Cover Series Workbook Olive Notebook SN20201126,Piece,1,deshi-bazaar-book's-collections,home-&-decor,"media,-music-and-books",,66,80,0,,,,,"home-&-decor,media,-music-and-books",10,,,10080,active,1,100,,,,,,,,
sevendaysnotes,News Cover Series Workbook Ash Olive & Olive Notebook SN20-Pack,Piece,1,deshi-bazaar-book's-collections,home-&-decor,"media,-music-and-books",,133,160,0,,,,,"home-&-decor,media,-music-and-books",10,,,10080,active,1,100,,,,,,,,
sevendaysnotes,Chattogram Notebook SN202130127,Piece,1,deshi-bazaar-book's-collections,home-&-decor,"media,-music-and-books",,100,120,0,,,,,"home-&-decor,media,-music-and-books",10,,,10080,active,1,100,,,,,,,,
sevendaysnotes,Chattogram Notebook SN202130128,Piece,1,deshi-bazaar-book's-collections,home-&-decor,"media,-music-and-books",,100,120,0,,,,,"home-&-decor,media,-music-and-books",10,,,10080,active,1,100,,,,,,,,
sevendaysnotes,Chattogram Notebook SN202130128 2-Pack,Piece,1,deshi-bazaar-book's-collections,home-&-decor,"media,-music-and-books",,100,120,0,,,,,"home-&-decor,media,-music-and-books",10,,,10080,active,1,100,,,,,,,,
sevendaysnotes,Poplars near Nuenen Notebook SN202130129,Piece,1,deshi-bazaar-book's-collections,home-&-decor,"media,-music-and-books",,100,120,0,,,,,"home-&-decor,media,-music-and-books",10,,,10080,active,1,100,,,,,,,,
sevendaysnotes,Love Notebook SN202130130,Piece,1,deshi-bazaar-book's-collections,home-&-decor,"media,-music-and-books",,100,120,0,,,,,"home-&-decor,media,-music-and-books",10,,,10080,active,1,100,,,,,,,,
sevendaysnotes,Merry Christmas Notebook SN202130131,Piece,1,deshi-bazaar-book's-collections,home-&-decor,"media,-music-and-books",,100,120,0,,,,,"home-&-decor,media,-music-and-books",10,,,10080,active,1,100,,,,,,,,
sevendaysnotes,Irises Notebook SN202130132,Piece,1,deshi-bazaar-book's-collections,home-&-decor,"media,-music-and-books",,100,120,0,,,,,"home-&-decor,media,-music-and-books",10,,,10080,active,1,100,,,,,,,,
sevendaysnotes,Almond Blossoms Notebook SN202130133,Piece,1,deshi-bazaar-book's-collections,home-&-decor,"media,-music-and-books",,100,120,0,,,,,"home-&-decor,media,-music-and-books",10,,,10080,active,1,100,,,,,,,,
sevendaysnotes,Dhaka & Chattogram NotebookSN202008122 & SN202130127 2-Pack,Piece,1,deshi-bazaar-book's-collections,home-&-decor,"media,-music-and-books",,199,240,0,,,,,"home-&-decor,media,-music-and-books",10,,,10080,active,1,100,,,,,,,,
sevendaysnotes,Dhaka & Chattogram Notebook SN202008122,Piece,1,deshi-bazaar-book's-collections,home-&-decor,"media,-music-and-books",,199,240,0,,,,,"home-&-decor,media,-music-and-books",10,,,10080,active,1,100,,,,,,,,
sevendaysnotes,Middle Man Texture Black Notebook,Piece,1,deshi-bazaar-book's-collections,home-&-decor,"media,-music-and-books",,183,220,0,,,,,"home-&-decor,media,-music-and-books",10,,,10080,active,1,100,,,,,,,,
sevendaysnotes,Middle Man Kraft & Texture Black Notebook 2-Pack,Piece,1,deshi-bazaar-book's-collections,home-&-decor,"media,-music-and-books",,365,440,0,,,,,"home-&-decor,media,-music-and-books",10,,,10080,active,1,100,,,,,,,,
sevendaysnotes,Starry Night Almond Blossoms Irises Poplars near Nuenen The Night Café & Wheatfield with Crows Notebook ,Piece,1,deshi-bazaar-book's-collections,home-&-decor,"media,-music-and-books",,598,720,0,,,,,"home-&-decor,media,-music-and-books",10,,,10080,active,1,100,,,,,,,,
sevendaysnotes,Starry Night & Almond Blossoms Notebook SN201903104 & SN202130133 2-Pack,Piece,1,deshi-bazaar-book's-collections,home-&-decor,"media,-music-and-books",,199,240,0,,,,,"home-&-decor,media,-music-and-books",10,,,10080,active,1,100,,,,,,,,
sevendaysnotes,Dhaka & Chattogram Notebook SN20200812,Piece,1,deshi-bazaar-book's-collections,home-&-decor,"media,-music-and-books",,299,360,0,,,,,"home-&-decor,media,-music-and-books",10,,,10080,active,1,100,,,,,,,,
sevendaysnotes,"Shuvo Nabobarsho ""Mukhosh"" Notebook with Badge SN202002101",Piece,1,deshi-bazaar-book's-collections,home-&-decor,"media,-music-and-books",,125,150,0,,,,,"home-&-decor,media,-music-and-books",10,,,10080,active,1,100,,,,,,,,
sevendaysnotes,Sevendays Chattogram Canvas Tote Bag,Piece,1,deshi-bazaar-book's-collections,home-&-decor,"media,-music-and-books",,291,350,0,,,,,"home-&-decor,media,-music-and-books",10,,,10080,active,1,100,,,,,,,,
sevendaysnotes,Sevendays Chattogram Canvas Tote Bag,Piece,1,deshi-bazaar-book's-collections,home-&-decor,"media,-music-and-books",,291,350,0,,,,,"home-&-decor,media,-music-and-books",10,,,10080,active,1,100,,,,,,,,
sevendaysnotes,Sevendays Chattogram Canvas Tote Bag 2-Pack,Piece,1,deshi-bazaar-book's-collections,home-&-decor,"media,-music-and-books",,581,700,0,,,,,"home-&-decor,media,-music-and-books",10,,,10080,active,1,100,,,,,,,,
sevendaysnotes,Almond Blossoms & Wheatfield with Crows NotebookSN20,Piece,1,deshi-bazaar-book's-collections,home-&-decor,"media,-music-and-books",,199,240,0,,,,,"home-&-decor,media,-music-and-books",10,,,10080,active,1,100,,,,,,,,
sevendaysnotes,Almond Blossoms & Night Café Notebook SN202130133& SN-Pack,Piece,1,deshi-bazaar-book's-collections,home-&-decor,"media,-music-and-books",,199,240,0,,,,,"home-&-decor,media,-music-and-books",10,,,10080,active,1,100,,,,,,,,
sevendaysnotes,Starry Night & Irises Notebook SN201903104 ,Piece,1,deshi-bazaar-book's-collections,home-&-decor,"media,-music-and-books",,199,240,0,,,,,"home-&-decor,media,-music-and-books",10,,,10080,active,1,100,,,,,,,,
sevendaysnotes,Almond Blossoms & Irises Notebook SN202130133 ,Piece,1,deshi-bazaar-book's-collections,home-&-decor,"media,-music-and-books",,199,240,0,,,,,"home-&-decor,media,-music-and-books",10,,,10080,active,1,100,,,,,,,,
sevendaysnotes,365 Days Green Cover Notebook,Piece,1,deshi-bazaar-book's-collections,home-&-decor,"media,-music-and-books",,303,365,0,,,,,"home-&-decor,media,-music-and-books",10,,,10080,active,1,100,,,,,,,,
sevendaysnotes,365 Days Red Cover Notebook,Piece,1,deshi-bazaar-book's-collections,home-&-decor,"media,-music-and-books",,303,365,0,,,,,"home-&-decor,media,-music-and-books",10,,,10080,active,1,100,,,,,,,,
sevendaysnotes,365 Days Kraft Cover Notebook,Piece,1,deshi-bazaar-book's-collections,home-&-decor,"media,-music-and-books",,303,365,0,,,,,"home-&-decor,media,-music-and-books",10,,,10080,active,1,100,,,,,,,,
sevendaysnotes,365 Days Green & Kraft Cover Notebook 2-Pack,Piece,1,deshi-bazaar-book's-collections,home-&-decor,"media,-music-and-books",,606,730,0,,,,,"home-&-decor,media,-music-and-books",10,,,10080,active,1,100,,,,,,,,
sevendaysnotes,365 Days Green & Red Cover Notebook 2-Pack,Piece,1,deshi-bazaar-book's-collections,home-&-decor,"media,-music-and-books",,606,730,0,,,,,"home-&-decor,media,-music-and-books",10,,,10080,active,1,100,,,,,,,,
sevendaysnotes,365 Days Kraft & Red Cover Notebook 2-Pack,Piece,1,deshi-bazaar-book's-collections,home-&-decor,"media,-music-and-books",,606,730,0,,,,,"home-&-decor,media,-music-and-books",10,,,10080,active,1,100,,,,,,,,
sevendaysnotes,365 Days Green Red & Kraft Cover Notebook 3-Pack,Piece,1,deshi-bazaar-book's-collections,home-&-decor,"media,-music-and-books",,909,1095,0,,,,,"home-&-decor,media,-music-and-books",10,,,10080,active,1,100,,,,,,,,
sevendaysnotes,Pocket Book Black Notebook,Piece,1,deshi-bazaar-book's-collections,home-&-decor,"media,-music-and-books",,62,75,0,,,,,"home-&-decor,media,-music-and-books",10,,,10080,active,1,100,,,,,,,,
sevendaysnotes,Pocket Book Blue Notebook,Piece,1,deshi-bazaar-book's-collections,home-&-decor,"media,-music-and-books",,62,75,0,,,,,"home-&-decor,media,-music-and-books",10,,,10080,active,1,100,,,,,,,,
sevendaysnotes,Pocket Book Red Notebook,Piece,1,deshi-bazaar-book's-collections,home-&-decor,"media,-music-and-books",,62,75,0,,,,,"home-&-decor,media,-music-and-books",10,,,10080,active,1,100,,,,,,,,
sevendaysnotes,Pocket Book Kraft Notebook,Piece,1,deshi-bazaar-book's-collections,home-&-decor,"media,-music-and-books",,62,75,0,,,,,"home-&-decor,media,-music-and-books",10,,,10080,active,1,100,,,,,,,,
sevendaysnotes,Pocket Book Black & Blue Notebook 2-Pack,Piece,1,deshi-bazaar-book's-collections,home-&-decor,"media,-music-and-books",,125,150,0,,,,,"home-&-decor,media,-music-and-books",10,,,10080,active,1,100,,,,,,,,
sevendaysnotes,Pocket Book Black & Red Notebook 2-Pack,Piece,1,deshi-bazaar-book's-collections,home-&-decor,"media,-music-and-books",,125,150,0,,,,,"home-&-decor,media,-music-and-books",10,,,10080,active,1,100,,,,,,,,
sevendaysnotes,Pocket Book Black & Kraft Notebook 2-Pack,Piece,1,deshi-bazaar-book's-collections,home-&-decor,"media,-music-and-books",,125,150,0,,,,,"home-&-decor,media,-music-and-books",10,,,10080,active,1,100,,,,,,,,
sevendaysnotes,Pocket Book Blue & Kraft Notebook 2-Pack,Piece,1,deshi-bazaar-book's-collections,home-&-decor,"media,-music-and-books",,125,150,0,,,,,"home-&-decor,media,-music-and-books",10,,,10080,active,1,100,,,,,,,,
sevendaysnotes,Pocket Book Blue & Red Notebook 2-Pack,Piece,1,deshi-bazaar-book's-collections,home-&-decor,"media,-music-and-books",,125,150,0,,,,,"home-&-decor,media,-music-and-books",10,,,10080,active,1,100,,,,,,,,
sevendaysnotes,Pocket Book Black Blue & Kraft Notebook 3-Pack,Piece,1,deshi-bazaar-book's-collections,home-&-decor,"media,-music-and-books",,187,225,0,,,,,"home-&-decor,media,-music-and-books",10,,,10080,active,1,100,,,,,,,,
sevendaysnotes,Pocket Book Black Blue & Red Notebook 3-Pack,Piece,1,deshi-bazaar-book's-collections,home-&-decor,"media,-music-and-books",,187,225,0,,,,,"home-&-decor,media,-music-and-books",10,,,10080,active,1,100,,,,,,,,
sevendaysnotes,Pocket Book Black Kraft & Red Notebook 3-Pack,Piece,1,deshi-bazaar-book's-collections,home-&-decor,"media,-music-and-books",,187,225,0,,,,,"home-&-decor,media,-music-and-books",10,,,10080,active,1,100,,,,,,,,
sevendaysnotes,Pocket Book Blue Kraft & Red Notebook 3-Pack,Piece,1,deshi-bazaar-book's-collections,home-&-decor,"media,-music-and-books",,187,225,0,,,,,"home-&-decor,media,-music-and-books",10,,,10080,active,1,100,,,,,,,,
sevendaysnotes,Pocket Book Black Blue Kraft & Red Notebook 4-Pack,Piece,1,deshi-bazaar-book's-collections,home-&-decor,"media,-music-and-books",,249,300,0,,,,,"home-&-decor,media,-music-and-books",10,,,10080,active,1,100,,,,,,,,
sevendaysnotes,Yellowish Page Hand Made Kraft Cover Notebook,Piece,1,deshi-bazaar-book's-collections,home-&-decor,"media,-music-and-books",,125,150,0,,,,,"home-&-decor,media,-music-and-books",10,,,10080,active,1,100,,,,,,,,
sevendaysnotes,Yellowish Page Hand Made Texture Grey Cover Notebook,Piece,1,deshi-bazaar-book's-collections,home-&-decor,"media,-music-and-books",,125,150,0,,,,,"home-&-decor,media,-music-and-books",10,,,10080,active,1,100,,,,,,,,
sevendaysnotes,Yellowish Page Hand Made Red Cover Notebook,Piece,1,deshi-bazaar-book's-collections,home-&-decor,"media,-music-and-books",,125,150,0,,,,,"home-&-decor,media,-music-and-books",10,,,10080,active,1,100,,,,,,,,
sevendaysnotes,Yellowish Page Hand Made Orange Cover Notebook,Piece,1,deshi-bazaar-book's-collections,home-&-decor,"media,-music-and-books",,125,150,0,,,,,"home-&-decor,media,-music-and-books",10,,,10080,active,1,100,,,,,,,,
sevendaysnotes,Yellowish Page Hand Made Texture White Cover Notebook,Piece,1,deshi-bazaar-book's-collections,home-&-decor,"media,-music-and-books",,125,150,0,,,,,"home-&-decor,media,-music-and-books",10,,,10080,active,1,100,,,,,,,,
sevendaysnotes,Yellowish Page Hand Made Texture Grey & Kraft Cover Notebook 2-Pack,Piece,1,deshi-bazaar-book's-collections,home-&-decor,"media,-music-and-books",,249,300,0,,,,,"home-&-decor,media,-music-and-books",10,,,10080,active,1,100,,,,,,,,
sevendaysnotes,Yellowish Page Hand Made Texture Grey & Orange Cover Notebook 2-Pack,Piece,1,deshi-bazaar-book's-collections,home-&-decor,"media,-music-and-books",,249,300,0,,,,,"home-&-decor,media,-music-and-books",10,,,10080,active,1,100,,,,,,,,
sevendaysnotes,Yellowish Page Hand Made Texture Grey & Red Cover Notebook 2-Pack,Piece,1,deshi-bazaar-book's-collections,home-&-decor,"media,-music-and-books",,249,300,0,,,,,"home-&-decor,media,-music-and-books",10,,,10080,active,1,100,,,,,,,,
sevendaysnotes,Yellowish Page Hand Made Texture Grey & Texture White Cover Notebook 2-Pack,Piece,1,deshi-bazaar-book's-collections,home-&-decor,"media,-music-and-books",,249,300,0,,,,,"home-&-decor,media,-music-and-books",10,,,10080,active,1,100,,,,,,,,
sevendaysnotes,Yellowish Page Hand Made Kraft & Texture White Cover Notebook 2-Pack,Piece,1,deshi-bazaar-book's-collections,home-&-decor,"media,-music-and-books",,249,300,0,,,,,"home-&-decor,media,-music-and-books",10,,,10080,active,1,100,,,,,,,,
sevendaysnotes,Yellowish Page Hand Made Kraft & Orange Cover Notebook 2-Pack,Piece,1,deshi-bazaar-book's-collections,home-&-decor,"media,-music-and-books",,249,300,0,,,,,"home-&-decor,media,-music-and-books",10,,,10080,active,1,100,,,,,,,,
sevendaysnotes,Yellowish Page Hand Made Kraft & Red Cover Notebook 2-Pack,Piece,1,deshi-bazaar-book's-collections,home-&-decor,"media,-music-and-books",,249,300,0,,,,,"home-&-decor,media,-music-and-books",10,,,10080,active,1,100,,,,,,,,
sevendaysnotes,Yellowish Page Hand Made Orange & Red Cover Notebook 2-Pack,Piece,1,deshi-bazaar-book's-collections,home-&-decor,"media,-music-and-books",,249,300,0,,,,,"home-&-decor,media,-music-and-books",10,,,10080,active,1,100,,,,,,,,
sevendaysnotes,Yellowish Page Hand Made Orange & Texture White Cover Notebook 2-Pack,Piece,1,deshi-bazaar-book's-collections,home-&-decor,"media,-music-and-books",,249,300,0,,,,,"home-&-decor,media,-music-and-books",10,,,10080,active,1,100,,,,,,,,
sevendaysnotes,Yellowish Page Hand Made Red & Texture White Cover Notebook 2-Pack,Piece,1,deshi-bazaar-book's-collections,home-&-decor,"media,-music-and-books",,249,300,0,,,,,"home-&-decor,media,-music-and-books",10,,,10080,active,1,100,,,,,,,,
sevendaysnotes,Yellowish Page Hand Made Texture Grey Kraft & Orange Cover Notebook 3-Pack,Piece,1,deshi-bazaar-book's-collections,home-&-decor,"media,-music-and-books",,374,450,0,,,,,"home-&-decor,media,-music-and-books",10,,,10080,active,1,100,,,,,,,,
sevendaysnotes,Yellowish Page Hand Made Texture Grey Kraft & Red Cover Notebook 3-Pack,Piece,1,deshi-bazaar-book's-collections,home-&-decor,"media,-music-and-books",,374,450,0,,,,,"home-&-decor,media,-music-and-books",10,,,10080,active,1,100,,,,,,,,
sevendaysnotes,Yellowish Page Hand Made Texture Grey Kraft & Texture White Cover Notebook 3-Pack,Piece,1,deshi-bazaar-book's-collections,home-&-decor,"media,-music-and-books",,374,450,0,,,,,"home-&-decor,media,-music-and-books",10,,,10080,active,1,100,,,,,,,,
sevendaysnotes,Yellowish Page Hand Made Texture Grey Orange & Red Cover Notebook 3-Pack,Piece,1,deshi-bazaar-book's-collections,home-&-decor,"media,-music-and-books",,374,450,0,,,,,"home-&-decor,media,-music-and-books",10,,,10080,active,1,100,,,,,,,,
sevendaysnotes,Yellowish Page Hand Made Texture Grey Orange & Texture Whtie Cover Notebook 3-Pack,Piece,1,deshi-bazaar-book's-collections,home-&-decor,"media,-music-and-books",,374,450,0,,,,,"home-&-decor,media,-music-and-books",10,,,10080,active,1,100,,,,,,,,
sevendaysnotes,Yellowish Page Hand Made Texture Grey Red & Texture Whtie Cover Notebook 3-Pack,Piece,1,deshi-bazaar-book's-collections,home-&-decor,"media,-music-and-books",,374,450,0,,,,,"home-&-decor,media,-music-and-books",10,,,10080,active,1,100,,,,,,,,
sevendaysnotes,Yellowish Page Hand Made Kraft Orange & Red Cover Notebook 3-Pack,Piece,1,deshi-bazaar-book's-collections,home-&-decor,"media,-music-and-books",,374,450,0,,,,,"home-&-decor,media,-music-and-books",10,,,10080,active,1,100,,,,,,,,
sevendaysnotes,Yellowish Page Hand Made Kraft Orange & Texture White Cover Notebook 3-Pack,Piece,1,deshi-bazaar-book's-collections,home-&-decor,"media,-music-and-books",,374,450,0,,,,,"home-&-decor,media,-music-and-books",10,,,10080,active,1,100,,,,,,,,
sevendaysnotes,Yellowish Page Hand Made Kraft Red & Texture White Cover Notebook 3-Pack,Piece,1,deshi-bazaar-book's-collections,home-&-decor,"media,-music-and-books",,374,450,0,,,,,"home-&-decor,media,-music-and-books",10,,,10080,active,1,100,,,,,,,,
sevendaysnotes,Yellowish Page Hand Made Orange Red & Texture White Cover Notebook 3-Pack,Piece,1,deshi-bazaar-book's-collections,home-&-decor,"media,-music-and-books",,374,450,0,,,,,"home-&-decor,media,-music-and-books",10,,,10080,active,1,100,,,,,,,,
sevendaysnotes,Yellowish Page Hand Made Texture Grey Kraft Orange & Red Cover Notebook 4-Pack,Piece,1,deshi-bazaar-book's-collections,home-&-decor,"media,-music-and-books",,498,600,0,,,,,"home-&-decor,media,-music-and-books",10,,,10080,active,1,100,,,,,,,,
sevendaysnotes,Yellowish Page Hand Made Texture Grey Kraft Orange & Texture White Cover Notebook 4-Pack,Piece,1,deshi-bazaar-book's-collections,home-&-decor,"media,-music-and-books",,498,600,0,,,,,"home-&-decor,media,-music-and-books",10,,,10080,active,1,100,,,,,,,,
sevendaysnotes,Yellowish Page Hand Made Texture Grey Orange Red & Texture White Cover Notebook 4-Pack,Piece,1,deshi-bazaar-book's-collections,home-&-decor,"media,-music-and-books",,498,600,0,,,,,"home-&-decor,media,-music-and-books",10,,,10080,active,1,100,,,,,,,,
sevendaysnotes,Yellowish Page Hand Made Kraft Orange Red & Texture White Cover Notebook 4-Pack,Piece,1,deshi-bazaar-book's-collections,home-&-decor,"media,-music-and-books",,498,600,0,,,,,"home-&-decor,media,-music-and-books",10,,,10080,active,1,100,,,,,,,,
sevendaysnotes,Yellowish Page Hand Made Texture Grey Kraft Red & Texture White Cover Notebook 4-Pack,Piece,1,deshi-bazaar-book's-collections,home-&-decor,"media,-music-and-books",,498,600,0,,,,,"home-&-decor,media,-music-and-books",10,,,10080,active,1,100,,,,,,,,
sevendaysnotes,Yellowish Page Hand Made Texture Grey Kraft Orange Red & Texture White Cover Notebook 5-Pack,Piece,1,deshi-bazaar-book's-collections,home-&-decor,"media,-music-and-books",,623,750,0,,,,,"home-&-decor,media,-music-and-books",10,,,10080,active,1,100,,,,,,,,
sevendaysnotes,Pocket Series Red Notebook,Piece,1,deshi-bazaar-book's-collections,home-&-decor,"media,-music-and-books",,66,80,0,,,,,"home-&-decor,media,-music-and-books",10,,,10080,active,1,100,,,,,,,,
sevendaysnotes,Silver Coated Paper Black Spiral Notebook,Piece,1,deshi-bazaar-book's-collections,home-&-decor,"media,-music-and-books",,149,180,0,,,,,"home-&-decor,media,-music-and-books",10,,,10080,active,1,100,,,,,,,,
sevendaysnotes,Silver Coated Paper Black Spiral Studio Series Notebook,Piece,1,deshi-bazaar-book's-collections,home-&-decor,"media,-music-and-books",,125,150,0,,,,,"home-&-decor,media,-music-and-books",10,,,10080,active,1,100,,,,,,,,
sevendaysnotes,Silver Coated Paper Black Spiral & Studio Series Notebook 2-Pack,Piece,1,deshi-bazaar-book's-collections,home-&-decor,"media,-music-and-books",,274,330,0,,,,,"home-&-decor,media,-music-and-books",10,,,10080,active,1,100,,,,,,,,
sevendaysnotes,Landscape Series Black Notebook Premium Bianco Paper for Artist,Piece,1,deshi-bazaar-book's-collections,home-&-decor,"media,-music-and-books",,349,420,0,,,,,"home-&-decor,media,-music-and-books",10,,,10080,active,1,100,,,,,,,,
sevendaysnotes,Landscape Series Blue Notebook Premium Bianco Paper for Artist,Piece,1,deshi-bazaar-book's-collections,home-&-decor,"media,-music-and-books",,349,420,0,,,,,"home-&-decor,media,-music-and-books",10,,,10080,active,1,100,,,,,,,,
sevendaysnotes,Landscape Series Red Notebook Premium Bianco Paper for Artist,Piece,1,deshi-bazaar-book's-collections,home-&-decor,"media,-music-and-books",,349,420,0,,,,,"home-&-decor,media,-music-and-books",10,,,10080,active,1,100,,,,,,,,
sevendaysnotes,Landscape Series Kraft Notebook Premium Bianco Paper for Artist,Piece,1,deshi-bazaar-book's-collections,home-&-decor,"media,-music-and-books",,349,420,0,,,,,"home-&-decor,media,-music-and-books",10,,,10080,active,1,100,,,,,,,,
sevendaysnotes,Landscape Series Dimgray Notebook Premium Bianco Paper for Artist,Piece,1,deshi-bazaar-book's-collections,home-&-decor,"media,-music-and-books",,349,420,0,,,,,"home-&-decor,media,-music-and-books",10,,,10080,active,1,100,,,,,,,,
sevendaysnotes,Landscape Series Drak Brown Notebook Premium Bianco Paper for Artist,Piece,1,deshi-bazaar-book's-collections,home-&-decor,"media,-music-and-books",,349,420,0,,,,,"home-&-decor,media,-music-and-books",10,,,10080,active,1,100,,,,,,,,
sevendaysnotes,Landscape Series Orange Notebook Premium Bianco Paper for Artist,Piece,1,deshi-bazaar-book's-collections,home-&-decor,"media,-music-and-books",,349,420,0,,,,,"home-&-decor,media,-music-and-books",10,,,10080,active,1,100,,,,,,,,
sevendaysnotes,Landscape Series Texture Cream Notebook Premium Bianco Paper for Artist,Piece,1,deshi-bazaar-book's-collections,home-&-decor,"media,-music-and-books",,349,420,0,,,,,"home-&-decor,media,-music-and-books",10,,,10080,active,1,100,,,,,,,,
sevendaysnotes,Landscape Series Texture White Notebook Premium Bianco Paper for Artist,Piece,1,deshi-bazaar-book's-collections,home-&-decor,"media,-music-and-books",,349,420,0,,,,,"home-&-decor,media,-music-and-books",10,,,10080,active,1,100,,,,,,,,
sevendaysnotes,Landscape Series Notebook Premium Bianco Paper for Artist 9-Pack,Piece,1,deshi-bazaar-book's-collections,home-&-decor,"media,-music-and-books",,3137,3780,0,,,,,"home-&-decor,media,-music-and-books",10,,,10080,active,1,100,,,,,,,,
sevendaysnotes,Designer Series Black Dotted Notebook,Piece,1,deshi-bazaar-book's-collections,home-&-decor,"media,-music-and-books",,208,250,0,,,,,"home-&-decor,media,-music-and-books",10,,,10080,active,1,100,,,,,,,,
sevendaysnotes,Designer Series Kraft Dotted Notebook,Piece,1,deshi-bazaar-book's-collections,home-&-decor,"media,-music-and-books",,208,250,0,,,,,"home-&-decor,media,-music-and-books",10,,,10080,active,1,100,,,,,,,,
sevendaysnotes,Designer Series Texture Ash Dotted Notebook,Piece,1,deshi-bazaar-book's-collections,home-&-decor,"media,-music-and-books",,220,265,0,,,,,"home-&-decor,media,-music-and-books",10,,,10080,active,1,100,,,,,,,,
sevendaysnotes,Designer Series Black Kraft & Texture Ash Dotted Notebook 3-Pack,Piece, ,deshi-bazaar-book's-collections,home-&-decor,"media,-music-and-books",,635,765,0,,,,,"home-&-decor,media,-music-and-books",10,,,10080,active,1,100,,,,,,,,
sevendaysnotes,Dhaka & Almond Blossoms Notebook SN202008122 & SN20213013 2-Pack,Piece,1,deshi-bazaar-book's-collections,home-&-decor,"media,-music-and-books",,199,240,0,,,,,"home-&-decor,media,-music-and-books",10,,,10080,active,1,100,,,,,,,,
sevendaysnotes,Executive Series Black SpiralBlack Notebook,Piece,1,deshi-bazaar-book's-collections,home-&-decor,"media,-music-and-books",,149,180,0,,,,,"home-&-decor,media,-music-and-books",10,,,10080,active,1,100,,,,,,,,
sevendaysnotes,Executive Series Black SpiralBlack & White Notebook 2-Pack,Piece,1,deshi-bazaar-book's-collections,home-&-decor,"media,-music-and-books",,299,360,0,,,,,"home-&-decor,media,-music-and-books",10,,,10080,active,1,100,,,,,,,,
sevendaysnotes,Workaholic Black Notebook,Piece,1,deshi-bazaar-book's-collections,home-&-decor,"media,-music-and-books",,208,250,0,,,,,"home-&-decor,media,-music-and-books",10,,,10080,active,1,100,,,,,,,,
sevendaysnotes,Workaholic Grey Notebook,Piece,1,deshi-bazaar-book's-collections,home-&-decor,"media,-music-and-books",,208,250,0,,,,,"home-&-decor,media,-music-and-books",10,,,10080,active,1,100,,,,,,,,
sevendaysnotes,Workaholic Brown Notebook,Piece,1,deshi-bazaar-book's-collections,home-&-decor,"media,-music-and-books",,208,250,0,,,,,"home-&-decor,media,-music-and-books",10,,,10080,active,1,100,,,,,,,,
sevendaysnotes,Workaholic Brown & Grey Notebook 2-Pack,Piece,1,deshi-bazaar-book's-collections,home-&-decor,"media,-music-and-books",,415,500,0,,,,,"home-&-decor,media,-music-and-books",10,,,10080,active,1,100,,,,,,,,
sevendaysnotes,Workaholic Black Brown Grey & Kraft Notebook 4-Pack,Piece,1,deshi-bazaar-book's-collections,home-&-decor,"media,-music-and-books",,830,1000,0,,,,,"home-&-decor,media,-music-and-books",10,,,10080,active,1,100,,,,,,,,
sevendaysnotes,Dhaka Badge - 10 Pcs,Piece,1,deshi-bazaar-book's-collections,home-&-decor,"media,-music-and-books",,249,300,0,,,,,"home-&-decor,media,-music-and-books",10,,,10080,active,1,100,,,,,,,,
sevendaysnotes,Happy Birthday Badge - 10 Pcs,Piece,1,deshi-bazaar-book's-collections,home-&-decor,"media,-music-and-books",,249,300,0,,,,,"home-&-decor,media,-music-and-books",10,,,10080,active,1,100,,,,,,,,
sevendaysnotes,Sharod Shuveccha Badge - 10 Pcs,Piece,1,deshi-bazaar-book's-collections,home-&-decor,"media,-music-and-books",,249,300,0,,,,,"home-&-decor,media,-music-and-books",10,,,10080,active,1,100,,,,,,,,
sevendaysnotes,No Branding No Publicity Notebook Recycled Tosa Board Cover,Piece,1,deshi-bazaar-book's-collections,home-&-decor,"media,-music-and-books",,116,140,0,,,,,"home-&-decor,media,-music-and-books",10,,,10080,active,1,100,,,,,,,,
sevendaysnotes,Sevendays Notes Cream White 110 gsm Cartridge Paper Single Sheets,Piece,1,deshi-bazaar-book's-collections,home-&-decor,"media,-music-and-books",,208,250,0,,,,,"home-&-decor,media,-music-and-books",10,,,10080,active,1,100,,,,,,,,
sevendaysnotes,Yellowish Page Hand Made Green Cover Notebook,Piece,1,deshi-bazaar-book's-collections,home-&-decor,"media,-music-and-books",,125,150,0,,,,,"home-&-decor,media,-music-and-books",10,,,10080,active,1,100,,,,,,,,
sevendaysnotes,Explorer Notebook Jute Handmade Green Board Cover,Piece,1,deshi-bazaar-book's-collections,home-&-decor,"media,-music-and-books",,125,150,0,,,,,"home-&-decor,media,-music-and-books",10,,,10080,active,1,100,,,,,,,,
sevendaysnotes,Tent Series Yellowish Page Hand Made Green Cover Notebook ,Piece,1,deshi-bazaar-book's-collections,home-&-decor,"media,-music-and-books",,249,300,0,,,,,"home-&-decor,media,-music-and-books",10,,,10080,active,1,100,,,,,,,,
sevendaysnotes,Landscape Series White Texture Notebook Premium Bianco Paper for Artist,Piece,1,deshi-bazaar-book's-collections,home-&-decor,"media,-music-and-books",,349,420,0,,,,,"home-&-decor,media,-music-and-books",10,,,10080,active,1,100,,,,,,,,
sevendaysnotes,Tent Series Yellowish Page Hand Made Sand Texture Cover Notebook,Piece,1,deshi-bazaar-book's-collections,home-&-decor,"media,-music-and-books",,125,150,0,,,,,"home-&-decor,media,-music-and-books",10,,,10080,active,1,100,,,,,,,,
sevendaysnotes,Explorer Notebook Jute Handmade Green & Orange Board Cover 2-Pack,Piece,1,deshi-bazaar-book's-collections,home-&-decor,"media,-music-and-books",,249,300,0,,,,,"home-&-decor,media,-music-and-books",10,,,10080,active,1,100,,,,,,,,
sevendaysnotes,A5 SizeW- 5.9 in x H- 8.3 in - No Branding No Publicity Notebook,Piece,1,deshi-bazaar-book's-collections,home-&-decor,"media,-music-and-books",,183,220,0,,,,,"home-&-decor,media,-music-and-books",10,,,10080,active,1,100,,,,,,,,
sevendaysnotes,B5 SizeW- 6.9 in x H- 9.9 in - No Branding No Publicity Notebook,Piece,1,deshi-bazaar-book's-collections,home-&-decor,"media,-music-and-books",,199,240,0,,,,,"home-&-decor,media,-music-and-books",10,,,10080,active,1,100,,,,,,,,
sevendaysnotes,Big Canvas Portrait SizeW- 7.9 in x H- 10.9 in - No Branding No Publicity Notebook,Piece,1,deshi-bazaar-book's-collections,home-&-decor,"media,-music-and-books",,249,300,0,,,,,"home-&-decor,media,-music-and-books",10,,,10080,active,1,100,,,,,,,,
sevendaysnotes,Wide Landscape SeriesW- 8.4 in x H- 5.9 in - No Branding No Publicity Notebook,Piece,1,deshi-bazaar-book's-collections,home-&-decor,"media,-music-and-books",,183,220,0,,,,,"home-&-decor,media,-music-and-books",10,,,10080,active,1,100,,,,,,,,
sevendaysnotes,Wide Landscape SeriesW- 9.9 in x H- 6.9 in - No Branding No Publicity Notebook,Piece,1,deshi-bazaar-book's-collections,home-&-decor,"media,-music-and-books",,199,240,0,,,,,"home-&-decor,media,-music-and-books",10,,,10080,active,1,100,,,,,,,,
sevendaysnotes,Wide Landscape seriesW- 10.9 in x H- 7.9 in - No Branding No Publicity Notebook,Piece,1,deshi-bazaar-book's-collections,home-&-decor,"media,-music-and-books",,249,300,0,,,,,"home-&-decor,media,-music-and-books",10,,,10080,active,1,100,,,,,,,,
sevendaysnotes,A5 B5 &  Wide Landscape SeriesW- 5.9 in x H- 8.3 in W- 6.9,Piece,1,deshi-bazaar-book's-collections,home-&-decor,"media,-music-and-books",,564,680,0,,,,,"home-&-decor,media,-music-and-books",10,,,10080,active,1,100,,,,,,,,
sevendaysnotes,Big Canvas Portrait & Wide Landscape SeriesW-,Piece,1,deshi-bazaar-book's-collections,home-&-decor,"media,-music-and-books",,564,680,0,,,,,"home-&-decor,media,-music-and-books",10,,,10080,active,1,100,,,,,,,,
sevendaysnotes,Sevendays Notes Black Ball Pen 2-Pack,Piece,1,deshi-bazaar-book's-collections,home-&-decor,"media,-music-and-books",,108,130,0,,,,,"home-&-decor,media,-music-and-books",10,,,10080,active,1,100,,,,,,,,
sevendaysnotes,Sylhet Notebook SN202108148,Piece,1,deshi-bazaar-book's-collections,home-&-decor,"media,-music-and-books",,100,120,0,,,,,"home-&-decor,media,-music-and-books",10,,,10080,active,1,100,,,,,,,,
sevendaysnotes,Happy Birthday Notebook SN20191211,Piece,1,deshi-bazaar-book's-collections,home-&-decor,"media,-music-and-books",,100,120,0,,,,,"home-&-decor,media,-music-and-books",10,,,10080,active,1,100,,,,,,,,
sevendaysnotes,The Kingfisher Notebook SN202108152,Piece,1,deshi-bazaar-book's-collections,home-&-decor,"media,-music-and-books",,100,120,0,,,,,"home-&-decor,media,-music-and-books",10,,,10080,active,1,100,,,,,,,,
sevendaysnotes,Coffee Note Series Red Notebook SN20218147,Piece,1,deshi-bazaar-book's-collections,home-&-decor,"media,-music-and-books",,,80,0,,,,,"home-&-decor,media,-music-and-books",10,,,10080,active,1,100,,,,,,,,
sevendaysnotes,Coffee Note Series Black Notebook SN20218147,Piece,1,deshi-bazaar-book's-collections,home-&-decor,"media,-music-and-books",,66,80,0,,,,,"home-&-decor,media,-music-and-books",10,,,10080,active,1,100,,,,,,,,
sevendaysnotes,Coffee Note Series Grey Notebook SN20218147,Piece,1,deshi-bazaar-book's-collections,home-&-decor,"media,-music-and-books",,66,80,0,,,,,"home-&-decor,media,-music-and-books",10,,,10080,active,1,100,,,,,,,,
sevendaysnotes,Coffee Note Series White Notebook SN20218147,Piece,1,deshi-bazaar-book's-collections,home-&-decor,"media,-music-and-books",,66,80,0,,,,,"home-&-decor,media,-music-and-books",10,,,10080,active,1,100,,,,,,,,
sevendaysnotes,Coffee Note Series Red & White Notebook SN20218147 2-Pack,Piece,1,deshi-bazaar-book's-collections,home-&-decor,"media,-music-and-books",,133,160,0,,,,,"home-&-decor,media,-music-and-books",10,,,10080,active,1,100,,,,,,,,
sevendaysnotes,Coffee Note Series Black Grey Red & White Notebook ,Piece,1,deshi-bazaar-book's-collections,home-&-decor,"media,-music-and-books",,266,320,0,,,,,"home-&-decor,media,-music-and-books",10,,,10080,active,1,100,,,,,,,,
sevendaysnotes,Urbanization Notebook SN202108149,Piece,1,deshi-bazaar-book's-collections,home-&-decor,"media,-music-and-books",,125,150,0,,,,,"home-&-decor,media,-music-and-books",10,,,10080,active,1,100,,,,,,,,
sevendaysnotes,Happy Birthday Notebook with Badge SN20191211,Piece,1,deshi-bazaar-book's-collections,home-&-decor,"media,-music-and-books",,125,150,0,,,,,"home-&-decor,media,-music-and-books",10,,,10080,active,1,100,,,,,,,,
sevendaysnotes,Pocket Series Black White Red & Grey Notebook 4-Pack,Piece,1,deshi-bazaar-book's-collections,home-&-decor,"media,-music-and-books",,199,240,0,,,,,"home-&-decor,media,-music-and-books",10,,,10080,active,1,100,,,,,,,,
sevendaysnotes,Dhaka Chattogram & Sylhet Notebook ,Piece,1,deshi-bazaar-book's-collections,home-&-decor,"media,-music-and-books",,299,360,0,,,,,"home-&-decor,media,-music-and-books",10,,,10080,active,1,100,,,,,,,,
sevendaysnotes,Dhaka Chattogram & Sylhet Notebook SN202008122 ,Piece,1,deshi-bazaar-book's-collections,home-&-decor,"media,-music-and-books",,398,480,0,,,,,"home-&-decor,media,-music-and-books",10,,,10080,active,1,100,,,,,,,,
sevendaysnotes,Black Notebook,Piece,1,deshi-bazaar-book's-collections,home-&-decor,"media,-music-and-books",,0,,0,,,,,"home-&-decor,media,-music-and-books",10,,,10080,active,1,100,,,,,,,,
sevendaysnotes,Tent Series Yellowish Page Reduce Reuse Recycle Soft Green Cover,Piece,1,deshi-bazaar-book's-collections,home-&-decor,"media,-music-and-books",,125,150,0,,,,,"home-&-decor,media,-music-and-books",10,,,10080,active,1,100,,,,,,,,
sevendaysnotes,Tent Series Yellowish Page Reduce Reuse Recycle Green Cover Notebook,Piece,1,deshi-bazaar-book's-collections,home-&-decor,"media,-music-and-books",,125,150,0,,,,,"home-&-decor,media,-music-and-books",10,,,10080,active,1,100,,,,,,,,
sevendaysnotes,Tent Series Yellowish Page Reduce Reuse Recycle Soft Gren,Piece,1,deshi-bazaar-book's-collections,home-&-decor,"media,-music-and-books",,249,300,0,,,,,"home-&-decor,media,-music-and-books",10,,,10080,active,1,100,,,,,,,,
sevendaysnotes,Tent Series Yellowish Page Hand Made Soft Yellow ,Piece,1,deshi-bazaar-book's-collections,home-&-decor,"media,-music-and-books",,125,150,0,,,,,"home-&-decor,media,-music-and-books",10,,,10080,active,1,100,,,,,,,,
sevendaysnotes,Tent Series Yellowish Page Hand Made Pinewood Texture Cover Notebook,Piece,1,deshi-bazaar-book's-collections,home-&-decor,"media,-music-and-books",,125,150,0,,,,,"home-&-decor,media,-music-and-books",10,,,10080,active,1,100,,,,,,,,
sevendaysnotes,Tent Series Yellowish Page Hand Made Soft Yellow,Piece,1,deshi-bazaar-book's-collections,home-&-decor,"media,-music-and-books",,249,300,0,,,,,"home-&-decor,media,-music-and-books",10,,,10080,active,1,100,,,,,,,,
sevendaysnotes,365 Days Black Cover Notebook,Piece,1,deshi-bazaar-book's-collections,home-&-decor,"media,-music-and-books",,303,365,0,,,,,"home-&-decor,media,-music-and-books",10,,,10080,active,1,100,,,,,,,,
sevendaysnotes,365 Days Brown Cover Notebook,Piece,1,deshi-bazaar-book's-collections,home-&-decor,"media,-music-and-books",,303,365,0,,,,,"home-&-decor,media,-music-and-books",10,,,10080,active,1,100,,,,,,,,
sevendaysnotes,365 Days Black & Brown Cover Notebook 2-Pack,Piece,1,deshi-bazaar-book's-collections,home-&-decor,"media,-music-and-books",,606,730,0,,,,,"home-&-decor,media,-music-and-books",10,,,10080,active,1,100,,,,,,,,
sevendaysnotes,365 Days Black Brown Green Red & Kraft Cover Notebook 5-Pack,Piece,1,deshi-bazaar-book's-collections,home-&-decor,"media,-music-and-books",,1515,1825,0,,,,,"home-&-decor,media,-music-and-books",10,,,10080,active,1,100,,,,,,,,
sevendaysnotes,Cannabis Series Red Leaf Notebook SN20201125,Piece,1,deshi-bazaar-book's-collections,home-&-decor,"media,-music-and-books",,66,80,0,,,,,"home-&-decor,media,-music-and-books",10,,,10080,active,1,100,,,,,,,,
,Leaf Series Black Green Red Brown Orange & White Leaf Notebook SN20201125 6-Pack,Piece,1,deshi-bazaar-book's-collections,home-&-decor,"media,-music-and-books",,398,480,0,,,,,"home-&-decor,media,-music-and-books",10,,,10080,active,1,100,,,,,,,,
,Darjeeling Notebook,Piece,1,deshi-bazaar-book's-collections,home-&-decor,"media,-music-and-books",,66,80,0,,,,,"home-&-decor,media,-music-and-books",10,,,10080,active,1,100,,,,,,,,
,Black Pen Pencil 3-Pack,Piece,1,deshi-bazaar-book's-collections,home-&-decor,"media,-music-and-books",,75,90,0,,,,,"home-&-decor,media,-music-and-books",10,,,10080,active,1,100,,,,,,,,
,,,,,home-&-decor,,,,,,,,,,,,,,,,,,,,,,,,,