business,name,unit,per_unit_value,brand,category,sub_category,sub_category2,price,is_offer_enable,offer_price,featured_image,short_resolation_image,type,keywords,alert_quantity,sku,delivery_time,current_stock,enable_stock,shipping_charge,status,description,image1,image2,image3,image4,image5,image6
citygroup,Teer Advanced Soybean Oil 1 Littre Pouch, Littre ,1,teer,groceries,cooking-items,,159,0,,,,,"groceries,cooking-items,beverages,snacks-and-instant-food,milk-and-dairy,home-appliances,",5,,,100,1,,active,"<p>TEER Advanced Soybean Oil is one of the largest brands in the premium segment of refined oil consumer packs. The top graded imported crude oil goes thorough world class refining process to ensure healthy cooking without cutting back on flavor and taste. TEER offers the goodness of vitamin A, D and E and Triple power of Omega 3,6,9 which makes it the ideal choice for people looking for a healthy lifestyle.</p>",,,,,,
citygroup,Teer Advanced Soybean Oil 1 Littre Bottle, Littre ,1,teer,groceries,cooking-items,,160,0,,,,,"groceries,cooking-items,beverages,snacks-and-instant-food,milk-and-dairy,home-appliances,",5,,,100,1,,active,"<p>TEER Advanced Soybean Oil is one of the largest brands in the premium segment of refined oil consumer packs. The top graded imported crude oil goes thorough world class refining process to ensure healthy cooking without cutting back on flavor and taste. TEER offers the goodness of vitamin A, D and E and Triple power of Omega 3,6,9 which makes it the ideal choice for people looking for a healthy lifestyle.</p>",,,,,,
citygroup,Teer Advanced Soybean Oil 2 Littre Bottle, Littre ,2,teer,groceries,cooking-items,,318,0,,,,,"groceries,cooking-items,beverages,snacks-and-instant-food,milk-and-dairy,home-appliances,",5,,,100,1,,active,"<p>TEER Advanced Soybean Oil is one of the largest brands in the premium segment of refined oil consumer packs. The top graded imported crude oil goes thorough world class refining process to ensure healthy cooking without cutting back on flavor and taste. TEER offers the goodness of vitamin A, D and E and Triple power of Omega 3,6,9 which makes it the ideal choice for people looking for a healthy lifestyle.</p>",,,,,,
citygroup,Teer Advanced Soybean Oil 3 Littre Bottle, Littre ,3,teer,groceries,cooking-items,,475,0,,,,,"groceries,cooking-items,beverages,snacks-and-instant-food,milk-and-dairy,home-appliances,",5,,,100,1,,active,"<p>TEER Advanced Soybean Oil is one of the largest brands in the premium segment of refined oil consumer packs. The top graded imported crude oil goes thorough world class refining process to ensure healthy cooking without cutting back on flavor and taste. TEER offers the goodness of vitamin A, D and E and Triple power of Omega 3,6,9 which makes it the ideal choice for people looking for a healthy lifestyle.</p>",,,,,,
citygroup,Teer Advanced Soybean Oil 5 Littre Bottle, Littre ,5,teer,groceries,cooking-items,,760,0,,,,,"groceries,cooking-items,beverages,snacks-and-instant-food,milk-and-dairy,home-appliances,",5,,,100,1,,active,"<p>TEER Advanced Soybean Oil is one of the largest brands in the premium segment of refined oil consumer packs. The top graded imported crude oil goes thorough world class refining process to ensure healthy cooking without cutting back on flavor and taste. TEER offers the goodness of vitamin A, D and E and Triple power of Omega 3,6,9 which makes it the ideal choice for people looking for a healthy lifestyle.</p>",,,,,,
citygroup,Teer Advanced Soybean Oil 8 Littre Bottle, Littre ,8,teer,groceries,cooking-items,,1250,0,,,,,"groceries,cooking-items,beverages,snacks-and-instant-food,milk-and-dairy,home-appliances,",5,,,100,1,,active,"<p>TEER Advanced Soybean Oil is one of the largest brands in the premium segment of refined oil consumer packs. The top graded imported crude oil goes thorough world class refining process to ensure healthy cooking without cutting back on flavor and taste. TEER offers the goodness of vitamin A, D and E and Triple power of Omega 3,6,9 which makes it the ideal choice for people looking for a healthy lifestyle.</p>",,,,,,
citygroup,Teer Canola Oil 1 Littre Bottle, Littre ,1,teer,groceries,cooking-items,,178,0,,,,,"groceries,cooking-items,beverages,snacks-and-instant-food,milk-and-dairy,home-appliances,",5,,,100,1,,active,"<p>TEER Advanced Soybean Oil is one of the largest brands in the premium segment of refined oil consumer packs. The top graded imported crude oil goes thorough world class refining process to ensure healthy cooking without cutting back on flavor and taste. TEER offers the goodness of vitamin A, D and E and Triple power of Omega 3,6,9 which makes it the ideal choice for people looking for a healthy lifestyle.</p>",,,,,,
citygroup,Teer Canola Oil 2 Littre Bottle, Littre ,2,teer,groceries,cooking-items,,354,0,,,,,"groceries,cooking-items,beverages,snacks-and-instant-food,milk-and-dairy,home-appliances,",5,,,100,1,,active,"<p>TEER Advanced Soybean Oil is one of the largest brands in the premium segment of refined oil consumer packs. The top graded imported crude oil goes thorough world class refining process to ensure healthy cooking without cutting back on flavor and taste. TEER offers the goodness of vitamin A, D and E and Triple power of Omega 3,6,9 which makes it the ideal choice for people looking for a healthy lifestyle.</p>",,,,,,
citygroup,Teer Canola Oil 5 Littre Bottle, Littre ,5,teer,groceries,cooking-items,,875,0,,,,,"groceries,cooking-items,beverages,snacks-and-instant-food,milk-and-dairy,home-appliances,",5,,,100,1,,active,"<p>TEER Advanced Soybean Oil is one of the largest brands in the premium segment of refined oil consumer packs. The top graded imported crude oil goes thorough world class refining process to ensure healthy cooking without cutting back on flavor and taste. TEER offers the goodness of vitamin A, D and E and Triple power of Omega 3,6,9 which makes it the ideal choice for people looking for a healthy lifestyle.</p>",,,,,,
citygroup,Teer Mustard oil 100 ml Bottle,	Mililiter,100,teer,groceries,cooking-items,,35,0,,,,,"groceries,cooking-items,beverages,snacks-and-instant-food,milk-and-dairy,home-appliances,",5,,,100,1,,active,"<p>TEER is the first branded mustard oil in Bangladesh. This oil is usually extracted from the first press of finest quality mustard seeds using GHANI, a traditional cold press system. In this process, seeds are crushed at low temperature so natural properties, antioxidants and essential micro nutrients are retained in the oil. The natural pungency and aroma spice up pickle making and cooking.</p>",,,,,,
citygroup,Teer Mustard oil 250ml Bottle,	Mililiter,250,teer,groceries,cooking-items,,80,0,,,,,"groceries,cooking-items,beverages,snacks-and-instant-food,milk-and-dairy,home-appliances,",5,,,100,1,,active,"<p>TEER is the first branded mustard oil in Bangladesh. This oil is usually extracted from the first press of finest quality mustard seeds using GHANI, a traditional cold press system. In this process, seeds are crushed at low temperature so natural properties, antioxidants and essential micro nutrients are retained in the oil. The natural pungency and aroma spice up pickle making and cooking.</p>",,,,,,
citygroup,Teer Mustard oil 500 ML Bottle,	Mililiter,500,teer,groceries,cooking-items,,150,0,,,,,"groceries,cooking-items,beverages,snacks-and-instant-food,milk-and-dairy,home-appliances,",5,,,100,1,,active,"<p>TEER is the first branded mustard oil in Bangladesh. This oil is usually extracted from the first press of finest quality mustard seeds using GHANI, a traditional cold press system. In this process, seeds are crushed at low temperature so natural properties, antioxidants and essential micro nutrients are retained in the oil. The natural pungency and aroma spice up pickle making and cooking.</p>",,,,,,
citygroup,Teer Mustard oil 1 Litre Bottle, Littre ,1,teer,groceries,cooking-items,,290,0,,,,,"groceries,cooking-items,beverages,snacks-and-instant-food,milk-and-dairy,home-appliances,",5,,,100,1,,active,"<p>TEER is the first branded mustard oil in Bangladesh. This oil is usually extracted from the first press of finest quality mustard seeds using GHANI, a traditional cold press system. In this process, seeds are crushed at low temperature so natural properties, antioxidants and essential micro nutrients are retained in the oil. The natural pungency and aroma spice up pickle making and cooking.</p>",,,,,,
citygroup,Teer Atta 1 kg pkt,Kg,1,teer,groceries,cooking-items,,47,0,,,,,"groceries,cooking-items,beverages,snacks-and-instant-food,milk-and-dairy,home-appliances,",5,,,100,1,,active,"<p>Product Types: Teer Atta Weight:1 kg TEER Atta is milled from selected high protein wheat from America, Australia and Russia using top-notch Swiss technologies from Buhler. TEER Atta is the result of attention to detail, consistency in milling, and desire to ensure the very best baking experience possible, every time. Only selected fine Atta is packed for the consumers to ensure taste as well as nutrition.</p>",,,,,,
citygroup,Teer Atta 2 kg pkt,Kg,2,teer,groceries,cooking-items,,92,0,,,,,"groceries,cooking-items,beverages,snacks-and-instant-food,milk-and-dairy,home-appliances,",5,,,100,1,,active,"<p>Product Types: Teer Atta Weight:2 kg TEER Atta is milled from selected high protein wheat from America, Australia and Russia using top-notch Swiss technologies from Buhler. TEER Atta is the result of attention to detail, consistency in milling, and desire to ensure the very best baking experience possible, every time. Only selected fine Atta is packed for the consumers to ensure taste as well as nutrition.</p>",,,,,,
citygroup,Teer Whole Wheat Atta 1 kg pkt,Kg,1,teer,groceries,cooking-items,,52,0,,,,,"groceries,cooking-items,beverages,snacks-and-instant-food,milk-and-dairy,home-appliances,",5,,,100,1,,active,"<p>Teer Whole Wheat Atta pack is produced from the finest wheat using European technology &ndash; perfect for preparing healthy and nutritious food. During the production of Teer Atta, the wheat goes through many automatic cleaning stages that remove all impurities. Teer Atta is best for preparing Ruti, Soft Biscuits, Sliced Cake and many more delicious items. Teer Atta is available in 1kg &amp; 2kg retail pack and 37kg &amp; 50kg bulk pack. Teer Atta ensures wheat flour of premium quality, without the use of any artificial additives. Teer Atta is available in 1kg &amp; 2kg retail pack and is recommended for use in cooking and baking nutritious &amp; delicious items. About Teer Atta: The finest wheat flour is produced using the best automatic European technology. Extracted from the finest and selected wheat grains from Europe, Australia &amp; North America. Processed through several automatic cleaning stages to get rid of any contamination present. Known for its use as the core baking ingredients, Teer Atta is the ultimate health choice for the making of rotis, biscuits, cakes, and so many more. Has low gluten content which makes it eligible for consumption by everyone in a household. Provides a healthy source of dietary iron and fiber.</p>",,,,,,
citygroup,Teer Whole Wheat Atta 2 kg pkt,Kg,2,teer,groceries,cooking-items,,100,0,,,,,"groceries,cooking-items,beverages,snacks-and-instant-food,milk-and-dairy,home-appliances,",5,,,100,1,,active,"<p>Teer Whole Wheat Atta pack is produced from the finest wheat using European technology &ndash; perfect for preparing healthy and nutritious food. During the production of Teer Atta, the wheat goes through many automatic cleaning stages that remove all impurities. Teer Atta is best for preparing Ruti, Soft Biscuits, Sliced Cake and many more delicious items. Teer Atta is available in 1kg &amp; 2kg retail pack and 37kg &amp; 50kg bulk pack. Teer Atta ensures wheat flour of premium quality, without the use of any artificial additives. Teer Atta is available in 1kg &amp; 2kg retail pack and is recommended for use in cooking and baking nutritious &amp; delicious items. About Teer Atta: The finest wheat flour is produced using the best automatic European technology. Extracted from the finest and selected wheat grains from Europe, Australia &amp; North America. Processed through several automatic cleaning stages to get rid of any contamination present. Known for its use as the core baking ingredients, Teer Atta is the ultimate health choice for the making of rotis, biscuits, cakes, and so many more. Has low gluten content which makes it eligible for consumption by everyone in a household. Provides a healthy source of dietary iron and fiber.</p>",,,,,,
citygroup,Teer Maida 1 kg pkt,Kg,1,teer,groceries,cooking-items,,59,0,,,,,"groceries,cooking-items,beverages,snacks-and-instant-food,milk-and-dairy,home-appliances,",5,,,100,1,,active,"<p>Product Types: Teer Maida Ingredients:Wheat Teer Flour manufactured from one of the best quality of wheat. Teer flour made by high technology automated machine that flour keep fresh and healthy. Its also contains Vitamin, Mineral and Protein.</p>",,,,,,
citygroup,Teer Maida 2 kg pkt,Kg,2,teer,groceries,cooking-items,,116,0,,,,,"groceries,cooking-items,beverages,snacks-and-instant-food,milk-and-dairy,home-appliances,",5,,,100,1,,active,"<p>Product Types: Teer Maida Ingredients:Wheat Teer Flour manufactured from one of the best quality of wheat. Teer flour made by high technology automated machine that flour keep fresh and healthy. Its also contains Vitamin, Mineral and Protein.</p>",,,,,,
citygroup,Teer suzi 500gm pkt,Gram,500,teer,groceries,cooking-items,,40,0,,,,,"groceries,cooking-items,beverages,snacks-and-instant-food,milk-and-dairy,home-appliances,",5,,,100,1,,active,"<p>✅ Obtained from Wheat, ragi, bajra, and some other grains ✅ It is fresh ✅ Free from impurity ✅ High carbohydrate ✅ Contains high proteins and a decent amount of gluten ✅ Best for making halwa, bora, fuchka, etc.</p>",,,,,,
citygroup,Teer Sugar 1 kg pkt,Kg,1,teer,groceries,cooking-items,,85,0,,,,,"groceries,cooking-items,beverages,snacks-and-instant-food,milk-and-dairy,home-appliances,",5,,,100,1,,active,"<p>TEER Sugar is extra fine granulated, free-flowing and of the highest quality. TEER Sugar retains its original flavor &amp; properties of cane sugar due to optimum degree of refining by European technology under hygienic conditions. Its uniform size of the sugar crystals gives a regular texture and consistency, making it the perfect ingredient for table use, baking, preserving, canning, and for sweetening beverages. TEER gives the best refined sugar that simply makes the life sweet</p>",,,,,,
citygroup,Jibon Mineral Water 250ML,	Mililiter,250,jibon,groceries,beverages,,10,0,,,,,"groceries,cooking-items,beverages,snacks-and-instant-food,milk-and-dairy,home-appliances,",5,,,100,1,,active,"<p>Jibon Mineral water is water that contains various minerals, such as salts and sulfur compounds. Mineral water may usually be still or sparkling (carbonated/effervescent) according to the presence or absence of added gases. Mineral water commonly contains substances like magnesium, calcium, sodium, and zinc, and, according to recent research, they&rsquo;re actually a pretty effective way to boost your mineral intake. A recent study found that mineral water has some legitimate health benefits.</p>",,,,,,
citygroup,Jibon Mineral Water 500ML,	Mililiter,500,jibon,groceries,beverages,,15,0,,,,,"groceries,cooking-items,beverages,snacks-and-instant-food,milk-and-dairy,home-appliances,",5,,,100,1,,active,"<p>Jibon Mineral water is water that contains various minerals, such as salts and sulfur compounds. Mineral water may usually be still or sparkling (carbonated/effervescent) according to the presence or absence of added gases. Mineral water commonly contains substances like magnesium, calcium, sodium, and zinc, and, according to recent research, they&rsquo;re actually a pretty effective way to boost your mineral intake. A recent study found that mineral water has some legitimate health benefits.</p>",,,,,,
citygroup,Jibon Mineral Water 1000ML,	Mililiter,1000,jibon,groceries,beverages,,20,0,,,,,"groceries,cooking-items,beverages,snacks-and-instant-food,milk-and-dairy,home-appliances,",5,,,100,1,,active,"<p>Jibon Mineral water is water that contains various minerals, such as salts and sulfur compounds. Mineral water may usually be still or sparkling (carbonated/effervescent) according to the presence or absence of added gases. Mineral water commonly contains substances like magnesium, calcium, sodium, and zinc, and, according to recent research, they&rsquo;re actually a pretty effective way to boost your mineral intake. A recent study found that mineral water has some legitimate health benefits.</p>",,,,,,
citygroup,Jibon Mineral Water 1500ML,	Mililiter,1500,jibon,groceries,beverages,,25,0,,,,,"groceries,cooking-items,beverages,snacks-and-instant-food,milk-and-dairy,home-appliances,",5,,,100,1,,active,"<p>Jibon Mineral water is water that contains various minerals, such as salts and sulfur compounds. Mineral water may usually be still or sparkling (carbonated/effervescent) according to the presence or absence of added gases. Mineral water commonly contains substances like magnesium, calcium, sodium, and zinc, and, according to recent research, they&rsquo;re actually a pretty effective way to boost your mineral intake. A recent study found that mineral water has some legitimate health benefits.</p>",,,,,,
citygroup,Jibon Mineral Water 2000ML,	Mililiter,2000,jibon,groceries,beverages,,30,0,,,,,"groceries,cooking-items,beverages,snacks-and-instant-food,milk-and-dairy,home-appliances,",5,,,100,1,,active,"<p>Jibon Mineral water is water that contains various minerals, such as salts and sulfur compounds. Mineral water may usually be still or sparkling (carbonated/effervescent) according to the presence or absence of added gases. Mineral water commonly contains substances like magnesium, calcium, sodium, and zinc, and, according to recent research, they&rsquo;re actually a pretty effective way to boost your mineral intake. A recent study found that mineral water has some legitimate health benefits.</p>",,,,,,
citygroup,Jibon Mineral Water 5000ML,	Mililiter,5000,jibon,groceries,beverages,,70,0,,,,,"groceries,cooking-items,beverages,snacks-and-instant-food,milk-and-dairy,home-appliances,",5,,,100,1,,active,"<p>Jibon Mineral water is water that contains various minerals, such as salts and sulfur compounds. Mineral water may usually be still or sparkling (carbonated/effervescent) according to the presence or absence of added gases. Mineral water commonly contains substances like magnesium, calcium, sodium, and zinc, and, according to recent research, they&rsquo;re actually a pretty effective way to boost your mineral intake. A recent study found that mineral water has some legitimate health benefits.</p>",,,,,,
citygroup,Bengal Classic Tea Bag 100g,Gram,100,bengal-classic-tea,groceries,beverages,,90,0,,,,,"groceries,cooking-items,beverages,snacks-and-instant-food,milk-and-dairy,home-appliances,",5,,,100,1,,active,<p>Bengal Classic Tea Bag is one of the leading brands to supply premium superior quality tea all across the country. Each sip you take makes you feel refreshed. Drink Bengal Classic Tea to begin your day with an energizing feel.</p>,,,,,,
citygroup,Bengal Classic Tea 200g,Gram,200,bengal-classic-tea,groceries,beverages,,110,0,,,,,"groceries,cooking-items,beverages,snacks-and-instant-food,milk-and-dairy,home-appliances,",5,,,100,1,,active,<p>Bengal Classic Tea is one of the leading brands to supply premium superior quality tea all across the country. Each sip you take makes you feel refreshed. Drink Bengal Classic Tea to begin your day with an energizing feel.</p>,,,,,,
citygroup,Bengal Classic Tea 400g,Gram,400,bengal-classic-tea,groceries,beverages,,210,0,,,,,"groceries,cooking-items,beverages,snacks-and-instant-food,milk-and-dairy,home-appliances,",5,,,100,1,,active,<p>Bengal Classic Tea is one of the leading brands to supply premium superior quality tea all across the country. Each sip you take makes you feel refreshed. Drink Bengal Classic Tea to begin your day with an energizing feel.</p>,,,,,,
citygroup,Teer Muri 250 gm pack,Gram,250,teer,groceries,snacks-and-instant-food,,40,0,,,,,"groceries,cooking-items,beverages,snacks-and-instant-food,milk-and-dairy,home-appliances,",5,,,100,1,,active,,,,,,,
citygroup,Teer Muri 500 gm pack,Gram,500,teer,groceries,snacks-and-instant-food,,65,0,,,,,"groceries,cooking-items,beverages,snacks-and-instant-food,milk-and-dairy,home-appliances,",5,,,100,1,,active,,,,,,,
citygroup,Teer Firni Mix 150 gm pack,Gram,150,teer,groceries,cooking-items,,40,0,,,,,"groceries,cooking-items,beverages,snacks-and-instant-food,milk-and-dairy,home-appliances,",5,,,100,1,,active,,,,,,,
citygroup,Teer Haleem Mix 200 gm pack,Gram,200,teer,groceries,cooking-items,,55,0,,,,,"groceries,cooking-items,beverages,snacks-and-instant-food,milk-and-dairy,home-appliances,",5,,,100,1,,active,,,,,,,
citygroup,Teer Chinigura Rice 1 Kg Pkt,Kg,1,teer,groceries,cooking-items,,130,0,,,,,"groceries,cooking-items,beverages,snacks-and-instant-food,milk-and-dairy,home-appliances,",5,,,100,1,,active,<p>Product Types: Rice Brand : Teer Bag Size:1x40 Good for your heart Excellent source of linoleic acid Good Quality Product 100% Halal</p>,,,,,,
citygroup,Teer Chinigura Rice 2 Kg Pkt,Kg,2,teer,groceries,cooking-items,,250,0,,,,,"groceries,cooking-items,beverages,snacks-and-instant-food,milk-and-dairy,home-appliances,",5,,,100,1,,active,<p>Product Types: Rice Brand : Teer Bag Size:1x40 Good for your heart Excellent source of linoleic acid Good Quality Product 100% Halal</p>,,,,,,
citygroup,Teer Miniket Rice 5 Kg Pkt,Kg,5,teer,groceries,cooking-items,,375,0,,,,,"groceries,cooking-items,beverages,snacks-and-instant-food,milk-and-dairy,home-appliances,",5,,,100,1,,active,,,,,,,
citygroup,Teer Miniket Rice 10 Kg Pkt,Kg,10,teer,groceries,cooking-items,,720,0,,,,,"groceries,cooking-items,beverages,snacks-and-instant-food,milk-and-dairy,home-appliances,",5,,,100,1,,active,,,,,,,
citygroup,Teer Mosur Dal 1 Kg Pkt,Kg,1,teer,groceries,cooking-items,,108,0,,,,,"groceries,cooking-items,beverages,snacks-and-instant-food,milk-and-dairy,home-appliances,",5,,,100,1,,active,<p>Product Type: Mosur Dal Quantity: 1 kg Brand: Teer</p>,,,,,,
New Zealand Dairy,Diploma IFCMP 1kg Sachet,Kg,1,diploma,groceries,milk-and-dairy,,690,0,,,,,"groceries,cooking-items,beverages,snacks-and-instant-food,milk-and-dairy,home-appliances,",5,,,100,1,,active,"<p>Product Type: Milk Freshness Powder reconstitution Bulk density Low level of scorched particles New Zealand origin Enhanced functional properties Enhanced physical properties Fortified with Vitamin A and Vitamin D Contains Soya Lecithin Rich Creamy flavor Good flow properties Its a Kosher Product Diploma is countrys favorite full cream milk powder brand, a dessert expert, acclaimed by the industry professionals. Whatever occasion there may be, delicious sweets enriched with Diploma got you covered. The goodness of milk along with vitamins and minerals comes together in a beautiful creamy texture to create a perfect delicious dessert for any occasion. With exceptional wettability, dispersibility and solubility for fast, easy reconstitution, it will help you create products with a market-beating edge. Incorporating feedback from the industry professionals and the consumers in general, we picked the most innovative Whole Milk Powder (WMP) formula from NZMP, New Zealand</p>",,,,,,
New Zealand Dairy,Diploma IFCMP 500gm Sachet,Piece,1,diploma,groceries,milk-and-dairy,,350,0,,,,,"groceries,cooking-items,beverages,snacks-and-instant-food,milk-and-dairy,home-appliances,",5,,,100,1,,active,"<p>Product Type: Milk Freshness Powder reconstitution Bulk density Low level of scorched particles New Zealand origin Enhanced functional properties Enhanced physical properties Fortified with Vitamin A and Vitamin D Contains Soya Lecithin Rich Creamy flavor Good flow properties Its a Kosher Product Diploma is countrys favorite full cream milk powder brand, a dessert expert, acclaimed by the industry professionals. Whatever occasion there may be, delicious sweets enriched with Diploma got you covered. The goodness of milk along with vitamins and minerals comes together in a beautiful creamy texture to create a perfect delicious dessert for any occasion. With exceptional wettability, dispersibility and solubility for fast, easy reconstitution, it will help you create products with a market-beating edge. Incorporating feedback from the industry professionals and the consumers in general, we picked the most innovative Whole Milk Powder (WMP) formula from NZMP, New Zealand</p>",,,,,,
New Zealand Dairy,Diploma IFCMP 200gm Sachet,Piece,1,diploma,groceries,milk-and-dairy,,150,0,,,,,"groceries,cooking-items,beverages,snacks-and-instant-food,milk-and-dairy,home-appliances,",5,,,100,1,,active,"<p>Product Type: Milk Freshness Powder reconstitution Bulk density Low level of scorched particles New Zealand origin Enhanced functional properties Enhanced physical properties Fortified with Vitamin A and Vitamin D Contains Soya Lecithin Rich Creamy flavor Good flow properties Its a Kosher Product Diploma is countrys favorite full cream milk powder brand, a dessert expert, acclaimed by the industry professionals. Whatever occasion there may be, delicious sweets enriched with Diploma got you covered. The goodness of milk along with vitamins and minerals comes together in a beautiful creamy texture to create a perfect delicious dessert for any occasion. With exceptional wettability, dispersibility and solubility for fast, easy reconstitution, it will help you create products with a market-beating edge. Incorporating feedback from the industry professionals and the consumers in general, we picked the most innovative Whole Milk Powder (WMP) formula from NZMP, New Zealand</p>",,,,,,
New Zealand Dairy,Farmland FCMP 1kg Sachet,Kg,1,farmland,groceries,milk-and-dairy,,580,0,,,,,"groceries,cooking-items,beverages,snacks-and-instant-food,milk-and-dairy,home-appliances,",5,,,100,1,,active,"<p>Product Type: Powder Milk Farmland is a wholesome addition to desserts and sweetmeats made from the fresh and selected cows milk straight out of New Zealand It stands out with the near perfect combination of taste and nutrients like Vitamin A, E &amp; C For preparing milk-based culinary item Farmland is the top choice of many top restaurants hotels and dessert shops all over the country.</p>",,,,,,
New Zealand Dairy,Farmland FCMP 500gm Sachet,Piece,1,farmland,groceries,milk-and-dairy,,300,0,,,,,"groceries,cooking-items,beverages,snacks-and-instant-food,milk-and-dairy,home-appliances,",5,,,100,1,,active,"<p>Product Type: Powder Milk Farmland is a wholesome addition to desserts and sweetmeats made from the fresh and selected cows milk straight out of New Zealand It stands out with the near perfect combination of taste and nutrients like Vitamin A, E &amp; C For preparing milk-based culinary item Farmland is the top choice of many top restaurants hotels and dessert shops all over the country.</p>",,,,,,
New Zealand Dairy,Red Cow Junior 900G TIN,Piece,1,red-cow,groceries,milk-and-dairy,,800,0,,,,,"groceries,cooking-items,beverages,snacks-and-instant-food,milk-and-dairy,home-appliances,",5,,,100,1,,active,"<p>Instant Full Cream Milk Powder from Netherlands ( Holland) Enriched with Vitamin A &amp; Vitamin D Natural Calcium for Stronger Bones &amp; Teeth Natural Proteins for Growth &amp; Development 0% Trans Fat, No Added Color, Flavor, Preservative &amp; Sodium</p>",,,,,,
New Zealand Dairy,Red Cow Junior 350G BIB,Piece,1,red-cow,groceries,milk-and-dairy,,275,0,,,,,"groceries,cooking-items,beverages,snacks-and-instant-food,milk-and-dairy,home-appliances,",5,,,100,1,,active,"<p>Product Type: Powder Milk Memory Attention and concentration Alertness Learning Intelligence Language Problem solving RED COW has been favorite since 1980s and loved by Bangladeshis for generations. Collected from selected cows grazing on the fields of New Zealand, Red Cow is providing natural goodness of milk to its consumers.In its upgraded formulation FORTIFIED+ it contains more IRON and ZINC that support optimal Cognitive and Immune health. The new formulation has been fortified with 40 times the iron and 1.5 times the zinc. Calcium, vitamin A, D, C and high quality dairy protein in this formula supports optimal bone health. We understand that nutritious food is also essential for the brain. The brain consumes an enormous amount of the bodys total energy needs when compared to its size and deficiencies in certain nutrients can lead to the disruption of the brains essential cognitive processes</p>",,,,,,
New Zealand Dairy,SHAPE-UP NFMP 400G BIB,Piece,1,shape-up,groceries,milk-and-dairy,,390,0,,,,,"groceries,cooking-items,beverages,snacks-and-instant-food,milk-and-dairy,home-appliances,",5,,,100,1,,active,"<p>Product Type: Energy Drink Maintaining a healthy weight Keeping your skin looking fresh and more youthful Reproductive issues, anything from getting pregnantor notto finding a birth control method that matches your lifestyle Preventing bone loss Reducing stress</p>",,,,,,
New Zealand Dairy,SHAPE-UP NFMP 200G BIB,Piece,1,shape-up,groceries,milk-and-dairy,,200,0,,,,,"groceries,cooking-items,beverages,snacks-and-instant-food,milk-and-dairy,home-appliances,",5,,,100,1,,active,"<p>Product Type: Energy Drink Maintaining a healthy weight Keeping your skin looking fresh and more youthful Reproductive issues, anything from getting pregnantor notto finding a birth control method that matches your lifestyle Preventing bone loss Reducing stress</p>",,,,,,
New Zealand Dairy,CALCI-PRO 400G BIB,Piece,1,calci-pro,groceries,milk-and-dairy,,390,0,,,,,"groceries,cooking-items,beverages,snacks-and-instant-food,milk-and-dairy,home-appliances,",5,,,100,1,,active,"<p>Calci-Pro high calcium milk powder is an expert in bone nutrition. Calci-Pro is the leading high calcium milk in Bangladesh specially formulated to help Bangladeshi&rsquo;s move as young as they feel with nutrients to support healthy muscles, joints and bones for an active lifestyle. It helps you fight Osteoporosis. Calci-Pro has been fortified with vitamins and minerals that can help support cognition, strong bones and teeth, and optimal maternal health. Along with the natural goodness in milk this instantised milk powder is fortified with: Calcium Vitamin D Iron Vitamin A Vitamin C Vitamin E Vitamin K Folate Magnesium Zinc Protein</p>",,,,,,
New Zealand Dairy,CALCI-PRO 200G BIB,Piece,1,calci-pro,groceries,milk-and-dairy,,200,0,,,,,"groceries,cooking-items,beverages,snacks-and-instant-food,milk-and-dairy,home-appliances,",5,,,100,1,,active,"<p>Calci-Pro high calcium milk powder is an expert in bone nutrition. Calci-Pro is the leading high calcium milk in Bangladesh specially formulated to help Bangladeshi&rsquo;s move as young as they feel with nutrients to support healthy muscles, joints and bones for an active lifestyle. It helps you fight Osteoporosis. Calci-Pro has been fortified with vitamins and minerals that can help support cognition, strong bones and teeth, and optimal maternal health. Along with the natural goodness in milk this instantised milk powder is fortified with: Calcium Vitamin D Iron Vitamin A Vitamin C Vitamin E Vitamin K Folate Magnesium Zinc Protein</p>",,,,,,
New Zealand Dairy,Red Cow Butter Oil 400gm Can,Piece,1,red-cow,groceries,cooking-items,,500,0,,,,,"groceries,cooking-items,beverages,snacks-and-instant-food,milk-and-dairy,home-appliances,",5,,,100,1,,active,"<p>Red Cow Butter Oil contains 99.3% milk solid that turns any traditional food into an exceptional one. The purity of Red Cow Butter Oil is appreciated by millions of families for generations. It is very close to their heart to light up any occasion. Red Cow Butter Oil is not only popular in household, but also preferred by cooking professionals.</p>",,,,,,
New Zealand Dairy,Red Cow Butter Oil 200gm Can,Piece,1,red-cow,groceries,cooking-items,,260,0,,,,,"groceries,cooking-items,beverages,snacks-and-instant-food,milk-and-dairy,home-appliances,",5,,,100,1,,active,"<p>Red Cow Butter Oil contains 99.3% milk solid that turns any traditional food into an exceptional one. The purity of Red Cow Butter Oil is appreciated by millions of families for generations. It is very close to their heart to light up any occasion. Red Cow Butter Oil is not only popular in household, but also preferred by cooking professionals.</p>",,,,,,
New Zealand Dairy,Doodles Instant Noodles 4 Pcs Pack Masala-Curry,Piece,1,doodles-noodles,groceries,snacks-and-instant-food,,70,0,,,,,"groceries,cooking-items,beverages,snacks-and-instant-food,milk-and-dairy,home-appliances,",5,,,100,1,,active,"<p>Doodles Instant Masala Noodles 62g / 248g / 496g / 744g Doodles instant noodles gives your fussy eating kids something tasty to look forward to. Their energetic activities can only be sustained by a delicious and tasty meal that excites their taste buds. Kids&rsquo; love the irresistible taste of Doodles instant noodles that kills their boredom and serves them with iron, iodine, calcium and many other nutritious elements. DOODLES MASALA NOODLES This delicious masala flavored noodle is a classic snack or meal that directly transports your taste buds back to the spicy realm of taste. It is perfect for school lunch box, after school hunger, at work or home. Either stir fry or addition to soups, its authentic taste makes kids love and gorge on a bowl of noodles at any time of the day. To boost the goodness in your bowl, add colorful vegetables and lean protein such as chicken, beef or prawn. If you like Doodles Masala flavor, why not try Doodles Chicken Curry flavor! 4 pcs, 8 pcs, 12 pcs.</p>",,,,,,
New Zealand Dairy,Doodles Instant Noodles 8 Pcs Pack Masala-Curry,Piece,1,doodles-noodles,groceries,snacks-and-instant-food,,135,0,,,,,"groceries,cooking-items,beverages,snacks-and-instant-food,milk-and-dairy,home-appliances,",5,,,100,1,,active,"<p>Doodles Instant Masala Noodles 62g / 248g / 496g / 744g Doodles instant noodles gives your fussy eating kids something tasty to look forward to. Their energetic activities can only be sustained by a delicious and tasty meal that excites their taste buds. Kids&rsquo; love the irresistible taste of Doodles instant noodles that kills their boredom and serves them with iron, iodine, calcium and many other nutritious elements. DOODLES MASALA NOODLES This delicious masala flavored noodle is a classic snack or meal that directly transports your taste buds back to the spicy realm of taste. It is perfect for school lunch box, after school hunger, at work or home. Either stir fry or addition to soups, its authentic taste makes kids love and gorge on a bowl of noodles at any time of the day. To boost the goodness in your bowl, add colorful vegetables and lean protein such as chicken, beef or prawn. If you like Doodles Masala flavor, why not try Doodles Chicken Curry flavor! 4 pcs, 8 pcs, 12 pcs.</p>",,,,,,
New Zealand Dairy,Doodles Instant Noodles 12 Pcs Pack Masala-Curry,Piece,1,doodles-noodles,groceries,snacks-and-instant-food,,200,0,,,,,"groceries,cooking-items,beverages,snacks-and-instant-food,milk-and-dairy,home-appliances,",5,,,100,1,,active,"<p>Doodles Instant Masala Noodles 62g / 248g / 496g / 744g Doodles instant noodles gives your fussy eating kids something tasty to look forward to. Their energetic activities can only be sustained by a delicious and tasty meal that excites their taste buds. Kids&rsquo; love the irresistible taste of Doodles instant noodles that kills their boredom and serves them with iron, iodine, calcium and many other nutritious elements. DOODLES MASALA NOODLES This delicious masala flavored noodle is a classic snack or meal that directly transports your taste buds back to the spicy realm of taste. It is perfect for school lunch box, after school hunger, at work or home. Either stir fry or addition to soups, its authentic taste makes kids love and gorge on a bowl of noodles at any time of the day. To boost the goodness in your bowl, add colorful vegetables and lean protein such as chicken, beef or prawn. If you like Doodles Masala flavor, why not try Doodles Chicken Curry flavor! 4 pcs, 8 pcs, 12 pcs.</p>",,,,,,
New Zealand Dairy,Doodles Stick Chicken Noodles 180gm,Piece,1,doodles-noodles,groceries,snacks-and-instant-food,,20,0,,,,,"groceries,cooking-items,beverages,snacks-and-instant-food,milk-and-dairy,home-appliances,",5,,,100,1,,active,"<p>Product Type: DOODLES STICK MASALA Weight - 180 g Designed in bundle form and packed in a reusable zipper pouch Doodles Stick Noodles is an economic solution for serving your entire family with a bowl full of unique taste The packaging is done such a way that after using the required quantity you can keep the rest of the product intact To ensure the best quality Stick Noodles, its produced through state of art automated technology and with high-quality raw materials.</p>",,,,,,
New Zealand Dairy,Doodles Stick Chicken Noodles 300gm,Piece,1,doodles-noodles,groceries,snacks-and-instant-food,,38,0,,,,,"groceries,cooking-items,beverages,snacks-and-instant-food,milk-and-dairy,home-appliances,",5,,,100,1,,active,"<p>Product Type: DOODLES STICK MASALA Weight - 300 g Designed in bundle form and packed in a reusable zipper pouch Doodles Stick Noodles is an economic solution for serving your entire family with a bowl full of unique taste The packaging is done such a way that after using the required quantity you can keep the rest of the product intact To ensure the best quality Stick Noodles, its produced through state of art automated technology and with high-quality raw materials.</p>",,,,,,
New Zealand Dairy,Toi Moi Barz Flat Wafer 98G (Vanilla-Chcoco-S.Berry),Piece,1,toi-moi,groceries,snacks-and-instant-food,,35,0,,,,,"groceries,cooking-items,beverages,snacks-and-instant-food,milk-and-dairy,home-appliances,",5,,,100,1,,active,,,,,,,
New Zealand Dairy,Toi Moi Barz Flat Wafer 12G (Vanilla-Chcoco-S.Berry),Piece,1,toi-moi,groceries,snacks-and-instant-food,,5,0,,,,,"groceries,cooking-items,beverages,snacks-and-instant-food,milk-and-dairy,home-appliances,",5,,,100,1,,active,,,,,,,
New Zealand Dairy,BelleAme Digestive Biscuit 135gm,Piece,1,belleame,groceries,snacks-and-instant-food,,30,0,,,,,"groceries,cooking-items,beverages,snacks-and-instant-food,milk-and-dairy,home-appliances,",5,,,100,1,,active,"<p>This digestive genre biscuit is high in dietary fiber and has goodness of whole meal flour, dried milk and more. Each BelleAme Digestive biscuit (11.3g) contains 59 Kcal and per pack contains 708 Kcal. This semi-sweet crunchy biscuit is a nutritional punch to snack on. It is sometimes taken with tea or coffee. Once dunking in coffee or tea, it needs to be taken out and eaten quickly. Because when it gets wet, it has a tendency to disintegrate.</p>",,,,,,
New Zealand Dairy,BelleAme Cremo Biscuit 90gm,Piece,1,belleame,groceries,snacks-and-instant-food,,30,0,,,,,"groceries,cooking-items,beverages,snacks-and-instant-food,milk-and-dairy,home-appliances,",5,,,100,1,,active,,,,,,,
New Zealand Dairy,BelleAme Energy Go Biscuit 145gm,Piece,1,belleame,groceries,snacks-and-instant-food,,25,0,,,,,"groceries,cooking-items,beverages,snacks-and-instant-food,milk-and-dairy,home-appliances,",5,,,100,1,,active,,,,,,,
New Zealand Dairy,BelleAme Energy Go Biscuit 85gm,Piece,1,belleame,groceries,snacks-and-instant-food,,15,0,,,,,"groceries,cooking-items,beverages,snacks-and-instant-food,milk-and-dairy,home-appliances,",5,,,100,1,,active,,,,,,,
New Zealand Dairy,BelleAme Lemon Crush Biscuit 55gm,Piece,1,belleame,groceries,snacks-and-instant-food,,20,0,,,,,"groceries,cooking-items,beverages,snacks-and-instant-food,milk-and-dairy,home-appliances,",5,,,100,1,,active,,,,,,,
New Zealand Dairy,BelleAme True Marie Biscuit 95gm,Piece,1,belleame,groceries,snacks-and-instant-food,,25,0,,,,,"groceries,cooking-items,beverages,snacks-and-instant-food,milk-and-dairy,home-appliances,",5,,,100,1,,active,,,,,,,
New Zealand Dairy,BelleAme Choco Little Biscuit 45gm,Piece,1,belleame,groceries,snacks-and-instant-food,,20,0,,,,,"groceries,cooking-items,beverages,snacks-and-instant-food,milk-and-dairy,home-appliances,",5,,,100,1,,active,,,,,,,
New Zealand Dairy,BelleAme Choco Little Biscuit 240gm,Piece,1,belleame,groceries,snacks-and-instant-food,,80,0,,,,,"groceries,cooking-items,beverages,snacks-and-instant-food,milk-and-dairy,home-appliances,",5,,,100,1,,active,,,,,,,
New Zealand Dairy,BelleAme Cocoa Noir Biscuit 240gm,Piece,1,belleame,groceries,snacks-and-instant-food,,90,0,,,,,"groceries,cooking-items,beverages,snacks-and-instant-food,milk-and-dairy,home-appliances,",5,,,100,1,,active,,,,,,,
New Zealand Dairy,BelleAme Chocolate Fondue 180gm,Piece,1,belleame,groceries,snacks-and-instant-food,,125,0,,,,,"groceries,cooking-items,beverages,snacks-and-instant-food,milk-and-dairy,home-appliances,",5,,,100,1,,active,<p>Product Type-Chocolate Fondue Biscuit NET Weight-180gm</p>,,,,,,
New Zealand Dairy,BelleAme Saltish 240gm,Piece,1,belleame,groceries,snacks-and-instant-food,,50,0,,,,,"groceries,cooking-items,beverages,snacks-and-instant-food,milk-and-dairy,home-appliances,",5,,,100,1,,active,"<p>Product Type: BISCUIT This digestive genre biscuit is high in dietary fiber and has goodness of whole meal flour, dried milk and more Each BelleAme Digestive biscuit (11.3g) contains 59 Kcal and per pack contains 708 Kcal This semi-sweet crunchy biscuit is a nutritional punch to snack on It is sometimes taken with tea or coffee Once dunking in coffee or tea, it needs to be taken out and eaten quickly Because when it gets wet, it has a tendency to disintegrate.</p>",,,,,,
sigabangladesh,Siga premium Ivory colour 56 inch,Piece,1,siga,home-appliances,fan,,3000,0,,,,,"groceries,cooking-items,beverages,snacks-and-instant-food,milk-and-dairy,home-appliances,",5,,,500,1,,active,"<p>Brand:SIGA Model:PREMIER Color:Ivory Size:56""""; 1400mm Volt:230V, Hertz: 50, RPM: 340 Air Delivery:272 m3/min Service Value:110.31 Ft3/min/watt Power Consumption:75 watt Warranty:5 Years</p>",,,,,,
sigabangladesh,Siga premium Ivory colour 48 inch,Piece,1,siga,home-appliances,fan,,2800,0,,,,,"groceries,cooking-items,beverages,snacks-and-instant-food,milk-and-dairy,home-appliances,",5,,,500,1,,active,"<p>Brand:SIGA Model:PREMIER Color:Ivory Size:48""""; 1400mm Volt:230V, Hertz: 50, RPM: 340 Air Delivery:272 m3/min Service Value:110.31 Ft3/min/watt Power Consumption:75 watt Warranty:5 Years</p>",,,,,,
sigabangladesh,Siga Power Extension Socket Es-4s,Piece,1,siga,home-&-decor,"tools,-diy-and-outdoor",,575,0,,,,,"groceries,cooking-items,beverages,snacks-and-instant-food,milk-and-dairy,home-appliances,",5,,,500,1,,active,<p>Premium Quality Durable performance Fire resistance Universal type power point Individual safety switch Individual power indicator light Cool shape with fresh color Special feature One point support Microwave Oven</p>,,,,,,
sigabangladesh,Siga Power Extension Socket Es-5s,Piece,1,siga,home-&-decor,"tools,-diy-and-outdoor",,670,0,,,,,"groceries,cooking-items,beverages,snacks-and-instant-food,milk-and-dairy,home-appliances,",5,,,500,1,,active,<p>Premium Quality Durable performance Fire resistance Universal type power point Individual safety switch Individual power indicator light Cool shape with fresh color Special feature One point support Microwave Oven</p>,,,,,,
transcombeveragesltd,7 Up 1.25 Litre,Piece,1,7up,groceries,beverages,,65,0,,,,,"groceries,cooking-items,beverages,snacks-and-instant-food,milk-and-dairy,home-appliances,",5,,,500,1,,active,"<p>Uplifting and amazingly refreshing, 7UP, is a delicious soft drink that combines lemon and lime flavor with nice sparkling bubbles. A quick and easy solution to quench your thirst and keep your spirits high. To help you enjoy those happy moments anywhere you want, 7UP is now available in an elegantly tall, sleek can. Slimmer and lighter than a usual can, making it a perfect companion for picnics, family get-togethers and all sorts of outdoor activities. Try 7UP and give yourself a dose of pure refreshment and joy.</p>",,,,,,
transcombeveragesltd,7 Up 2.25 Litre,Piece,1,7up,groceries,beverages,,100,0,,,,,"groceries,cooking-items,beverages,snacks-and-instant-food,milk-and-dairy,home-appliances,",5,,,500,1,,active,"<p>Uplifting and amazingly refreshing, 7UP, is a delicious soft drink that combines lemon and lime flavor with nice sparkling bubbles. A quick and easy solution to quench your thirst and keep your spirits high. To help you enjoy those happy moments anywhere you want, 7UP is now available in an elegantly tall, sleek can. Slimmer and lighter than a usual can, making it a perfect companion for picnics, family get-togethers and all sorts of outdoor activities. Try 7UP and give yourself a dose of pure refreshment and joy.</p>",,,,,,
transcombeveragesltd,7 Up 250 ml,Piece,1,7up,groceries,beverages,,20,0,,,,,"groceries,cooking-items,beverages,snacks-and-instant-food,milk-and-dairy,home-appliances,",5,,,500,1,,active,"<p>Uplifting and amazingly refreshing, 7UP, is a delicious soft drink that combines lemon and lime flavor with nice sparkling bubbles. A quick and easy solution to quench your thirst and keep your spirits high. To help you enjoy those happy moments anywhere you want, 7UP is now available in an elegantly tall, sleek can. Slimmer and lighter than a usual can, making it a perfect companion for picnics, family get-togethers and all sorts of outdoor activities. Try 7UP and give yourself a dose of pure refreshment and joy.</p>",,,,,,
transcombeveragesltd,7 up 600 ml,Piece,1,7up,groceries,beverages,,35,0,,,,,"groceries,cooking-items,beverages,snacks-and-instant-food,milk-and-dairy,home-appliances,",5,,,500,1,,active,"<p>Uplifting and amazingly refreshing, 7UP, is a delicious soft drink that combines lemon and lime flavor with nice sparkling bubbles. A quick and easy solution to quench your thirst and keep your spirits high. To help you enjoy those happy moments anywhere you want, 7UP is now available in an elegantly tall, sleek can. Slimmer and lighter than a usual can, making it a perfect companion for picnics, family get-togethers and all sorts of outdoor activities. Try 7UP and give yourself a dose of pure refreshment and joy.</p>",,,,,,
transcombeveragesltd,7 Up 250 ml Can,Piece,1,7up,groceries,beverages,,40,0,,,,,"groceries,cooking-items,beverages,snacks-and-instant-food,milk-and-dairy,home-appliances,",5,,,500,1,,active,"<p>Uplifting and amazingly refreshing, 7UP, is a delicious soft drink that combines lemon and lime flavor with nice sparkling bubbles. A quick and easy solution to quench your thirst and keep your spirits high. To help you enjoy those happy moments anywhere you want, 7UP is now available in an elegantly tall, sleek can. Slimmer and lighter than a usual can, making it a perfect companion for picnics, family get-togethers and all sorts of outdoor activities. Try 7UP and give yourself a dose of pure refreshment and joy.</p>",,,,,,
transcombeveragesltd,Aquafina Drinking Water 500 ML,Piece,1,aquafina,groceries,beverages,,15,0,,,,,"groceries,cooking-items,beverages,snacks-and-instant-food,milk-and-dairy,home-appliances,",5,,,500,1,,active,<p>Aquafina goes through a five-step state-of-the-art purification process to give consumers pure water and perfect taste. Aquafina is the face of PepsiCo&rsquo;s water conservation initiatives and builds awareness about PepsiCo&rsquo;s efforts to replenish and restore the water table through its pack labels.</p>,,,,,,
transcombeveragesltd,Aquafina Drinking Water 1 Litre,Piece,1,aquafina,groceries,beverages,,22,0,,,,,"groceries,cooking-items,beverages,snacks-and-instant-food,milk-and-dairy,home-appliances,",5,,,500,1,,active,<p>Aquafina goes through a five-step state-of-the-art purification process to give consumers pure water and perfect taste. Aquafina is the face of PepsiCo&rsquo;s water conservation initiatives and builds awareness about PepsiCo&rsquo;s efforts to replenish and restore the water table through its pack labels.</p>,,,,,,
transcombeveragesltd,Aquafina Drinking Water 1.5 Litre,Piece,1,aquafina,groceries,beverages,,25,0,,,,,"groceries,cooking-items,beverages,snacks-and-instant-food,milk-and-dairy,home-appliances,",5,,,500,1,,active,<p>Aquafina goes through a five-step state-of-the-art purification process to give consumers pure water and perfect taste. Aquafina is the face of PepsiCo&rsquo;s water conservation initiatives and builds awareness about PepsiCo&rsquo;s efforts to replenish and restore the water table through its pack labels.</p>,,,,,,
transcombeveragesltd,Mirinda 1 Litre,Piece,1,mirinda,groceries,beverages,,50,0,,,,,"groceries,cooking-items,beverages,snacks-and-instant-food,milk-and-dairy,home-appliances,",5,,,500,1,,active,"<p>Mirinda&rsquo;s great orangey taste and sparkling bubbles encourage you to be carefree, spontaneous, and playful! With no artificial flavor, a sip of Mirinda, with its bold taste, will switch on the Pagalpanti in you! Taste the orangey side of life, Bold, vibrant and delightfully tangy, Mirinda is the perfect go-to drink for a spurt of spontaneity No artificial flavoring contains no fruit</p>",,,,,,
transcombeveragesltd,Mirinda 600 ml,Piece,1,mirinda,groceries,beverages,,35,0,,,,,"groceries,cooking-items,beverages,snacks-and-instant-food,milk-and-dairy,home-appliances,",5,,,500,1,,active,"<p>Mirinda&rsquo;s great orangey taste and sparkling bubbles encourage you to be carefree, spontaneous, and playful! With no artificial flavor, a sip of Mirinda, with its bold taste, will switch on the Pagalpanti in you! Taste the orangey side of life, Bold, vibrant and delightfully tangy, Mirinda is the perfect go-to drink for a spurt of spontaneity No artificial flavoring contains no fruit</p>",,,,,,
transcombeveragesltd,Mirinda Can 250 ml,Piece,1,mirinda,groceries,beverages,,40,0,,,,,"groceries,cooking-items,beverages,snacks-and-instant-food,milk-and-dairy,home-appliances,",5,,,500,1,,active,"<p>Mirinda&rsquo;s great orangey taste and sparkling bubbles encourage you to be carefree, spontaneous, and playful! With no artificial flavor, a sip of Mirinda, with its bold taste, will switch on the Pagalpanti in you! Taste the orangey side of life, Bold, vibrant and delightfully tangy, Mirinda is the perfect go-to drink for a spurt of spontaneity No artificial flavoring contains no fruit</p>",,,,,,
transcombeveragesltd,Mirinda 250 ml pet,Piece,1,mirinda,groceries,beverages,,20,0,,,,,"groceries,cooking-items,beverages,snacks-and-instant-food,milk-and-dairy,home-appliances,",5,,,500,1,,active,"<p>Mirinda&rsquo;s great orangey taste and sparkling bubbles encourage you to be carefree, spontaneous, and playful! With no artificial flavor, a sip of Mirinda, with its bold taste, will switch on the Pagalpanti in you! Taste the orangey side of life, Bold, vibrant and delightfully tangy, Mirinda is the perfect go-to drink for a spurt of spontaneity No artificial flavoring contains no fruit</p>",,,,,,
transcombeveragesltd,Mountain Dew 250 ml,Piece,1,mountain-dew,groceries,beverages,,15,0,,,,,"groceries,cooking-items,beverages,snacks-and-instant-food,milk-and-dairy,home-appliances,",5,,,500,1,,active,<p>A premium quality soft drinks Mountain Dew Soft Drink</p>,,,,,,
transcombeveragesltd,Mountain Dew 600 ml,Piece,1,mountain-dew,groceries,beverages,,35,0,,,,,"groceries,cooking-items,beverages,snacks-and-instant-food,milk-and-dairy,home-appliances,",5,,,500,1,,active,<p>A premium quality soft drinks Mountain Dew Soft Drink</p>,,,,,,
transcombeveragesltd,Mountain Dew Can 250 ml,Piece,1,mountain-dew,groceries,beverages,,40,0,,,,,"groceries,cooking-items,beverages,snacks-and-instant-food,milk-and-dairy,home-appliances,",5,,,500,1,,active,<p>A premium quality soft drinks Mountain Dew Soft Drink</p>,,,,,,
transcombeveragesltd,Mountain Dew 1 Litre,Piece,1,mountain-dew,groceries,beverages,,50,0,,,,,"groceries,cooking-items,beverages,snacks-and-instant-food,milk-and-dairy,home-appliances,",5,,,500,1,,active,<p>A premium quality soft drinks Mountain Dew Soft Drink</p>,,,,,,
transcombeveragesltd,Pepsi 1 Litre,Piece,1,pepsi,groceries,beverages,,50,0,,,,,"groceries,cooking-items,beverages,snacks-and-instant-food,milk-and-dairy,home-appliances,",5,,,500,1,,active,"<p>Pepsi represents happiness and life. Pepsi is invented in 1898 and was first known as Brad&rsquo;s Drink, becoming Pepsi-Cola in 1903. The &lsquo;Pepsi' name combines two of its original ingredients, pepsin and kola nuts. Pepsi always has played a very important and favorite role for the youth and indeed, every generation for years and offers itself as a refreshing beverage with a distinctive taste for everyone&rsquo;s good time. Best Before End: See Shoulder of Bottle. Preparation and Usage: Best served chilled or over ice. Ideal for parties, meals, and celebrations, big and small and every day. Warnings: Pressurized container, please open slowly and handle with care. Recycling info: Bottle. Plastic Widely Recycled</p>",,,,,,
transcombeveragesltd,Pepsi 2.25 Litre,Piece,1,pepsi,groceries,beverages,,90,0,,,,,"groceries,cooking-items,beverages,snacks-and-instant-food,milk-and-dairy,home-appliances,",5,,,500,1,,active,"<p>Pepsi represents happiness and life. Pepsi is invented in 1898 and was first known as Brad&rsquo;s Drink, becoming Pepsi-Cola in 1903. The &lsquo;Pepsi' name combines two of its original ingredients, pepsin and kola nuts. Pepsi always has played a very important and favorite role for the youth and indeed, every generation for years and offers itself as a refreshing beverage with a distinctive taste for everyone&rsquo;s good time. Best Before End: See Shoulder of Bottle. Preparation and Usage: Best served chilled or over ice. Ideal for parties, meals, and celebrations, big and small and every day. Warnings: Pressurized container, please open slowly and handle with care. Recycling info: Bottle. Plastic Widely Recycled</p>",,,,,,
transcombeveragesltd,Pepsi 600 ml,Piece,1,pepsi,groceries,beverages,,35,0,,,,,"groceries,cooking-items,beverages,snacks-and-instant-food,milk-and-dairy,home-appliances,",5,,,500,1,,active,"<p>Pepsi represents happiness and life. Pepsi is invented in 1898 and was first known as Brad&rsquo;s Drink, becoming Pepsi-Cola in 1903. The &lsquo;Pepsi' name combines two of its original ingredients, pepsin and kola nuts. Pepsi always has played a very important and favorite role for the youth and indeed, every generation for years and offers itself as a refreshing beverage with a distinctive taste for everyone&rsquo;s good time. Best Before End: See Shoulder of Bottle. Preparation and Usage: Best served chilled or over ice. Ideal for parties, meals, and celebrations, big and small and every day. Warnings: Pressurized container, please open slowly and handle with care. Recycling info: Bottle. Plastic Widely Recycled</p>",,,,,,
transcombeveragesltd,Pepsi Can 250 ml,Piece,1,pepsi,groceries,beverages,,40,0,,,,,"groceries,cooking-items,beverages,snacks-and-instant-food,milk-and-dairy,home-appliances,",5,,,500,1,,active,"<p>Pepsi represents happiness and life. Pepsi is invented in 1898 and was first known as Brad&rsquo;s Drink, becoming Pepsi-Cola in 1903. The &lsquo;Pepsi' name combines two of its original ingredients, pepsin and kola nuts. Pepsi always has played a very important and favorite role for the youth and indeed, every generation for years and offers itself as a refreshing beverage with a distinctive taste for everyone&rsquo;s good time. Best Before End: See Shoulder of Bottle. Preparation and Usage: Best served chilled or over ice. Ideal for parties, meals, and celebrations, big and small and every day. Warnings: Pressurized container, please open slowly and handle with care. Recycling info: Bottle. Plastic Widely Recycled</p>",,,,,,
transcombeveragesltd,Pepsi 250 ml ,Piece,1,pepsi,groceries,beverages,,15,0,,,,,"groceries,cooking-items,beverages,snacks-and-instant-food,milk-and-dairy,home-appliances,",5,,,500,1,,active,"<p>Pepsi represents happiness and life. Pepsi is invented in 1898 and was first known as Brad&rsquo;s Drink, becoming Pepsi-Cola in 1903. The &lsquo;Pepsi' name combines two of its original ingredients, pepsin and kola nuts. Pepsi always has played a very important and favorite role for the youth and indeed, every generation for years and offers itself as a refreshing beverage with a distinctive taste for everyone&rsquo;s good time. Best Before End: See Shoulder of Bottle. Preparation and Usage: Best served chilled or over ice. Ideal for parties, meals, and celebrations, big and small and every day. Warnings: Pressurized container, please open slowly and handle with care. Recycling info: Bottle. Plastic Widely Recycled</p>",,,,,,
transcombeveragesltd,Pepsi Diet Can 250 ml,Piece,1,pepsi,groceries,beverages,,40,0,,,,,"groceries,cooking-items,beverages,snacks-and-instant-food,milk-and-dairy,home-appliances,",5,,,500,1,,active,"<p>Pepsi represents happiness and life. Pepsi is invented in 1898 and was first known as Brad&rsquo;s Drink, becoming Pepsi-Cola in 1903. The &lsquo;Pepsi' name combines two of its original ingredients, pepsin and kola nuts. Pepsi always has played a very important and favorite role for the youth and indeed, every generation for years and offers itself as a refreshing beverage with a distinctive taste for everyone&rsquo;s good time. Best Before End: See Shoulder of Bottle. Preparation and Usage: Best served chilled or over ice. Ideal for parties, meals, and celebrations, big and small and every day. Warnings: Pressurized container, please open slowly and handle with care. Recycling info: Bottle. Plastic Widely Recycled</p>",,,,,,
transcombeveragesltd,pepsi diet 600 ml,Piece,1,pepsi,groceries,beverages,,35,0,,,,,"groceries,cooking-items,beverages,snacks-and-instant-food,milk-and-dairy,home-appliances,",5,,,500,1,,active,"<p>Pepsi represents happiness and life. Pepsi is invented in 1898 and was first known as Brad&rsquo;s Drink, becoming Pepsi-Cola in 1903. The &lsquo;Pepsi' name combines two of its original ingredients, pepsin and kola nuts. Pepsi always has played a very important and favorite role for the youth and indeed, every generation for years and offers itself as a refreshing beverage with a distinctive taste for everyone&rsquo;s good time. Best Before End: See Shoulder of Bottle. Preparation and Usage: Best served chilled or over ice. Ideal for parties, meals, and celebrations, big and small and every day. Warnings: Pressurized container, please open slowly and handle with care. Recycling info: Bottle. Plastic Widely Recycled</p>",,,,,,
transcombeveragesltd,Slice mango drink 200 ml,Piece,1,slice,groceries,beverages,,20,0,,,,,"groceries,cooking-items,beverages,snacks-and-instant-food,milk-and-dairy,home-appliances,",5,,,500,1,,active,,,,,,,