business,name,unit,per_unit_value,brand,category,sub_category,sub_category2,price,is_offer_enable,offer_price,featured_image,short_resolation_image,type,keywords,alert,sku,delivery_time,status,enable_stock,current_stock,description,shipping_charge,image1,image2,image3,image4,image5,image6
discoveryproducts(bd),Pasta Hat Spaghetti 500gm,Gram,500,pasta-hat,groceries,snacks-and-instant-food,,145,0,,,,,"groceries,snacks-and-instant-food",10,,4920,active,1,100,"<p>Pasta Hat which import from U.A.E.Pasta Hat basic ingredients( flour,egg,watter,olive oil and salt) Pasta hat was several types of Shape such as Spaghetti, Penne, Shell Big, Vite, Fusulli, Albow Vermicelli Tortolino etc.</p>",,,,,,,
discoveryproducts(bd)ltd,Pasta Hat Spaghetti 500gm,Gram,500,pasta-hat,groceries,snacks-and-instant-food,,145,0,,,,,"groceries,snacks-and-instant-food",10,,4920,active,1,100,"<ul>
<li><span data-spm-anchor-id=""a2a0e.pdp.product_detail.i0.29afW5ibW5ibhg"">Brand: Pasta Hat</span></li>
<li>Weight: 500gm</li>
<li>Origin: Dubai, UAE</li>
<li>Manufacturer: Emirates Macaroni Factory</li>
<li>Keep in dry and hygienic place</li>
<li>This is a Vegetarian product</li>
<li>100% Halal</li>
<li>The product is safe for human consumption</li>
<li>No addivitives added</li>
<li>Ingredients: Durum Wheat Semolina</li>
<li>Premium quality product</li>
<li>Pure and Fresh Grocery Item</li>
<li>Good for Your Healthy Life</li>
<li>Highest quality</li>
<li>All thing buy at wholesale price</li>
<li>99% clients satisfaction</li>
</ul>",,,,,,,
discoveryproducts(bd)ltd,Pasta Hat Shell Big 500gm,Gram,500,pasta-hat,groceries,snacks-and-instant-food,,145,0,,,,,"groceries,snacks-and-instant-food",10,,4920,active,1,100,"<ul>
<li><span data-spm-anchor-id=""a2a0e.pdp.product_detail.i0.29afW5ibW5ibhg"">Brand: Pasta Hat</span></li>
<li>Weight: 500gm</li>
<li>Origin: Dubai, UAE</li>
<li>Manufacturer: Emirates Macaroni Factory</li>
<li>Keep in dry and hygienic place</li>
<li>This is a Vegetarian product</li>
<li>100% Halal</li>
<li>The product is safe for human consumption</li>
<li>No addivitives added</li>
<li>Ingredients: Durum Wheat Semolina</li>
<li>Premium quality product</li>
<li>Pure and Fresh Grocery Item</li>
<li>Good for Your Healthy Life</li>
<li>Highest quality</li>
<li>All thing buy at wholesale price</li>
<li>99% cli",,,,,,,
discoveryproducts(bd)ltd,Pasta Hat Vite 500 gm,Gram,500,pasta-hat,groceries,snacks-and-instant-food,,145,0,,,,,"groceries,snacks-and-instant-food",10,,4920,active,1,100,"<ul>
<li><span data-spm-anchor-id=""a2a0e.pdp.product_detail.i0.29afW5ibW5ibhg"">Brand: Pasta Hat</span></li>
<li>Weight: 500gm</li>
<li>Origin: Dubai, UAE</li>
<li>Manufacturer: Emirates Macaroni Factory</li>
<li>Keep in dry and hygienic place</li>
<li>This is a Vegetarian product</li>
<li>100% Halal</li>
<li>The product is safe for human consumption</li>
<li>No addivitives added</li>
<li>Ingredients: Durum Wheat Semolina</li>
<li>Premium quality product</li>
<li>Pure and Fresh Grocery Item</li>
<li>Good for Your Healthy Life</li>
<li>Highest quality</li>
<li>All thing buy at wholesale price</li>
<li>99% clients satisfaction</li>
</ul>",,,,,,,
discoveryproducts(bd)ltd,Pasta Hat Fusilli 500 gm,Gram,500,pasta-hat,groceries,snacks-and-instant-food,,145,0,,,,,"groceries,snacks-and-instant-food",10,,4920,active,1,100,"<ul class="""">
<li class="""">Product type: Pasta</li>
<li class="""">Pasta Type: Fusilli</li>
<li class="""">Brand: Pasta Hat</li>
<li class="""">Country of Origin: U.A.E</li>
<li class="""">Weight: 500 gm</li>
<li class="""">One of the best Pasta brand from U.A.E</li>
</ul>",,,,,,,
discoveryproducts(bd)ltd,Pasta Hat Elbow 500 gm,Gram,500,pasta-hat,groceries,snacks-and-instant-food,,145,0,,,,,"groceries,snacks-and-instant-food",10,,4920,active,1,100,"<ul>
<li>Brand: Pasta Hat</li>
<li>Weight: 500gm</li>
<li>Origin: Dubai, UAE</li>
<li>Manufacturer: Emirates Macaroni Factory</li>
<li><span data-spm-anchor-id=""a2a0e.pdp.product_detail.i2.a548gVOxgVOx9k"">Keep in dry and hygienic place</span></li>
<li>This is a Vegetarian product</li>
<li><span data-spm-anchor-id=""a2a0e.pdp.product_detail.i1.a548gVOxgVOx9k"">100% Halal</span></li>
<li>The product is safe for human consumption</li>
<li>No addivitives added</li>
<li>Ingredients: Durum Wheat Semolina</li>
<li>Premium quality product</li>
<li>Pure and Fresh Grocery Item</li>
<li>Good for Your Healthy Life</li>
<li>Highest quality</li>
<li>All thing buy at wholesale price</li>
<li>99% clients satisfaction</li>
</ul>",,,,,,,
discoveryproducts(bd)ltd,Pasta Hat Vermicelli Fine 500 gm,Gram,500,pasta-hat,groceries,snacks-and-instant-food,,145,0,,,,,"groceries,snacks-and-instant-food",10,,4920,active,1,100,"<ul>
<li>Pasta Hat Vermicelli Fine &ndash; 500 gm.</li>
<li>Product Type: Pasta.</li>
<li>Weight: 500 gm.</li>
<li>Good quality product.</li>
<li>Healthy snacks.</li>
<li>Origin: U.A.E.</li>
</ul>",,,,,,,
discoveryproducts(bd)ltd,Pasta Hat Tortolino 500 gm,Gram,500,pasta-hat,groceries,snacks-and-instant-food,,145,0,,,,,"groceries,snacks-and-instant-food",10,,4920,active,1,100,"<ul class="""">
<li class="""" data-spm-anchor-id=""a2a0e.pdp.product_detail.i0.2de6vuN6vuN6cE"">Product Type: Pasta Hat Tortolino 500 gm</li>
<li class="""">Brand: Pasta Hat</li>
<li class="""">Capacity: 500gm</li>
<li class="""">Country Of Origin: U.A.E</li>
</ul>",,,,,,,
discoveryproducts(bd)ltd,Pasta Rina Spaghetti 500 gm,Gram,500,pasta-rina,groceries,snacks-and-instant-food,,150,0,,,,,"groceries,snacks-and-instant-food",10,,4920,active,1,100,"<ul class="""">
<li class="""" data-spm-anchor-id=""a2a0e.pdp.product_detail.i0.e5a9UgkcUgkc6h"">Product Type: Pasta Rina Spaghetti 500 gm</li>
<li class="""">Brand: Pasta Rina</li>
<li class="""">Capacity: 500gm</li>
<li class="""">Country Of Origin: U.A.E</li>
</ul>",,,,,,,
discoveryproducts(bd)ltd,Pasta Rina Penne Regate 500 gm,Gram,500,pasta-rina,groceries,snacks-and-instant-food,,150,0,,,,,"groceries,snacks-and-instant-food",10,,4920,active,1,100,"<h2 class=""pdp-mod-section-title outer-title"" data-spm-anchor-id=""a2a0e.pdp.0.i1.6168S2FfS2FfSL"">Product details of Pasta Rina Penne Regate Tricolor 500 gm</h2>
<div class=""pdp-product-detail"" data-spm=""product_detail"">
<div class=""pdp-product-desc "" data-spm-anchor-id=""a2a0e.pdp.product_detail.i0.6168S2FfS2FfSL"">
<div class=""pdp-mod-specification"">
<h2 class=""pdp-mod-section-title "">Specifications of Pasta Rina Penne Regate Tricolor 500 gm</h2>
<div class=""pdp-general-features"">
<ul class=""specification-keys"">
<li class=""key-li""><span class=""key-title"">Brand</span>
<div class=""html-content key-value"">Pasta Rina</div>
</li>
<li class=""key-li""><span class=""key-title"">SKU</span>
<div class=""html-content key-value"">203434330_BD-1151474694</div>
</li>
<li class=""key-li""><span class=""key-title"">Capacity</span>
<div class=""html-content key-value"">500gm</div>
</li>
<li class=""key-li""><span class=""key-title"">Pack Size</span>
<div class=""html-content key-value"">Not Specified</div>
</li>
<li class=""key-li""><span class=""key-title"">Weight</span>
<div class=""html-content key-value"">Not Specified</div>
</li>
<li class=""key-li""><span class=""key-title"">Country of Origin</span>
<div class=""html-content key-value"">Other</div>
</li>
</ul>
</div>
<div class=""box-content""><span class=""key-title"">What&rsquo;s in the box</span>
<div class=""html-content box-content-html"">Pasta Rina Penne Regate Tricolor 500 gm</div>
</div>
</div>
</div>
</div>",,,,,,,
discoveryproducts(bd)ltd,Pasta Rina Penne Regate Tricolor 500 gm,Gram,500,pasta-rina,groceries,snacks-and-instant-food,,150,0,,,,,"groceries,snacks-and-instant-food",10,,4920,active,1,100,"<h2 class=""pdp-mod-section-title "">Specifications of Pasta Rina Penne Regate Tricolor 500 gm</h2>
<div class=""pdp-general-features"">
<ul class=""specification-keys"">
<li class=""key-li""><span class=""key-title"">Brand</span>
<div class=""html-content key-value"">Pasta Rina</div>
</li>
<li class=""key-li""><span class=""key-title"">SKU</span>
<div class=""html-content key-value"">203434330_BD-1151474694</div>
</li>
<li class=""key-li""><span class=""key-title"">Capacity</span>
<div class=""html-content key-value"">500gm</div>
</li>
<li class=""key-li""><span class=""key-title"">Pack Size</span>
<div class=""html-content key-value"">Not Specified</div>
</li>
<li class=""key-li""><span class=""key-title"">Weight</span>
<div class=""html-content key-value"">Not Specified</div>
</li>
<li class=""key-li""><span class=""key-title"">Country of Origin</span>
<div class=""html-content key-value"">Other</div>
</li>
</ul>
</div>
<div class=""box-content""><span class=""key-title"">What&rsquo;s in the box</span>
<div class=""html-content box-content-html"">Pasta Rina Penne Regate Tricolor 500 gm</div>
</div>
</div>
</div>",,,,,,,
discoveryproducts(bd)ltd,Pasta Rina Fusilli 500 gm,Gram,500,pasta-rina,groceries,snacks-and-instant-food,,150,0,,,,,"groceries,snacks-and-instant-food",10,,4920,active,1,100,"<h2 class=""pdp-mod-section-title "">Specifications of Pasta Rina Penne Regate Tricolor 500 gm</h2>
<div class=""pdp-general-features"">
<ul class=""specification-keys"">
<li class=""key-li""><span class=""key-title"">Brand</span>
<div class=""html-content key-value"">Pasta Rina</div>
</li>
<li class=""key-li""><span class=""key-title"">SKU</span>
<div class=""html-content key-value"">203434330_BD-1151474694</div>
</li>
<li class=""key-li""><span class=""key-title"">Capacity</span>
<div class=""html-content key-value"">500gm</div>
</li>
<li class=""key-li""><span class=""key-title"">Pack Size</span>
<div class=""html-content key-value"">Not Specified</div>
</li>
<li class=""key-li""><span class=""key-title"">Weight</span>
<div class=""html-content key-value"">Not Specified</div>
</li>
<li class=""key-li""><span class=""key-title"">Country of Origin</span>
<div class=""html-content key-value"">Other</div>
</li>
</ul>
</div>
<div class=""box-content""><span class=""key-title"">What&rsquo;s in the box</span>
<div class=""html-content box-content-html"">Pasta Rina Penne Regate Tricolor 500 gm</div>
</div>
</div>
</div>",,,,,,,
discoveryproducts(bd)ltd,Pasta Rina Fusilli Tricolor 500 gm,Gram,500,pasta-rina,groceries,snacks-and-instant-food,,150,0,,,,,"groceries,snacks-and-instant-food",10,,4920,active,1,100,"<h2 class=""pdp-mod-section-title "">Specifications of Pasta Rina Penne Regate Tricolor 500 gm</h2>
<div class=""pdp-general-features"">
<ul class=""specification-keys"">
<li class=""key-li""><span class=""key-title"">Brand</span>
<div class=""html-content key-value"">Pasta Rina</div>
</li>
<li class=""key-li""><span class=""key-title"">SKU</span>
<div class=""html-content key-value"">203434330_BD-1151474694</div>
</li>
<li class=""key-li""><span class=""key-title"">Capacity</span>
<div class=""html-content key-value"">500gm</div>
</li>
<li class=""key-li""><span class=""key-title"">Pack Size</span>
<div class=""html-content key-value"">Not Specified</div>
</li>
<li class=""key-li""><span class=""key-title"">Weight</span>
<div class=""html-content key-value"">Not Specified</div>
</li>
<li class=""key-li""><span class=""key-title"">Country of Origin</span>
<div class=""html-content key-value"">Other</div>
</li>
</ul>
</div>
<div class=""box-content""><span class=""key-title"">What&rsquo;s in the box</span>
<div class=""html-content box-content-html"">Pasta Rina Penne Regate Tricolor 500 gm</div>
</div>
</div>
</div>",,,,,,,
discoveryproducts(bd)ltd,Pasta Rina Chifferini Regate  500 gm,Gram,500,pasta-rina,groceries,snacks-and-instant-food,,150,0,,,,,"groceries,snacks-and-instant-food",10,,4920,active,1,100,"<h2 class=""pdp-mod-section-title outer-title"" data-spm-anchor-id=""a2a0e.pdp.0.i1.119bfAr8fAr8Ds"">Product details of Delicia Spaghetti 400gm</h2>
<div class=""pdp-product-detail"" data-spm=""product_detail"">
<div class=""pdp-product-desc "">
<div class=""html-content pdp-product-highlights"">
<ul class="""">
<li class="""">Brand: Delicia</li>
<li class="""">Product Type: Pasta</li>
<li class="""">Weight: 400gm</li>
<li class="""">Country of origin: Egypt</li>
</ul>
</div>
<div class=""html-content detail-content"">
<p>&nbsp;</p>
<p>Delicia Spaghetti</p>
<p data-spm-anchor-id=""a2a0e.pdp.product_detail.i0.119bfAr8fAr8Ds"">Excellent for easily making fresh homemadesuch as tagliolini, fettuccine, lasagne and soup. .all the products from this line</p>
<ul>
<li>Brand: Delicia</li>
<li>Product Type: Pasta</li>
<li>Weight: 400gm</li>
<li>Country of origin: Egypt</li>
</ul>
</div>
</div>
</div>",,,,,,,
discoveryproducts(bd)ltd,Delicia Spaghetti 400gm ,Gram,400,delicia-pasta,groceries,snacks-and-instant-food,,215,0,,,,,"groceries,snacks-and-instant-food",10,,4920,active,1,100,<p>Product details of Delicia Spaghetti 400gm ( Buy 1 Get 1 free) Specifications of Delicia Spaghetti 400gm ( Buy 1 Get 1 free) Brand Delicia SKU 203434331_BD-1151474695 Capacity 400gm Pack Size Not Specified Weight Not Specified Country of Origin Other What&rsquo;s in the box Delicia Spaghetti 400gm ( Buy 1 Get 1 free)</p>,,,,,,,
discoveryproducts(bd)ltd,Delicia Penne 400gm ,Gram,400,delicia-pasta,groceries,snacks-and-instant-food,,215,0,,,,,"groceries,snacks-and-instant-food",10,,4920,active,1,100,"<p>DELICIA PENNE PASTA Made in Egypt Buy Delicia Penne Pasta 400g Buy 1 Get 1 Free online from Cellsii.com. This Delicia Penne Pasta is imported from Egypt which is value for money pasta and is made of 100 percent fine quality hard durum wheat semolina. Just cook the pasta in boiling water, add salt to taste have it. Stir occasionally and cook until tender. Drain well and serve immediately with sauce of your taste. Also best with meat or vegetables. Key features Very good for preparing your supper The product is safe for human consumption A premium quality pasta No added colourings No additives added Weight: 400g</p>",,,,,,,
discoveryproducts(bd)ltd,Delicia Snails 400gm ,Gram,400,delicia-pasta,groceries,snacks-and-instant-food,,215,0,,,,,"groceries,snacks-and-instant-food",10,,4920,active,1,100,<p>Product details of Delicia Snails 400gm ( Buy 1 Get 1 free) Specifications of Delicia Snails 400gm ( Buy 1 Get 1 free) Brand No Brand SKU 203431447_BD-1151469924 Capacity 400gm Country of Origin Other Weight Not Specified Pack Size Not Specified What&rsquo;s in the box Delicia Snails 400gm ( Buy 1 Get 1 free)</p>,,,,,,,
discoveryproducts(bd)ltd,Delicia Fusilli 400gm,Gram,400,delicia-pasta,groceries,snacks-and-instant-food,,215,0,,,,,"groceries,snacks-and-instant-food",10,,4920,active,1,100,<p>Product details of Delicia Fusilli 400gm ( Buy 1 Get 1 free) Specifications of Delicia Fusilli 400gm ( Buy 1 Get 1 free) Brand Delicia SKU 203437150_BD-1151473562 Capacity 400gm Pack Size Not Specified Weight Not Specified Country of Origin Other What&rsquo;s in the box Delicia Fusilli 400gm ( Buy 1 Get 1 free)</p>,,,,,,,
discoveryproducts(bd)ltd,Delicia Elbow 400gm ,Gram,400,delicia-pasta,groceries,snacks-and-instant-food,,215,0,,,,,"groceries,snacks-and-instant-food",10,,4920,active,1,100,<p>Product details of Delicia Elbow 400gm ( Buy 1 Get 1 free) Specifications of Delicia Elbow 400gm ( Buy 1 Get 1 free) Brand Delicia SKU 203438034_BD-1151472613 Capacity 400gm Pack Size Not Specified Weight Not Specified Country of Origin Other What&rsquo;s in the box Delicia Elbow 400gm ( Buy 1 Get 1 free)</p>,,,,,,,
discoveryproducts(bd)ltd,Delicia Speghetti 200gm,Gram,200,delicia-pasta,groceries,snacks-and-instant-food,,100,0,,,,,"groceries,snacks-and-instant-food",10,,4920,active,1,100,<p>Product details of Speghetti 200gm ( Buy 1 Get 1 free) Specifications of Speghetti 200gm ( Buy 1 Get 1 free) Brand Delicia SKU 203429657_BD-1151477019 Capacity 400gm Pack Size Not Specified Weight Not Specified Country of Origin Other What&rsquo;s in the box Delicia Speghetti 200gm ( Buy 1 Get 1 free)</p>,,,,,,,
discoveryproducts(bd)ltd,Verda Spaghetti 400gm ,Gram,400,verda-pasta,groceries,snacks-and-instant-food,,220,0,,,,,"groceries,snacks-and-instant-food",10,,4920,active,1,100,<p>Product details of Verda Spaghetti 400gm ( Buy 1 Get 1 free) Specifications of Verda Spaghetti 400gm ( Buy 1 Get 1 free) Brand No Brand SKU 203430430_BD-1151467786 Capacity 400gm Pack Size Not Specified Weight Not Specified Country of Origin Other What&rsquo;s in the box Verda Spaghetti 400gm ( Buy 1 Get 1 free)</p>,,,,,,,
discoveryproducts(bd)ltd,Varda Penne Pasta 400gm ,Gram,400,verda-pasta,groceries,snacks-and-instant-food,,220,0,,,,,"groceries,snacks-and-instant-food",10,,4920,active,1,100,<p>Product details of Varda Penne Pasta 400gm ( Buy 1 Get 1 free) Specifications of Varda Penne Pasta 400gm ( Buy 1 Get 1 free) Brand Verda SKU 203428818_BD-1151471565 Capacity 400gm Pack Size Not Specified Weight Not Specified Country of Origin Other What&rsquo;s in the box Varda Penne Pasta 400gm ( Buy 1 Get 1 free)</p>,,,,,,,
discoveryproducts(bd)ltd,Verda Vite Pasta 400gm ,Gram,400,verda-pasta,groceries,snacks-and-instant-food,,220,0,,,,,"groceries,snacks-and-instant-food",10,,4920,active,1,100,<p>Product details of Verda Vite Pasta 400gm ( Buy 1 Get 1 free) Specifications of Verda Vite Pasta 400gm ( Buy 1 Get 1 free) Brand Verda SKU 203431448_BD-1151469925 Capacity 400gm Pack Size Not Specified Weight Not Specified Country of Origin Other What&rsquo;s in the box Verda Vite Pasta 400gm ( Buy 1 Get 1 free)</p>,,,,,,,
discoveryproducts(bd)ltd,Verda Shell Big Pasta 400gm ,Gram,400,verda-pasta,groceries,snacks-and-instant-food,,220,0,,,,,"groceries,snacks-and-instant-food",10,,4920,active,1,100,<p>Product details of Verda Shell Big Pasta 400gm ( Buy 1 Get 1 free) Specifications of Verda Shell Big Pasta 400gm ( Buy 1 Get 1 free) Brand Verda SKU 203438035_BD-1151472614 Capacity 400gm Pack Size Not Specified Weight Not Specified Country of Origin Other What&rsquo;s in the box Verda Shell Big Pasta 400gm ( Buy 1 Get 1 free)</p>,,,,,,,
discoveryproducts(bd)ltd,Verda Corni Pasta 400 gm ,Gram,400,verda-pasta,groceries,snacks-and-instant-food,,220,0,,,,,"groceries,snacks-and-instant-food",10,,4920,active,1,100,<p>Product details of Verda Corni Pasta 400 gm ( Buy 1 Get 1 free) Specifications of Verda Corni Pasta 400 gm ( Buy 1 Get 1 free) Brand Verda SKU 203436200_BD-1151465957 Capacity 400gm Pack Size Not Specified Weight Not Specified Country of Origin Other What&rsquo;s in the box Verda Corni Pasta 400 gm ( Buy 1 Get 1 free)</p>,,,,,,,
discoveryproducts(bd)ltd,Reggia Linguine Pasta 500gm,Gram,500,reggia-pasta,groceries,snacks-and-instant-food,,200,0,,,,,"groceries,snacks-and-instant-food",10,,4920,active,1,100,"<h2 class=""pdp-mod-section-title outer-title"" data-spm-anchor-id=""a2a0e.pdp.0.i2.4b9b7iaP7iaPi5"">Product details of Reggia Spaghetti Pasta - 500gm</h2>
<div class=""pdp-product-detail"" data-spm=""product_detail"">
<div class=""pdp-product-desc "" data-spm-anchor-id=""a2a0e.pdp.product_detail.i0.4b9b7iaP7iaPi5"">
<div class=""html-content pdp-product-highlights"">
<ul class="""">
<li class="""">100% Original Products</li>
<li class="""">Imported Products</li>
<li class="""">Ready to Eat</li>
<li class="""">100% Halal</li>
<li class="""">Imported Pasta</li>
</ul>
</div>
</div>
</div>",,,,,,,
discoveryproducts(bd)ltd,Reggia Vermicelli Pasta  500 gm,Gram,500,reggia-pasta,groceries,snacks-and-instant-food,,200,0,,,,,"groceries,snacks-and-instant-food",10,,4920,active,1,100,"<ul>
<li>Size: 500gm</li>
<li>Origin: Italy</li>
<li>No additives added.</li>
<li>This is a&nbsp;Vegetarian&nbsp;product.</li>
<li>The product is safe for human consumption.</li>
</ul>",,,,,,,
discoveryproducts(bd)ltd,Reggia Penne Ziti Pasta  500 gm,Gram,500,reggia-pasta,groceries,snacks-and-instant-food,,200,0,,,,,"groceries,snacks-and-instant-food",10,,4920,active,1,100,"<p>Buy Reggia Vermicell Pasta 500g online from Cellsii.com. Reggia Pasta is produced from pure durum wheat semolina, water and no preservatives because it is the drying process of the product that gives it a natural shelf life. There are no added colourings therefore when looking at a bundle of spaghetti against the light we can see the brightness of the sun absorbed in the grain of wheat and released by the semolina.</p>",,,,,,,
discoveryproducts(bd)ltd,Reggia Penne Mezz 500gm,Gram,500,reggia-pasta,groceries,snacks-and-instant-food,,200,0,,,,,"groceries,snacks-and-instant-food",10,,4920,active,1,100,"<div class=""html-content pdp-product-highlights"">
<ul class="""">
<li class="""">Brand-Reggia</li>
<li class="""">size-500g</li>
<li class="""">Rich flavour and maintains its authentic shape</li>
<li class="""">Quick and easy to cook</li>
<li class="""">Perfect colour, smell and texture</li>
<li class="""">Serve with hearty vegetable sauces or baked cheese dishes</li>
</ul>
</div>
<div class=""html-content detail-content"">
<p>&nbsp;</p>
<p>Pastificio Antonio Pallante is present in the market with its own brand and under Private Labels (like Fontana Vecchia) as well , producing 64 different cuts of pasta: long, short and special, in different sizes. The plant counts 5 production lines and 13 automated packing lines for pillow and double bottom packs.</p>
<p>Main Customers belong both to local market and foreign one, as retail chains and food industries.</p>
</div>",,,,,,,
discoveryproducts(bd)ltd,Reggia Fusilli Pasta 500 gm,Gram,500,reggia-pasta,groceries,snacks-and-instant-food,,200,0,,,,,"groceries,snacks-and-instant-food",10,,4920,active,1,100,"<h2 class=""pdp-mod-section-title outer-title"" data-spm-anchor-id=""a2a0e.pdp.0.i0.3b5ewq52wq52N4"">Product details of Reggia Fusilli Pasta 500 gm</h2>
<div class=""pdp-product-detail"" data-spm=""product_detail"">
<div class=""pdp-product-desc "">
<div class=""pdp-mod-specification"">
<h2 class=""pdp-mod-section-title "">Specifications of Reggia Fusilli Pasta 500 gm</h2>
<div class=""pdp-general-features"">
<ul class=""specification-keys"">
<li class=""key-li""><span class=""key-title"">Brand</span>
<div class=""html-content key-value"">REGGIA</div>
</li>
<li class=""key-li""><span class=""key-title"">SKU</span>
<div class=""html-content key-value"">203432422_BD-1151475516</div>
</li>
<li class=""key-li""><span class=""key-title"">Capacity</span>
<div class=""html-content key-value"">500gm</div>
</li>
<li class=""key-li""><span class=""key-title"">Pack Size</span>
<div class=""html-content key-value"">Not Specified</div>
</li>
<li class=""key-li""><span class=""key-title"">Weight</span>
<div class=""html-content key-value"">Not Specified</div>
</li>
<li class=""key-li""><span class=""key-title"">Country of Origin</span>
<div class=""html-content key-value"">Other</div>
</li>
</ul>
</div>
<div class=""box-content""><span class=""key-title"">What&rsquo;s in the box</span>
<div class=""html-content box-content-html"">Reggia Fusilli Pasta 500 gm</div>
</div>
</div>
</div>
</div>",,,,,,,
discoveryproducts(bd)ltd,Reggia Fusilli Tricolor Pasta 500 gm,Gram,500,reggia-pasta,groceries,snacks-and-instant-food,,220,0,,,,,"groceries,snacks-and-instant-food",10,,4920,active,1,100,"<ul>
<li>Size: 500gm</li>
<li>Origin: Italy</li>
<li>No additives added.&nbsp;</li>
<li>Premium Food</li>
<li>The product is safe for human consumption.</li>
</ul>",,,,,,,
discoveryproducts(bd)ltd,Reggia Cavatappi Pasta 500gm,Gram,500,reggia-pasta,groceries,snacks-and-instant-food,,200,0,,,,,"groceries,snacks-and-instant-food",10,,4920,active,1,100,"<h2 class=""pdp-mod-section-title outer-title"" data-spm-anchor-id=""a2a0e.pdp.0.i1.6b89YNzAYNzAn8"">Product details of Reggia Cavatappi Pasta 500gm</h2>
<div class=""pdp-product-detail"" data-spm=""product_detail"">
<div class=""pdp-product-desc "">
<div class=""pdp-mod-specification"">
<h2 class=""pdp-mod-section-title "">Specifications of Reggia Cavatappi Pasta 500gm</h2>
<div class=""pdp-general-features"">
<ul class=""specification-keys"">
<li class=""key-li"" data-spm-anchor-id=""a2a0e.pdp.product_detail.i1.6b89YNzAYNzAn8""><span class=""key-title"">Brand</span>
<div class=""html-content key-value"">REGGIA</div>
</li>
<li class=""key-li""><span class=""key-title"">SKU</span>
<div class=""html-content key-value"">203431452_BD-1151469927</div>
</li>
<li class=""key-li""><span class=""key-title"">Capacity</span>
<div class=""html-content key-value"">500gm</div>
</li>
<li class=""key-li""><span class=""key-title"">Pack Size</span>
<div class=""html-content key-value"">Not Specified</div>
</li>
<li class=""key-li""><span class=""key-title"">Weight</span>
<div class=""html-content key-value"">Not Specified</div>
</li>
<li class=""key-li"" data-spm-anchor-id=""a2a0e.pdp.product_detail.i0.6b89YNzAYNzAn8""><span class=""key-title"">Country of Origin</span>
<div class=""html-content key-value"">Other</div>
</li>
</ul>
</div>
</div>
</div>
</div>",,,,,,,
discoveryproducts(bd)ltd,Reggia Tofe Pasta 500gm,Gram,500,reggia-pasta,groceries,snacks-and-instant-food,,200,0,,,,,"groceries,snacks-and-instant-food",10,,4920,active,1,100,"<p>Made in Italy</p>
<p>Buy Reggia Tofe Pasta 500g online from Cellsii.com. Reggia Pasta is produced from pure durum wheat semolina, water and no preservatives because it is the drying process of the product that gives it a natural shelf life. There are no added colourings therefore when looking at a bundle of spaghetti against the light we can see the brightness of the sun absorbed in the grain of wheat and released by the semolina.</p>
<p><strong>Key features</strong></p>
<ul>
<li><span class=""a-list-item"">Very good for preparing your supper<br /></span></li>
<li><span class=""a-list-item"">Healthy and tasty</span></li>
<li>Gluten Free</li>
<li>A premium quality pasta</li>
<li>No added colourings</li>
<li>Needs very less time and attention to get it done</li>
<li>Weight: 500gm</li>
<li>Country of origin: Italy</li>
</ul>",,,,,,,
discoveryproducts(bd)ltd,Reggia Gnocchi Pasta 500gm,Gram,500,reggia-pasta,groceries,snacks-and-instant-food,,200,0,,,,,"groceries,snacks-and-instant-food",10,,4920,active,1,100,"<h2 class=""pdp-mod-section-title outer-title"" data-spm-anchor-id=""a2a0e.pdp.0.i1.4198px3Zpx3ZWJ"">Product details of Reggia Gnocchi Pasta 500gm</h2>
<div class=""pdp-product-detail"" data-spm=""product_detail"">
<div class=""pdp-product-desc "">
<div class=""pdp-mod-specification"">
<h2 class=""pdp-mod-section-title "">Specifications of Reggia Gnocchi Pasta 500gm</h2>
<div class=""pdp-general-features"">
<ul class=""specification-keys"">
<li class=""key-li""><span class=""key-title"">Brand</span>
<div class=""html-content key-value"">REGGIA</div>
</li>
<li class=""key-li""><span class=""key-title"">SKU</span>
<div class=""html-content key-value"">203428823_BD-1151471569</div>
</li>
<li class=""key-li""><span class=""key-title"">Capacity</span>
<div class=""html-content key-value"">500gm</div>
</li>
<li class=""key-li""><span class=""key-title"">Pack Size</span>
<div class=""html-content key-value"">Not Specified</div>
</li>
<li class=""key-li""><span class=""key-title"">Weight</span>
<div class=""html-content key-value"">Not Specified</div>
</li>
<li class=""key-li""><span class=""key-title"">Country of Origin</span>
<div class=""html-content key-value"">Other</div>
</li>
</ul>
</div>
<div class=""box-content""><span class=""key-title"">What&rsquo;s in the box</span>
<div class=""html-content box-content-html"">Reggia Gnocchi Pasta 500gm</div>
</div>
</div>
</div>
</div>",,,,,,,
discoveryproducts(bd)ltd,Reggia Gomiti Pasta 500gm,Gram,500,reggia-pasta,groceries,snacks-and-instant-food,,200,0,,,,,"groceries,snacks-and-instant-food",10,,4920,active,1,100,<p>Origin: Italy<br />No additives added.<br />Premium Food<br />The product is safe for human consumption.</p>,,,,,,,
discoveryproducts(bd)ltd,Reggia Chifferotti Pasta 500gm,Gram,500,reggia-pasta,groceries,snacks-and-instant-food,,200,0,,,,,"groceries,snacks-and-instant-food",10,,4920,active,1,100,"<ul>
<li>Origin: Italy</li>
<li>Good Quality</li>
<li>No addivitives added&nbsp;</li>
<li>The product is safe for human consumption&nbsp;</li>
</ul>",,,,,,,
discoveryproducts(bd)ltd,Donna Sofia Spaghetti Pasta 500gm,Gram,500,donna-sofia,groceries,snacks-and-instant-food,,135,0,,,,,"groceries,snacks-and-instant-food",10,,4920,active,1,100,"<h2 class=""pdp-mod-section-title outer-title"" data-spm-anchor-id=""a2a0e.pdp.0.i0.3d62qDQkqDQkUu"">Product details of Donna Sofia Spaghetti Pasta 500gm</h2>
<div class=""pdp-product-detail"" data-spm=""product_detail"">
<div class=""pdp-product-desc "">
<div class=""pdp-mod-specification"">
<h2 class=""pdp-mod-section-title "">Specifications of Donna Sofia Spaghetti Pasta 500gm</h2>
<div class=""pdp-general-features"">
<ul class=""specification-keys"">
<li class=""key-li""><span class=""key-title"">Brand</span>
<div class=""html-content key-value"">No Brand</div>
</li>
<li class=""key-li""><span class=""key-title"">SKU</span>
<div class=""html-content key-value"">203430426_BD-1151467785</div>
</li>
<li class=""key-li""><span class=""key-title"">Capacity</span>
<div class=""html-content key-value"">500gm</div>
</li>
<li class=""key-li""><span class=""key-title"">Pack Size</span>
<div class=""html-content key-value"">Not Specified</div>
</li>
<li class=""key-li""><span class=""key-title"">Weight</span>
<div class=""html-content key-value"">Not Specified</div>
</li>
<li class=""key-li""><span class=""key-title"">Country of Origin</span>
<div class=""html-content key-value"">Other</div>
</li>
</ul>
</div>
</div>
</div>
</div>",,,,,,,
discoveryproducts(bd)ltd,Donna Sofia Penne Pasta 500gm,Gram,500,donna-sofia,groceries,snacks-and-instant-food,,135,0,,,,,"groceries,snacks-and-instant-food",10,,4920,active,1,100,"<ul>
<li>DONNA SOFIA Penne Pasta 500gm.</li>
<li>Product Type: Pasta.</li>
<li>Weight: 500gm.</li>
<li>Healthy and delicious snacks.</li>
<li>Country of Origin: Egypt.</li>
</ul>",,,,,,,
discoveryproducts(bd)ltd,Donna Sofia Elbow Pasta 500gm,Gram,500,donna-sofia,groceries,snacks-and-instant-food,,135,0,,,,,"groceries,snacks-and-instant-food",10,,4920,active,1,100,"<p>&nbsp;Brand: Donna Sofia &nbsp;</p>
<p>Product: Donna Sofia Snail Pasta&nbsp;</p>
<p>Quantity: &nbsp;500gm</p>
<p>Type: Pasta&nbsp;</p>
<p>Origin: Egypt &nbsp;</p>",,,,,,,
discoveryproducts(bd)ltd,Donna Sofia Snail Pasta 500gm,Gram,500,donna-sofia,groceries,snacks-and-instant-food,,135,0,,,,,"groceries,snacks-and-instant-food",10,,4920,active,1,100,"<p>&nbsp;</p>
<h2 class=""pdp-mod-section-title outer-title"" data-spm-anchor-id=""a2a0e.pdp.0.i1.4b4cFMTUFMTUcl"">Product details of Donna Sofia Snail Pasta 500gm</h2>
<div class=""pdp-product-detail"" data-spm=""product_detail"">
<div class=""pdp-product-desc "">
<div class=""pdp-mod-specification"">
<h2 class=""pdp-mod-section-title "">Specifications of Donna Sofia Snail Pasta 500gm</h2>
<div class=""pdp-general-features"">
<ul class=""specification-keys"">
<li class=""key-li""><span class=""key-title"">Brand</span>
<div class=""html-content key-value"">No Brand</div>
</li>
<li class=""key-li""><span class=""key-title"">SKU</span>
<div class=""html-content key-value"">203429651_BD-1151477005</div>
</li>
<li class=""key-li""><span class=""key-title"">Capacity</span>
<div class=""html-content key-value"">500gm</div>
</li>
<li class=""key-li""><span class=""key-title"">Pack Size</span>
<div class=""html-content key-value"">Not Specified</div>
</li>
<li class=""key-li""><span class=""key-title"">Weight</span>
<div class=""html-content key-value"">Not Specified</div>
</li>
<li class=""key-li""><span class=""key-title"">Country of Origin</span>
<div class=""html-content key-value"">Other</div>
</li>
</ul>
</div>
</div>
</div>
</div>",,,,,,,
discoveryproducts(bd)ltd,Donna Sofia Fusilli Pasta 500gm,Gram,500,donna-sofia,groceries,snacks-and-instant-food,,135,0,,,,,"groceries,snacks-and-instant-food",10,,4920,active,1,100,"<h2 class=""pdp-mod-section-title outer-title"" data-spm-anchor-id=""a2a0e.pdp.0.i1.753bERC6ERC6Qc"">Product details of Donna Sofia Fusilli Pasta 500gm</h2>
<div class=""pdp-product-detail"" data-spm=""product_detail"">
<div class=""pdp-product-desc "">
<div class=""pdp-mod-specification"">
<h2 class=""pdp-mod-section-title "">Specifications of Donna Sofia Fusilli Pasta 500gm</h2>
<div class=""pdp-general-features"">
<ul class=""specification-keys"">
<li class=""key-li""><span class=""key-title"">Brand</span>
<div class=""html-content key-value"">No Brand</div>
</li>
<li class=""key-li""><span class=""key-title"">SKU</span>
<div class=""html-content key-value"">203437147_BD-1151473560</div>
</li>
<li class=""key-li""><span class=""key-title"">Capacity</span>
<div class=""html-content key-value"">500gm</div>
</li>
<li class=""key-li""><span class=""key-title"">Pack Size</span>
<div class=""html-content key-value"">Not Specified</div>
</li>
<li class=""key-li""><span class=""key-title"">Weight</span>
<div class=""html-content key-value"">Not Specified</div>
</li>
<li class=""key-li""><span class=""key-title"">Country of Origin</span>
<div class=""html-content key-value"">Other</div>
</li>
</ul>
</div>
</div>
</div>
</div>",,,,,,,
discoveryproducts(bd)ltd,Donna Sofia Penne Pasta 200gm,Gram,200,donna-sofia,groceries,snacks-and-instant-food,,100,0,,,,,"groceries,snacks-and-instant-food",10,,4920,active,1,100,<p>Product details of Donna Sofia Pasta Penne 200gm Buy 1 Get 1 free Specifications of Donna Sofia Pasta Penne 200gm Buy 1 Get 1 free Brand Donna Donna SKU 210962800_BD-1160862139 Capacity 200gm What&rsquo;s in the box Pasta</p>,,,,,,,
discoveryproducts(bd)ltd,Donna Sofia Elbow Pasta 200gm,Gram,200,donna-sofia,groceries,snacks-and-instant-food,,100,0,,,,,"groceries,snacks-and-instant-food",10,,4920,active,1,100,<p>Product details of Donna Sofia Pasta Elbow 200gm (Buy 1 Get 1 Free) Specifications of Donna Sofia Pasta Elbow 200gm (Buy 1 Get 1 Free) Brand Donna Donna SKU 210972091_BD-1160853587 Country of Origin Egypt Food Type Dry What&rsquo;s in the box Pasta</p>,,,,,,,
discoveryproducts(bd)ltd,Donna Sofia Snail Pasta 200gm,Gram,200,donna-sofia,groceries,snacks-and-instant-food,,100,0,,,,,"groceries,snacks-and-instant-food",10,,4920,active,1,100,<p>Product details of Donna Sofia Pasta Elbow 200gm (Buy 1 Get 1 Free) Specifications of Donna Sofia Pasta Elbow 200gm (Buy 1 Get 1 Free) Brand Donna Donna SKU 210972091_BD-1160853587 Country of Origin Egypt Food Type Dry What&rsquo;s in the box Pasta</p>,,,,,,,
discoveryproducts(bd)ltd,Donna Sofia Fusilli Pasta 200gm,Gram,200,donna-sofia,groceries,snacks-and-instant-food,,100,0,,,,,"groceries,snacks-and-instant-food",10,,4920,active,1,100,<p>roduct details of Donna Sofia Pasta fusilli 200gm ( Buy 1 Get 1 free ) Specifications of Donna Sofia Pasta fusilli 200gm ( Buy 1 Get 1 free ) Brand Donna Donna SKU 210971202_BD-1160857415 Food Type Dry What&rsquo;s in the box Pasta</p>,,,,,,,
discoveryproducts(bd)ltd,Discovery Peanut Batter Smoth & Creamy 510 gm,Gram,510,discovery,groceries,breakfast,,460,0,,,,,"grocerie,breakfast",10,,4920,active,1,100,"<h2 class=""pdp-mod-section-title outer-title"" data-spm-anchor-id=""a2a0e.pdp.0.i0.1e82w471w47146"">Product details of Discovery Peanut Batter Smoth &amp; Creamy 510 gm</h2>
<div class=""pdp-product-detail"" data-spm=""product_detail"">
<div class=""pdp-product-desc "">
<div class=""pdp-mod-specification"">
<h2 class=""pdp-mod-section-title "">Specifications of Discovery Peanut Batter Smoth &amp; Creamy 510 gm</h2>
<div class=""pdp-general-features"">
<ul class=""specification-keys"">
<li class=""key-li""><span class=""key-title"">Brand</span>
<div class=""html-content key-value"">No Brand</div>
</li>
<li class=""key-li""><span class=""key-title"">SKU</span>
<div class=""html-content key-value"">203429691_BD-1151477120</div>
</li>
<li class=""key-li""><span class=""key-title"">Capacity</span>
<div class=""html-content key-value"">510gm</div>
</li>
<li class=""key-li""><span class=""key-title"">Country of Origin</span>
<div class=""html-content key-value"">Other</div>
</li>
<li class=""key-li""><span class=""key-title"">Weight</span>
<div class=""html-content key-value"">Not Specified</div>
</li>
<li class=""key-li""><span class=""key-title"">Pack Size</span>
<div class=""html-content key-value"">Not Specified</div>
</li>
</ul>
</div>
</div>
</div>
</div>",,,,,,,
discoveryproducts(bd)ltd,Discovery Peanut Batter Chunky 510 gm,Gram,510,discovery,groceries,breakfast,,460,0,,,,,"grocerie,breakfast",10,,4920,active,1,100,"<h2 class=""pdp-mod-section-title outer-title"" data-spm-anchor-id=""a2a0e.pdp.0.i1.53189FqV9FqV6N"">Product details of Discovery Peanut Batter Chunky 510 gm</h2>
<div class=""pdp-product-detail"" data-spm=""product_detail"">
<div class=""pdp-product-desc "">
<div class=""pdp-mod-specification"">
<h2 class=""pdp-mod-section-title "">Specifications of Discovery Peanut Batter Chunky 510 gm</h2>
<div class=""pdp-general-features"">
<ul class=""specification-keys"">
<li class=""key-li""><span class=""key-title"">Brand</span>
<div class=""html-content key-value"">No Brand</div>
</li>
<li class=""key-li""><span class=""key-title"">SKU</span>
<div class=""html-content key-value"">203433452_BD-1151476275</div>
</li>
<li class=""key-li""><span class=""key-title"">Capacity</span>
<div class=""html-content key-value"">510gm</div>
</li>
<li class=""key-li""><span class=""key-title"">Country of Origin</span>
<div class=""html-content key-value"">Other</div>
</li>
<li class=""key-li""><span class=""key-title"">Weight</span>
<div class=""html-content key-value"">Not Specified</div>
</li>
<li class=""key-li""><span class=""key-title"">Pack Size</span>
<div class=""html-content key-value"">Not Specified</div>
</li>
</ul>
</div>
<div class=""box-content""><span class=""key-title"">What&rsquo;s in the box</span>
<div class=""html-content box-content-html"">Discovery Peanut Batter Chunky 510 gm</div>
</div>
</div>
</div>
</div>",,,,,,,
discoveryproducts(bd)ltd,Discovery Peanut Batter Smoth & Creamy 340 gm,Gram,340,discovery,groceries,breakfast,,350,0,,,,,"grocerie,breakfast",10,,4920,active,1,100,"<h2 class=""pdp-mod-section-title outer-title"" data-spm-anchor-id=""a2a0e.pdp.0.i0.7f20VpdYVpdYQl"">Product details of Discovery Peanut Batter Smoth &amp; Creamy 340 gm</h2>
<div class=""pdp-product-detail"" data-spm=""product_detail"">
<div class=""pdp-product-desc "">
<div class=""pdp-mod-specification"">
<h2 class=""pdp-mod-section-title "">Specifications of Discovery Peanut Batter Smoth &amp; Creamy 340 gm</h2>
<div class=""pdp-general-features"">
<ul class=""specification-keys"">
<li class=""key-li""><span class=""key-title"">Brand</span>
<div class=""html-content key-value"">No Brand</div>
</li>
<li class=""key-li""><span class=""key-title"">SKU</span>
<div class=""html-content key-value"">203431490_BD-1151469960</div>
</li>
<li class=""key-li""><span class=""key-title"">Capacity</span>
<div class=""html-content key-value"">340gm</div>
</li>
<li class=""key-li""><span class=""key-title"">Country of Origin</span>
<div class=""html-content key-value"">Other</div>
</li>
<li class=""key-li""><span class=""key-title"">Weight</span>
<div class=""html-content key-value"">Not Specified</div>
</li>
<li class=""key-li""><span class=""key-title"">Pack Size</span>
<div class=""html-content key-value"">Not Specified</div>
</li>
</ul>
</div>
<div class=""box-content""><span class=""key-title"">What&rsquo;s in the box</span>
<div class=""html-content box-content-html"">Discovery Peanut Batter Smoth &amp; Creamy 340 gm</div>
</div>
</div>
</div>
</div>",,,,,,,
discoveryproducts(bd)ltd,Discovery Peanut Batter Chunky 340 gm,Gram,340,discovery,groceries,breakfast,,350,0,,,,,"grocerie,breakfast",10,,4920,active,1,100,<p>Product details of Discovery Peanut Batter Chunky 340 gm Specifications of Discovery Peanut Batter Chunky 340 gm Brand No Brand SKU 203430465_BD-1151467823 Capacity 340gm Country of Origin Other Weight Not Specified Pack Size Not Specified What&rsquo;s in the box Discovery Peanut Batter Chunky 340 gm</p>,,,,,,,
discoveryproducts(bd)ltd,Discovery Peanut Batter Smoth & Creamy 227 gm,Gram,227,discovery,groceries,breakfast,,245,0,,,,,"grocerie,breakfast",10,,4920,active,1,100,<p>Product details of Discovery Peanut Batter Smoth &amp; Creamy 227 gm Specifications of Discovery Peanut Batter Smoth &amp; Creamy 227 gm Brand No Brand SKU 203433456_BD-1151476278 Capacity 227gm Country of Origin Other Weight Not Specified Pack Size Not Specified What&rsquo;s in the box Discovery Peanut Batter Smoth &amp; Creamy 227 gm</p>,,,,,,,
discoveryproducts(bd)ltd,Discovery Peanut Batter Chunky 227 gm,Gram,227,discovery,groceries,breakfast,,245,0,,,,,"grocerie,breakfast",10,,4920,active,1,100,<p>Product details of Discovery Peanut Batter Chunky 227 gm Specifications of Discovery Peanut Batter Chunky 227 gm Brand No Brand SKU 203429693_BD-1151477121 Capacity 227gm Country of Origin Other Weight Not Specified Pack Size Not Specified What&rsquo;s in the box Discovery Peanut Batter Chunky 227 gm</p>,,,,,,,
discoveryproducts(bd)ltd,Discovery Suger Free  Peanut Batter Smoth & Creamy 510 gm,Gram,510,discovery,groceries,breakfast,,520,0,,,,,"grocerie,breakfast",10,,4920,active,1,100,<p>Discovery Suger Free Peanut Butter Smooth &amp; Creamy 340gm. Brand: Discovery. Product Type: Peanut Butter. Weight: 340 gm. Origin: U.S.A. Healthy and nutritious.</p>,,,,,,,
discoveryproducts(bd)ltd,Discovery Suger Free Peanut Batter Smoth & Creamy 340 gm,Gram,340,discovery,groceries,breakfast,,360,0,,,,,"grocerie,breakfast",10,,4920,active,1,100,<p>Discovery Suger Free Peanut Butter Smooth &amp; Creamy 340gm. Brand: Discovery. Product Type: Peanut Butter. Weight: 340 gm. Origin: U.S.A. Healthy and nutritious.</p>,,,,,,,
discoveryproducts(bd)ltd,Aussiebee Natural Honey 80gm,Gram,80,aussiebee-honey,groceries,breakfast,,125,0,,,,,"grocerie,breakfast",10,,4920,active,1,100,<p>Product details of Aussiebee Natural Honey 80gm Specifications of Aussiebee Natural Honey 80gm Brand No Brand SKU 203426980_BD-1151468831 Capacity 80gm Country of Origin Other Weight Not Specified Pack Size Not Specified</p>,,,,,,,
discoveryproducts(bd)ltd,Aussiebee Natural Honey 125gm,Gram,125,aussiebee-honey,groceries,breakfast,,190,0,,,,,"grocerie,breakfast",10,,4920,active,1,100,<p>Product details of Aussiebee Natural Honey 125gm Specifications of Aussiebee Natural Honey 125gm Brand No Brand SKU 203432434_BD-1151475530 Capacity 125gm Country of Origin Other Weight Not Specified Pack Size Not Specified</p>,,,,,,,
discoveryproducts(bd)ltd,Aussiebee Natural Honey 250gm,Gram,250,aussiebee-honey,groceries,breakfast,,380,0,,,,,"grocerie,breakfast",10,,4920,active,1,100,<p>Product details of Aussiebee Natural Honey 250gm Specifications of Aussiebee Natural Honey 250gm Brand No Brand SKU 203430438_BD-1151467792 Capacity 250gm Country of Origin Other Weight Not Specified Pack Size Not Specified</p>,,,,,,,
discoveryproducts(bd)ltd,Aussiebee Natural Honey 312gm,Gram,312,aussiebee-honey,groceries,breakfast,,420,0,,,,,"grocerie,breakfast",10,,4920,active,1,100,<p>Product details of Aussiebee Natural Honey 312gm Specifications of Aussiebee Natural Honey 312gm Brand No Brand SKU 203434343_BD-1151474707 Capacity 312gm Country of Origin Other Weight Not Specified Pack Size Not Specified What&rsquo;s in the box Aussiebee Natural Honey 312gm</p>,,,,,,,
discoveryproducts(bd)ltd,Aussiebee Natural Honey 375gm,Gram,375,aussiebee-honey,groceries,breakfast,,495,0,,,,,"grocerie,breakfast",10,,4920,active,1,100,<p>Product details of Aussiebee Natural Honey 375gm Specifications of Aussiebee Natural Honey 375gm Brand No Brand SKU 203434344_BD-1151474708 Capacity 375gm Country of Origin Other Weight Not Specified Pack Size Not Specified</p>,,,,,,,
discoveryproducts(bd)ltd,Aussiebee Natural Honey 400gm,Gram,400,aussiebee-honey,groceries,breakfast,,545,0,,,,,"grocerie,breakfast",10,,4920,active,1,100,<p>Product details of Aussiebee Natural Honey 400gm Specifications of Aussiebee Natural Honey 400gm Brand No Brand SKU 203438047_BD-1151472621 Capacity 400gm Country of Origin Other Weight Not Specified Pack Size Not Specified What&rsquo;s in the box Aussiebee Natural Honey 400gm</p>,,,,,,,
discoveryproducts(bd)ltd,Aussiebee Natural Honey  500gm (Apple),Gram,500,aussiebee-honey,groceries,breakfast,,660,0,,,,,"grocerie,breakfast",10,,4920,active,1,100,<p>Product details of Aussiebee Natural Honey 500gm (Apple) Specifications of Aussiebee Natural Honey 500gm (Apple) Brand No Brand SKU 203434345_BD-1151474709 Capacity 500gm Country of Origin Other Weight Not Specified Pack Size Not Specified What&rsquo;s in the box Aussiebee Natural Honey 500gm (Apple)</p>,,,,,,,
discoveryproducts(bd)ltd,Aussiebee Natural Honey  500gm (Jar),Gram,500,aussiebee-honey,groceries,breakfast,,660,0,,,,,"grocerie,breakfast",10,,4920,active,1,100,<p>Product details of Aussiebee Natural Honey 500gm (Jar) Specifications of Aussiebee Natural Honey 500gm (Jar) Brand No Brand SKU 203433423_BD-1151476247 Capacity 500gm Country of Origin Other Weight Not Specified Pack Size Not Specified What&rsquo;s in the box Aussiebee Natural Honey 500gm (Jar)</p>,,,,,,,
discoveryproducts(bd)ltd,Aussiebee Orange Blossom Honey 500 gm,Gram,500,aussiebee-honey,groceries,breakfast,,890,0,,,,,"grocerie,breakfast",10,,4920,active,1,100,<p>Product details of Aussiebee Orange Blossom Honey 500 gm Specifications of Aussiebee Orange Blossom Honey 500 gm Brand No Brand SKU 203432435_BD-1151475531 Capacity 500gm Country of Origin Other Weight Not Specified Pack Size Not Specified What&rsquo;s in the box Aussiebee Orange Blossom Honey 500 gm</p>,,,,,,,
discoveryproducts(bd)ltd,Aussiebee Natural Honey 680gm,Gram,680,aussiebee-honey,groceries,breakfast,,880,0,,,,,"grocerie,breakfast",10,,4920,active,1,100,<p>Product details of Aussiebee Natural Honey 680gm Specifications of Aussiebee Natural Honey 680gm Brand No Brand SKU 203427881_BD-1151463842 Capacity 680gm Country of Origin Other Weight Not Specified Pack Size Not Specified What&rsquo;s in the box Aussiebee Natural Honey 680gm</p>,,,,,,,
discoveryproducts(bd)ltd,Aussiebee Natural Honey 1 kg,kg,1,aussiebee-honey,groceries,breakfast,,1320,0,,,,,"grocerie,breakfast",10,,4920,active,1,100,<p>Product details of Aussiebee Natural Honey 1 kg Specifications of Aussiebee Natural Honey 1 kg Brand No Brand SKU 203435341_BD-1151470811 Capacity 1kg Country of Origin Other Weight Not Specified Pack Size Not Specified</p>,,,,,,,
discoveryproducts(bd)ltd,Aussiebee Organic Honey 500gm,Gram,500,aussiebee-honey,groceries,breakfast,,1350,0,,,,,"grocerie,breakfast",10,,4920,active,1,100,<p>Product details of AUSSIE BEE ORGANIC ACACIA HONEY 500gm Specifications of AUSSIE BEE ORGANIC ACACIA HONEY 500gm Brand No Brand SKU 203433425_BD-1151476248 Capacity 500gm Country of Origin Other Weight Not Specified Pack Size Not Specified What&rsquo;s in the box AUSSIE BEE ORGANIC ACACIA HONEY 500gm</p>,,,,,,,
discoveryproducts(bd)ltd,AUSSIE BEE ORGANIC RAW HONEY JAR 125gm,Gram,125,aussiebee-honey,groceries,breakfast,,425,0,,,,,"grocerie,breakfast",10,,4920,active,1,100,<p>Product details of AUSSIE BEE ORGANIC RAW HONEY JAR 125gm Specifications of AUSSIE BEE ORGANIC RAW HONEY JAR 125gm Brand No Brand SKU 203430442_BD-1151467793 Capacity 125gm Country of Origin Other Weight Not Specified Pack Size Not Specified What&rsquo;s in the box AUSSIE BEE ORGANIC RAW HONEY JAR 125gm</p>,,,,,,,
discoveryproducts(bd)ltd,AUSSIE BEE ORGANIC RAW HONEY JAR 250gm ,Gram,250,aussiebee-honey,groceries,breakfast,,800,0,,,,,"grocerie,breakfast",10,,4920,active,1,100,<p>Product details of AUSSIE BEE ORGANIC RAW HONEY JAR 250gm Specifications of AUSSIE BEE ORGANIC RAW HONEY JAR 250gm Brand No Brand SKU 203430443_BD-1151467794 Capacity 250gm Country of Origin Other Weight Not Specified Pack Size Not Specified What&rsquo;s in the box AUSSIE BEE ORGANIC RAW HONEY JAR 250gm</p>,,,,,,,
discoveryproducts(bd)ltd,AUSSIE BEE ORGANIC RAW HONEY JAR 500gm,Gram,500,aussiebee-honey,groceries,breakfast,,1575,0,,,,,"grocerie,breakfast",10,,4920,active,1,100,<p>Product details of AUSSIE BEE ORGANIC RAW HONEY JAR 500gm Specifications of AUSSIE BEE ORGANIC RAW HONEY JAR 500gm Brand No Brand SKU 203434349_BD-1151474710 Capacity 500gm Country of Origin Other Weight Not Specified Pack Size Not Specified</p>,,,,,,,
discoveryproducts(bd)ltd,AUSSIE BEE ORGANIC CIDR MOUNTAIN HONEY  500gm,Gram,500,aussiebee-honey,groceries,breakfast,,1450,0,,,,,"grocerie,breakfast",10,,4920,active,1,100,<p>Product details of AUSSIE BEE ORGANIC CIDR MOUNTAIN HONEY 500gm Specifications of AUSSIE BEE ORGANIC CIDR MOUNTAIN HONEY 500gm Brand No Brand SKU 203431465_BD-1151469936 Capacity 500gm Country of Origin Other Weight Not Specified Pack Size Not Specified What&rsquo;s in the box AUSSIE BEE ORGANIC CIDR MOUNTAIN HONEY 500gm</p>,,,,,,,
discoveryproducts(bd)ltd,AUSSIE BEE ORGANIC GINGER HONEY  500gm ,Gram,500,aussiebee-honey,groceries,breakfast,,1450,0,,,,,"grocerie,breakfast",10,,4920,active,1,100,<p>Product details of AUSSIE BEE ORGANIC GINGER HONEY 500gm Specifications of AUSSIE BEE ORGANIC GINGER HONEY 500gm Brand No Brand SKU 203426987_BD-1151468839 Capacity 500gm Country of Origin Other Weight Not Specified Pack Size Not Specified What&rsquo;s in the box AUSSIE BEE ORGANIC GINGER HONEY 500gm</p>,,,,,,,
discoveryproducts(bd)ltd,AUSSIE BEE ORGANIC BLACK FOREST HONEY 500gm,Gram,500,aussiebee-honey,groceries,breakfast,,1575,0,,,,,"grocerie,breakfast",10,,4920,active,1,100,<p>Product details of AUSSIE BEE ORGANIC BLACK FOREST HONEY 500gm Specifications of AUSSIE BEE ORGANIC BLACK FOREST HONEY 500gm Brand No Brand SKU 203428841_BD-1151471578 Capacity 500gm Country of Origin Other Weight Not Specified Pack Size Not Specified What&rsquo;s in the box AUSSIE BEE ORGANIC BLACK FOREST HONEY 500gm</p>,,,,,,,
discoveryproducts(bd)ltd,AUSSIE BEE ORGANIC ACACIA HONEY 500gm,Gram,500,aussiebee-honey,groceries,breakfast,,1575,0,,,,,"grocerie,breakfast",10,,4920,active,1,100,<p>Product details of AUSSIE BEE ORGANIC ACACIA HONEY 500gm Specifications of AUSSIE BEE ORGANIC ACACIA HONEY 500gm Brand No Brand SKU 203433425_BD-1151476248 Capacity 500gm Country of Origin Other Weight Not Specified Pack Size Not Specified What&rsquo;s in the box AUSSIE BEE ORGANIC ACACIA HONEY 500gm</p>,,,,,,,
discoveryproducts(bd)ltd,AUSSIE BEE ORGANIC HONEY & COMB 500gm,Gram,500,aussiebee-honey,groceries,breakfast,,1675,0,,,,,"grocerie,breakfast",10,,4920,active,1,100,<p>Product details of AUSSIE BEE ORGANIC HONEY &amp; COMB 500gm Specifications of AUSSIE BEE ORGANIC HONEY &amp; COMB 500gm Brand No Brand SKU 203430446_BD-1151467796 Capacity 500gm Country of Origin Other Weight Not Specified Pack Size Not Specified What&rsquo;s in the box AUSSIE BEE ORGANIC HONEY &amp; COMB 500gm</p>,,,,,,,
discoveryproducts(bd)ltd,Shefa'a Natural Honey 50gm,Gram,50,shefa'a-honey,groceries,breakfast,,70,0,,,,,"grocerie,breakfast",10,,4920,active,1,100,<p>Product details of Shefa'a Natural Honey 50gm Specifications of Shefa'a Natural Honey 50gm Brand No Brand SKU 203426991_BD-1151468840 Capacity 50gm Country of Origin Other Weight Not Specified Pack Size Not Specified What&rsquo;s in the box Shefa'a Natural Honey 50gm</p>,,,,,,,
discoveryproducts(bd)ltd,Shefa'a Natural Honey 100gm,Gram,100,shefa'a-honey,groceries,breakfast,,125,0,,,,,"grocerie,breakfast",10,,4920,active,1,100,<p>Product details of Shefa'a Natural Honey 100gm Specifications of Shefa'a Natural Honey 100gm Brand No Brand SKU 203433429_BD-1151476265 Capacity 100gm Country of Origin Other Weight Not Specified Pack Size Not Specified What&rsquo;s in the box Shefa'a Natural Honey 100gm</p>,,,,,,,
discoveryproducts(bd)ltd,Shefa'a Natural Honey 250gm,Gram,250,shefa'a-honey,groceries,breakfast,,295,0,,,,,"grocerie,breakfast",10,,4920,active,1,100,<p>Product details of Shefa'a Natural Honey 250gm Specifications of Shefa'a Natural Honey 250gm Brand No Brand SKU 203432444_BD-1151475537 Capacity 250gm Country of Origin Other Weight Not Specified Pack Size Not Specified What&rsquo;s in the box Shefa'a Natural Honey 250gm</p>,,,,,,,
discoveryproducts(bd)ltd,Shefa'a Natural Honey 375gm,Gram,375,shefa'a-honey,groceries,breakfast,,450,0,,,,,"grocerie,breakfast",10,,4920,active,1,100,<p>Product details of Shefa'a Natural Honey 375gm Specifications of Shefa'a Natural Honey 375gm Brand No Brand SKU 203436220_BD-1151465969 Capacity 375gm Country of Origin Other Weight Not Specified Pack Size Not Specified What&rsquo;s in the box Shefa'a Natural Honey 375gm</p>,,,,,,,
discoveryproducts(bd)ltd,Shefa'a Natural Honey 500gm,Gram,500,shefa'a-honey,groceries,breakfast,,575,0,,,,,"grocerie,breakfast",10,,4920,active,1,100,<p>Product details of Shefa'a Natural Honey 500gm Specifications of Shefa'a Natural Honey 500gm Brand No Brand SKU 203436221_BD-1151465971 Capacity 500gm Country of Origin Other Weight Not Specified Pack Size Not Specified What&rsquo;s in the box Shefa'a Natural Honey 500gm</p>,,,,,,,
discoveryproducts(bd)ltd,Shefa'a Natural Honey 1 Kg,Kg,1,shefa'a-honey,groceries,breakfast,,1125,0,,,,,"grocerie,breakfast",10,,4920,active,1,100,<p>Product details of Shefa'a Natural Honey 1 Kg Specifications of Shefa'a Natural Honey 1 Kg Brand No Brand SKU 203437167_BD-1151473619 Capacity 1Kg Country of Origin Other Weight Not Specified Pack Size Not Specified</p>,,,,,,,
discoveryproducts(bd)ltd,Apis Himalaya Honey 50 gm,Gram,50,himalaya-honey,groceries,breakfast,,50,0,,,,,"grocerie,breakfast",10,,4920,active,1,100,<p>Product details of Apis Himalaya Honey 50 gm Specifications of Apis Himalaya Honey 50 gm Brand No Brand SKU 203434352_BD-1151474713 Capacity 50gm Country of Origin Other Weight Not Specified Pack Size Not Specified What&rsquo;s in the box Apis Himalaya Honey 50 gm</p>,,,,,,,
discoveryproducts(bd)ltd,Apis Himalaya Honey 80 gm,Gram,80,himalaya-honey,groceries,breakfast,,100,0,,,,,"grocerie,breakfast",10,,4920,active,1,100,<p>Product details of Apis Himalaya Honey 80 gm Specifications of Apis Himalaya Honey 80 gm Brand No Brand SKU 203434353_BD-1151474714 Capacity 80gm Country of Origin Other Weight Not Specified Pack Size Not Specified What&rsquo;s in the box Apis Himalaya Honey 80 gm</p>,,,,,,,
discoveryproducts(bd)ltd,Apis Himalaya Honey 100 gm,Gram,100,himalaya-honey,groceries,breakfast,,100,0,,,,,"grocerie,breakfast",10,,4920,active,1,100,<p>Product details of Apis Himalaya Honey 100 gm Specifications of Apis Himalaya Honey 100 gm Brand No Brand SKU 203431469_BD-1151469940 Capacity 100gm Country of Origin Other Weight Not Specified Pack Size Not Specified What&rsquo;s in the box Apis Himalaya Honey 100 gm</p>,,,,,,,
discoveryproducts(bd)ltd,Apis Himalaya Honey 250 gm,Gram,250,himalaya-honey,groceries,breakfast,,200,0,,,,,"grocerie,breakfast",10,,4920,active,1,100,<p>Product details of Apis Himalaya Honey 250 gm Specifications of Apis Himalaya Honey 250 gm Brand No Brand SKU 203437170_BD-1151473621 Capacity 250gm Country of Origin Other Weight Not Specified Pack Size Not Specified What&rsquo;s in the box Apis Himalaya Honey 250 gm</p>,,,,,,,
discoveryproducts(bd)ltd,Apis Himalaya Honey 500 gm,Gram,500,himalaya-honey,groceries,breakfast,,375,0,,,,,"grocerie,breakfast",10,,4920,active,1,100,<p>Product details of Apis Himalaya Honey 500 gm Specifications of Apis Himalaya Honey 500 gm Brand No Brand SKU 203429682_BD-1151477113 Capacity 500gm Country of Origin Other Weight Not Specified Pack Size Not Specified What&rsquo;s in the box Apis Himalaya Honey 500 gm</p>,,,,,,,
discoveryproducts(bd)ltd,Apis Himalaya Honey 1 kg,Kg,1,himalaya-honey,groceries,breakfast,,650,0,,,,,"grocerie,breakfast",10,,4920,active,1,100,<p>Product details of Apis Himalaya Honey 1 kg Specifications of Apis Himalaya Honey 1 kg Brand Apis SKU 203426997_BD-1151468841 Capacity 1kg Pack Size Not Specified Weight Not Specified Country of Origin Other What&rsquo;s in the box Apis Himalaya Honey 1 kg</p>,,,,,,,
discoveryproducts(bd)ltd,Luglio Extra Virgin Olive Oil 250 ml,Mililiter,250,luglio-oil,groceries,cooking-items,,356,0,,,,,"grocerie,cooking-items",10,,4920,active,1,100,<p>Product details of Luglio Extra Virgin Olive Oil 1 Ltr Specifications of Luglio Extra Virgin Olive Oil 1 Ltr Brand Luglio SKU 203432448_BD-1151475538 Capacity 1Ltr Pack Size Not Specified Weight Not Specified Country of Origin Other What&rsquo;s in the box Luglio Extra Virgin Olive Oil 1 Ltr</p>,,,,,,,
discoveryproducts(bd)ltd,Luglio Extra Virgin Olive Oil 500 ml,Mililiter,500,luglio-oil,groceries,cooking-items,,600,0,,,,,"grocerie,cooking-items",10,,4920,active,1,100,<p>Product details of Luglio Extra Virgin Olive Oil 500 ml Specifications of Luglio Extra Virgin Olive Oil 500 ml Brand Luglio SKU 203436225_BD-1151465989 Capacity 500ml Pack Size Not Specified Weight Not Specified Country of Origin Other What&rsquo;s in the box Luglio Extra Virgin Olive Oil 500 ml</p>,,,,,,,
discoveryproducts(bd)ltd,Luglio Extra Virgin Olive Oil 1 Ltr,Litre,1,luglio-oil,groceries,cooking-items,,1050,0,,,,,"grocerie,cooking-items",10,,4920,active,1,100,<p>Product details of Luglio Extra Virgin Olive Oil 1 Ltr Specifications of Luglio Extra Virgin Olive Oil 1 Ltr Brand Luglio SKU 203432448_BD-1151475538 Capacity 1Ltr Pack Size Not Specified Weight Not Specified Country of Origin Other What&rsquo;s in the box Luglio Extra Virgin Olive Oil 1 Ltr</p>,,,,,,,
discoveryproducts(bd)ltd,Luglio Extra Virgin Olive Oil 1 Ltr ( 5 Pcs Bundle),Litre,1,luglio-oil,groceries,cooking-items,,4400,0,,,,,"grocerie,cooking-items",10,,4920,active,1,100,<p>Product details of Luglio Extra Virgin Olive Oil 1 ltr ( 5 pcs Bundle with Frypan Free) Specifications of Luglio Extra Virgin Olive Oil 1 ltr ( 5 pcs Bundle with Frypan Free) Brand Luglio SKU 210962370_BD-1160852399 Capacity 1 ltr Country of Origin Italy Food Type Liquid</p>,,,,,,,
discoveryproducts(bd)ltd,Luglio Extra Virgin Olive Oil 3 Ltr,Litre,3,luglio-oil,groceries,cooking-items,,3500,0,,,,,"grocerie,cooking-items",10,,4920,active,1,100,<p>Specifications of Luglio Extra Virgin Olive Oil 1 Ltr Brand Luglio SKU 203432448_BD-1151475538 Capacity 1Ltr Pack Size Not Specified Weight Not Specified Country of Origin Other What&rsquo;s in the box Luglio Extra Virgin Olive Oil 1 Ltr</p>,,,,,,,
discoveryproducts(bd)ltd,Luglio Extra Virgin Olive Oil 5 Ltr,Litre,5,luglio-oil,groceries,cooking-items,,4400,0,,,,,"grocerie,cooking-items",10,,4920,active,1,100,<p>Product details of Luglio Extra Virgin Olive Oil 5 Liters Tin Product Type: Olive Oil Premium Quality Product Capacity: 5 liter 100% Halal Product Country of Origin: Italy Specifications of Luglio Extra Virgin Olive Oil 5 Liters Tin Brand LugilO SKU 150232613_BD-1076718704 Capacity 5 liter</p>,,,,,,,
discoveryproducts(bd)ltd,Luglio Skin Care Olive Oil 100 ml,Mililiter,100,luglio-oil,groceries,cooking-items,,190,0,,,,,"grocerie,cooking-items",10,,4920,active,1,100,"<p>Product details of Luglio Skin Care Olive Oil, 100ml Product Type: Skin Care Olive Oil Brand: Luglio Size: 100Ml Origin: Italy Fresh Quality Specifications of Luglio Skin Care Olive Oil, 100ml Brand No Brand SKU 184374164_BD-1129250121 Capacity 100ml What&rsquo;s in the box Luglio Skin Care Olive Oil 100ml</p>",,,,,,,
discoveryproducts(bd)ltd,Luglio Skin Care Olive Oil 250 ml,Mililiter,250,luglio-oil,groceries,cooking-items,,360,0,,,,,"grocerie,cooking-items",10,,4920,active,1,100,<p>Product details of Luglio Skin Care Olive Oil 250 ml</p>,,,,,,,
discoveryproducts(bd)ltd,Luglio Skin Care Olive Oil 500 ml,Mililiter,500,luglio-oil,groceries,cooking-items,,595,0,,,,,"grocerie,cooking-items",10,,4920,active,1,100,<p>Product details of Luglio Skin Care Olive Oil 500 ml</p>,,,,,,,
discoveryproducts(bd)ltd,Luglio Pomace Olive Oil 500 ml,Mililiter,500,luglio-oil,groceries,cooking-items,,475,0,,,,,"grocerie,cooking-items",10,,4920,active,1,100,<p>Product details of Luglio Pomace Olive Oil 500 ml Specifications of Luglio Pomace Olive Oil 500 ml Brand Luglio SKU 203430449_BD-1151467799 Capacity 500 Ltr Pack Size Not Specified Weight Not Specified Country of Origin Other What&rsquo;s in the box Luglio Pomace Olive Oil 500 ml</p>,,,,,,,
discoveryproducts(bd)ltd,Discovery Mustard Sauce 227 gm,Mililiter,227,discovery,groceries,sauces,,210,0,,,,,"grocerie,sauces",10,,4920,active,1,100,<p>Product Type: Sauce Brand: Discovery Flavor: Mustard Net Weight: 227gm Origin: U.S.A Good Quality</p>,,,,,,,
discoveryproducts(bd)ltd,Discovery Mustard Sauce 397 gm,Mililiter,397,discovery,groceries,sauces,,310,0,,,,,"grocerie,sauces",10,,4920,active,1,100,<p>Product details of Discovery Mustard Sauce 397 gm Specifications of Discovery Mustard Sauce 397 gm Brand No Brand SKU 203436238_BD-1151478022 Capacity 397 gm Pack Size Not Specified Weight Not Specified Country of Origin Other What&rsquo;s in the box Discovery Mustard Sauce 397 gm</p>,,,,,,,
discoveryproducts(bd)ltd,Discovery BBQ Sauce 490 gm,Mililiter,490,discovery,groceries,sauces,,285,0,,,,,"grocerie,sauces",10,,4920,active,1,100,"<p>Product details of Discovery BBQ Sauce 490 gm Specifications of Discovery BBQ Sauce 490 gm Brand No Brand SKU 203438072_BD-1151472633 Capacity 490 gm Pack Size Not Specified Weight Not Specified Country of Origin Other What&rsq
uo;s in the box Discovery BBQ Sauce 490 gm</p>",,,,,,,
discoveryproducts(bd)ltd,Discovery BBQ Sauce 290 gm,Mililiter,290,discovery,groceries,sauces,,185,0,,,,,"grocerie,sauces",10,,4920,active,1,100,"<p>Product details of Discovery BBQ Sauce 490 gm Specifications of Discovery BBQ Sauce 490 gm Brand No Brand SKU 203438072_BD-1151472633 Capacity 490 gm Pack Size Not Specified Weight Not Specified Country of Origin Other What&rsquo;s in the box Discovery BBQ Sauce 490 gm</p>
",,,,,,,
discoveryproducts(bd)ltd,Discovery Sweets Chilli Sauce 290 gm,Mililiter,290,discovery,groceries,sauces,,190,0,,,,,"grocerie,sauces",10,,4920,active,1,100,<p>Product details of Discovery Sweets Chilli Sauce 290 gm Specifications of Discovery Sweets Chilli Sauce 290 gm Brand No Brand SKU 203432462_BD-1151475576 Capacity 290 gm Pack Size Not Specified Weight Not Specified Country of Origin Other What&rsquo;s in the box Discovery Sweets Chilli Sauce 290 gm</p>,,,,,,,
discoveryproducts(bd)ltd,Discovery White Vinegar 473 ml,Mililiter,473,discovery,groceries,cooking-items,,205,0,,,,,"grocerie,cooking-items",10,,4920,active,1,100,<p>Product details of Discovery White Vinegar 473 ml Specifications of Discovery White Vinegar 473 ml Brand No Brand SKU 203439008_BD-1151468861 Capacity 473 ml Country of Origin Other Weight Not Specified Pack Size Not Specified What&rsquo;s in the box Discovery White Vinegar 473 ml</p>,,,,,,,
discoveryproducts(bd)ltd,Discovery White Vinegar 946 ml,Mililiter,946,discovery,groceries,cooking-items,,325,0,,,,,"grocerie,cooking-items",10,,4920,active,1,100,<p>Brand: Discovery Size: 16oz Origin: U.S.A Good Quality</p>,,,,,,,
discoveryproducts(bd)ltd,Discovery Apple Cider Vinegar 473 ml,Mililiter,473,discovery,groceries,cooking-items,,220,0,,,,,"grocerie,cooking-items",10,,4920,active,1,100,<p>Product details of Discovery Apple Cider Vinegar 473 ml Specifications of Discovery Apple Cider Vinegar 473 ml Brand No Brand SKU 203438066_BD-1151472632 Capacity 473 ml Country of Origin Other Weight Not Specified Pack Size Not Specified What&rsquo;s in the box Discovery Apple Cider Vinegar 473 ml</p>,,,,,,,
discoveryproducts(bd)ltd,Discovery Apple Cider Vinegar 946 ml,Mililiter,946,discovery,groceries,cooking-items,,340,0,,,,,"grocerie,cooking-items",10,,4920,active,1,100,<p>Product details of Discovery Apple Cider Vinegar 946 ml Specifications of Discovery Apple Cider Vinegar 946 ml Brand No Brand SKU 203432458_BD-1151475574 Capacity 946 ml Country of Origin Other Weight Not Specified Pack Size Not Specified What&rsquo;s in the box Discovery Apple Cider Vinegar 946 ml</p>,,,,,,,
discoveryproducts(bd)ltd,Discover Organic Apple Cider Vinegar 250ml,Mililiter,250,discovery,groceries,cooking-items,,400,0,,,,,"grocerie,cooking-items",10,,4920,active,1,100,<p>Discovery Organic Apple Cider Vinegar - 250ml. Product Type: Vinegar. Weight: 250 ml. Made from apple cider. Good quality product. Healthy food. Country of Origin: Italy.</p>,,,,,,,
discoveryproducts(bd)ltd,Discover Organic Apple Cider Vinegar 500ml,Mililiter,500,discovery,groceries,cooking-items,,750,0,,,,,"grocerie,cooking-items",10,,4920,active,1,100,"<p>Discover Organic Apple Cider Vinegar 1 Ltr. Brand: Discovery. Product Type: Apple Cider Vinegar. Net Capacity: 1 Ltr. Origin: Italy. Healt
hy and nutritious. Note: Free Mug.</p>",,,,,,,
discoveryproducts(bd)ltd,Discover Organic Apple Cider Vinegar 1 Ltr,Litre,1,discovery,groceries,cooking-items,,1325,0,,,,,"grocerie,cooking-items",10,,4920,active,1,100,<p>Detox Organic G Discover Organic Apple Cider Vinegar 1 Ltr. Brand: Discovery. Product Type: Apple Cider Vinegar. Net Capacity: 1 Ltr. Origin: Italy. Healthy and nutritious. Note: Free Mug.</p>,,,,,,,
discoveryproducts(bd)ltd,Detox Organic Ginger Vinegar 500 ml,Mililiter,500,detox,groceries,cooking-items,,1325,0,,,,,"grocerie,cooking-items",10,,4920,active,1,100,"<p>Brand: Discovery Size: 500ml Origin: Ital
y Good Quality</p>",,,,,,,
discoveryproducts(bd)ltd,Detox Organic Cinnamon Vinegar 500 ml,Mililiter,500,detox,groceries,cooking-items,,1325,0,,,,,"grocerie,cooking-items",10,,4920,active,1,100,<p>Detox Organic Pomegranate Vinegar 500 ML. Brand: Detox. Product Type: Pomegranate Vinegar. Net Capacity: 500 ML. Origin: Italy. Healthy and nutritious.</p>,,,,,,,
discoveryproducts(bd)ltd,Detox Organic Pomegranate Vinegar 500 ml,Mililiter,500,detox,groceries,cooking-items,,1325,0,,,,,"grocerie,cooking-items",10,,4920,active,1,100,<p>Product details of Italiano Organic Apple Cider Vinegar 500ml Specifications of Italiano Organic Apple Cider Vinegar 500ml Brand No Brand SKU 203439012_BD-1151468864 Capacity 500ml Country of Origin Other Weight Not Specified Pack Size Not Specified What&rsquo;s in the box Italiano Organic Apple Cider Vinegar 500ml</p>,,,,,,,
discoveryproducts(bd)ltd,Italiano Apple CIder Vinegar 500 ML,Mililiter,500,italiano-pasta,groceries,cooking-items,,250,0,,,,,"grocerie,cooking-items",10,,4920,active,1,100,"<p>Product details of Italiano Organic Apple Cider Vinegar with Mother 500ml 1 - 16.9 oz bottle of Alce Nero Organic Apple Cider Vinegar Alce Nero's Apple Vinegar is obtained using only apples organically grown in the Dolomite mountains Thanks to the high quality of raw material, organic apple cider vinegar Alce Nero offers an intense taste and a rich flavor The lower acidity of the vinegar of apples, compared to wine vinegar, makes it particularly suitable for salads and other dishes Specifications of Italiano Organic Apple Cider Vinegar with Mother 500ml Brand No Brand SKU 184358583_BD-1129230884 Capacity 500ml Country of Origin Not Specified Flavour Not Specified Volume 100 ml Pack Size 1</p>",,,,,,,
discoveryproducts(bd)ltd,Italiano Organic Apple Cider Vinegar 500ml,Mililiter,500,italiano-pasta,groceries,cooking-items,,650,0,,,,,"grocerie,cooking-items",10,,4920,active,1,100,<p>Product details of Italiano Organic Apple Cider Vinegar 1 Ltr Specifications of Italiano Organic Apple Cider Vinegar 1 Ltr Brand No Brand SKU 203434369_BD-1151474719 Capacity 1 Ltr Country of Origin Other Weight Not Specified Pack Size Not Specified What&rsquo;s in the box Italiano Organic Apple Cider Vinegar 1 Ltr</p>,,,,,,,
discoveryproducts(bd)ltd,Italiano Organic Apple Cider Vinegar 1 Ltr,Litre,1,italiano-pasta,groceries,cooking-items,,1200,0,,,,,"grocerie,cooking-items",10,,4920,active,1,100,<p>Product details of Italiano Organic Apple Cider Vinegar 1 Ltr Specifications of Italiano Organic Apple Cider Vinegar 1 Ltr Brand No Brand SKU 203434369_BD-1151474719 Capacity 1 Ltr Country of Origin Other Weight Not Specified Pack Size Not Specified What&rsquo;s in the box Italiano Organic Apple Cider Vinegar 1 Ltr</p>,,,,,,,
discoveryproducts(bd)ltd,De Nigris Organic Apple Cider Vinegar 1 Ltr,Litre,1,de-nigries,groceries,cooking-items,,1400,0,,,,,"grocerie,cooking-items",10,,4920,active,1,100,<p>Product details of De Nigris Organic Apple Cider Vinegar 500 ml Specifications of De Nigris Organic Apple Cider Vinegar 500 ml Brand No Brand SKU 203434371_BD-1151474720 Capacity 500 ml Pack Size Not Specified Weight Not Specified Country of Origin Other What&rsquo;s in the box De Nigris Organic Apple Cider Vinegar 500 ml</p>,,,,,,,
discoveryproducts(bd)ltd,De Nigris Organic Apple Cider Vinegar 500 ml ,Mililiter,500,de-nigries,groceries,cooking-items,,800,0,,,,,"grocerie,cooking-items",10,,4920,active,1,100,<p>Product details of De Nigris Organic Coconut Vinegar 500 ML Specifications of De Nigris Organic Coconut Vinegar 500 ML Brand No Brand SKU 203428862_BD-1151471661 Capacity 500 ML Pack Size Not Specified Weight Not Specified Country of Origin Other What&rsquo;s in the box De Nigris Organic Coconut Vinegar 500 ML</p>,,,,,,,
discoveryproducts(bd)ltd,De Nigris Organic Coconut Vinegar 500 ML,Mililiter,500,de-nigries,groceries,cooking-items,,1400,0,,,,,"grocerie,cooking-items",10,,4920,active,1,100,<p>Brand No Brand SKU 203431457_BD-1151469931 Capacity 400gm Country of Origin Other Weight Not Specified Pack Size Not Specified</p>,,,,,,,
discoveryproducts(bd)ltd,Italiano Pasta-Alphabet 400gm,Gram,400,italiano-pasta,groceries,snacks-and-instant-food,,250,0,,,,,"grocerie,snacks-and-instant-food",10,,4920,active,1,100,<p>Product details of Italiano Pasta Animal 400gm (Buy 1 Get 1 Free) Specifications of Italiano Pasta Animal 400gm (Buy 1 Get 1 Free) Brand No Brand SKU 203435336_BD-1151470807 Capacity 400gm Country of Origin Other Weight Not Specified Pack Size Not Specified What&rsquo;s in the box Italiano Pasta Animal 400gm (Buy 1 Get 1 Free)</p>,,,,,,,
discoveryproducts(bd)ltd,Italiano Pasta Animal 400gm ,Gram,400,italiano-pasta,groceries,snacks-and-instant-food,,250,0,,,,,"grocerie,snacks-and-instant-food",10,,4920,active,1,100,<p>Product details of Italiano Pasta Penne 500gm (Buy 1 Get 1 Free) Product Type: Italiano Pasta Penne 500gm (Buy 1 Get 1 Free) Brand: Italiano Capacity: 500gm Country Of Origin: Bulgaria Specifications of Italiano Pasta Penne 500gm (Buy 1 Get 1 Free) Brand No Brand SKU 203431458_BD-1151469932 Capacity 500gm Country of Origin Other Weight Not Specified Pack Size Not Specified What&rsquo;s in the box Italiano Pasta Penne 500gm (Buy 1 Get 1 Free)</p>,,,,,,,
discoveryproducts(bd)ltd,Italiano Pasta Penne 500gm ,Gram,500,italiano-pasta,groceries,snacks-and-instant-food,,250,0,,,,,"grocerie,snacks-and-instant-food",10,,4920,active,1,100,<p>Product details of Italiano Pasta Farfalle 500gm (Buy 1 Get 1 Free) Specifications of Italiano Pasta Farfalle 500gm (Buy 1 Get 1 Free) Brand No Brand SKU 203435337_BD-1151470808 Capacity 500gm Country of Origin Other Weight Not Specified Pack Size Not Specified What&rsquo;s in the box Italiano Pasta Farfalle 500gm (Buy 1 Get 1 Free)</p>,,,,,,,
discoveryproducts(bd)ltd,Italiano Pasta Farfalle 500gm,Gram,500,italiano-pasta,groceries,snacks-and-instant-food,,250,0,,,,,"grocerie,snacks-and-instant-food",10,,4920,active,1,100,<p>Product details of Italiano Pasta Fiochinni 500gm (Buy 1 Get 1 Free) Specifications of Italiano Pasta Fiochinni 500gm (Buy 1 Get 1 Free) Brand No Brand SKU 203437160_BD-1151473583 Capacity 500gm Country of Origin Other Weight Not Specified Pack Size Not Specified What&rsquo;s in the box Italiano Pasta Fiochinni 500gm (Buy 1 Get 1 Free)</p>,,,,,,,
discoveryproducts(bd)ltd,Italiano Pasta Fiochinni 500gm,Gram,500,italiano-pasta,groceries,snacks-and-instant-food,,250,0,,,,,"grocerie,snacks-and-instant-food",10,,4920,active,1,100,<p>Product details of Italiano Pasta Elbo Big 500gm (Buy 1 Get 1 Free) Specifications of Italiano Pasta Elbo Big 500gm (Buy 1 Get 1 Free) Brand No Brand SKU 203428833_BD-1151471573 Capacity 500gm Country of Origin Other Weight Not Specified Pack Size Not Specified What&rsquo;s in the box Italiano Pasta Elbo Big 500gm (Buy 1 Get 1 Free)</p>,,,,,,,
discoveryproducts(bd)ltd,Italiano Pasta Elbo Big 500gm ,Gram,500,italiano-pasta,groceries,snacks-and-instant-food,,250,0,,,,,"grocerie,snacks-and-instant-food",10,,4920,active,1,100,<p>Product details of Italiano Pasta Consiglli Small 500gm (Buy 1 Get 1 Free) Specifications of Italiano Pasta Consiglli Small 500gm (Buy 1 Get 1 Free) Brand No Brand SKU 203431459_BD-1151469933 Capacity 500gm Pack Size Not Specified Weight Not Specified Country of Origin Other What&rsquo;s in the box Italiano Pasta Elbo Small 500gm (Buy 1 Get 1 Free)</p>,,,,,,,
discoveryproducts(bd)ltd,Italiano Pasta Elbo Small 500gm,Gram,500,italiano-pasta,groceries,snacks-and-instant-food,,250,0,,,,,"grocerie,snacks-and-instant-food",10,,4920,active,1,100,<p>Product details of Italiano Pasta Congchili 500gm (Buy 1 Get 1 Free) Specifications of Italiano Pasta Congchili 500gm (Buy 1 Get 1 Free) Brand No Brand SKU 203427876_BD-1151463837 Capacity 500gm Country of Origin Other Weight Not Specified Pack Size Not Specified What&rsquo;s in the box Italiano Pasta Congchili 500gm (Buy 1 Get 1 Free)</p>,,,,,,,
discoveryproducts(bd)ltd,Italiano Pasta Congchili 500gm ,Gram,500,italiano-pasta,groceries,snacks-and-instant-food,,250,0,,,,,"grocerie,snacks-and-instant-food",10,,4920,active,1,100,<p>Product details of Italiano Pasta Fussilli 500gm (Buy 1 Get 1 Free) Specifications of Italiano Pasta Fussilli 500gm (Buy 1 Get 1 Free) Brand No Brand SKU 203429668_BD-1151477039 Capacity 500gm Country of Origin Other Weight Not Specified Pack Size Not Specified What&rsquo;s in the box Italiano Pasta Fussilli 500gm (Buy 1 Get 1 Free)</p>,,,,,,,
discoveryproducts(bd)ltd,Italiano Pasta Fussilli 500gm ,Gram,500,italiano-pasta,groceries,snacks-and-instant-food,,250,0,,,,,"grocerie,snacks-and-instant-food",10,,4920,active,1,100,<p>Product details of Italiano Pasta Spaghetti 500gm (Buy 1 Get 1 Free) Specifications of Italiano Pasta Spaghetti 500gm (Buy 1 Get 1 Free) Brand No Brand SKU 203430437_BD-1151467790 Capacity 500gm Country of Origin Other Weight Not Specified Pack Size Not Specified What&rsquo;s in the box Italiano Pasta Spaghetti 500gm (Buy 1 Get 1 Free)</p>,,,,,,,
discoveryproducts(bd)ltd,Italiano Pasta Spaghetti 500gm ,Gram,500,italiano-pasta,groceries,snacks-and-instant-food,,250,0,,,,,"grocerie,snacks-and-instant-food",10,,4920,active,1,100,<p>Product details of Italiano Pasta Spaghetti Bucatini 350gm (Buy 1 Get 1 Free) Specifications of Italiano Pasta Spaghetti Bucatini 350gm (Buy 1 Get 1 Free) Brand No Brand SKU 203431460_BD-1151469934 Capacity 350gm Country of Origin Other Weight Not Specified Pack Size Not Specified What&rsquo;s in the box Italiano Pasta Spaghetti Bucatini 350gm (Buy 1 Get 1 Free)</p>,,,,,,,
discoveryproducts(bd)ltd,Italiano Pasta Spaghetti Bucatini 350gm ,Gram,350,italiano-pasta,groceries,snacks-and-instant-food,,250,0,,,,,"grocerie,snacks-and-instant-food",10,,4920,active,1,100,<p>Product details of Zaytoon Extra Virgin Oil 1 Ltr Specifications of Zaytoon Extra Virgin Oil 1 Ltr Brand Zaytoon SKU 203438061_BD-1151472630 Capacity 1 Ltr Pack Size Not Specified Weight Not Specified Country of Origin Other What&rsquo;s in the box Zaytoon Extra Virgin Oil 1 Ltr</p>,,,,,,,
discoveryproducts(bd)ltd,Zaytoon Extra Virgin Oil 1 Ltr,Litre,1,zaytoon,groceries,cooking-items,,1325,0,,,,,"grocerie,cooking-items",10,,4920,active,1,100,<p>Product details of Zaytoon Extra Virgin Oil 500ml Specifications of Zaytoon Extra Virgin Oil 500ml Brand Zaytoon SKU 203431479_BD-1151469948 Capacity 500ml Pack Size Not Specified Weight Not Specified Country of Origin Other What&rsquo;s in the box Zaytoon Extra Virgin Oil 500ml</p>,,,,,,,
discoveryproducts(bd)ltd,Zaytoon Extra Virgin Oil 500ml,Mililiter,500,zaytoon,groceries,health-care,,675,0,,,,,"grocerie,health-care",10,,4920,active,1,100,"The journey of olive oil begins with the olive tree. The average life span is 300-400 years, but there are also 1000 year old trees. Olive trees of 7-8 years old begin to give fruit. Olive tree which takes its life source from soil, sun, air and water is quite generous. Fruits, leaves and the tree itself is also used. Olive leaves have natural antibiotic and antioxidant properties. It shows similar effects with garlic and onion in the bodys immune system. The fruit is green first, after ripening it takes a bright black color. In addition to being a energy storage, it contains lipoproteins, phospholipids, galactolipids. It is rich in amino acids. Contains vitamins A, E, D, K. The oils obtained from olives are also very valuable. 01. Virgin Olive Oil is obtained by applying mechanical or physical processes such as washing, decantation, centrifugation and filtration processes in thermal environment which will not cause any change in the natural qualities of olive tree fruit. Extra Virgin Olive Oil: Suitable for direct consumption, free fatty acid content of oleic acid is not more than 0,8 grams per 100 grams. Ordinary Virgin Olive oil: Suitable for direct consumption, free fatty acid content of oleic acid is not more than 2.0 grams per 100 grams. Crude Olive Oil / For Refining: Free fatty acid content of oleic acid is more than 2.0 grams per 100 grams or not suitable for direct consumption in terms of sensory characteristics and properties, suitable for refining or technical purposes. 02. Refined Olive Oil: Refined of Crude olive oil through the methods not leading to any change in the natural triglyceride structure of crude oil and free fatty acid content of oleic acid is not more than 0.3 grams per 100 grams. 03. Pure Olive Oil: A mixture of Refined Olive Oil and Virgin Olive Oil that is suitable for direct consumption and free fatty acid content of oleic acid is not more than 1.0 grams per l00 grams. In the regions where olive is grown, the average annual temperature is acceptable between 15  and 20  C. Due to its nature, the areas where olive groves are densely dominated by the Mediterranean climate in our country. All our consumers can also evaluate its sensory characteristics by themselves. The predominant fruity flavour and odour (flowers, grass, plants, fruit tastes and fragrances) that are felt at the same time also contain some sharp, bitterness (bitterness slightly to throat and tongue), and biting (nasal biting) properties. Appropriate for everyones taste via Velvety mouthfeel. Olive Oil produced in the same quality in each bottle can not be seen with defects such as rancidity (deterioration by oxidation), mold, soil, olive mill wastewater, sourishness, metallic, fermented fragrances, fusty / muddy sediment. High sensory properties of Extra Virgin Olive Oil and Pure Olive Oil can be directly evaluated by our consumers via taste.
Specifications of Zaytoon Extra Virgin Oil 250 ml
BrandNo BrandSKU201884138_BD-1149377912
Whats in the box	Zaytoon Extra Virgin Oil 250 ml",,,,,,,
discoveryproducts(bd)ltd,Zaytoon Extra Virgin Oil 250 ml,Mililiter,250,zaytoon,groceries,health-care,,395,0,,,,,"grocerie,health-care",10,,4920,active,1,100,"<p>Product details of Zaytoon Extra Virgin Oil 100 ml The journey of olive oil begins with the olive tree. The average life span is 300-400 years, but there are also 1000 year old trees. Olive trees of 7-8 years old begin to give fruit. Olive tree which takes its life source from soil, sun, air and water is quite generous. Fruits, leaves and the tree itself is also used. Olive leaves have natural antibiotic and antioxidant properties. It shows similar effects with garlic and onion in the body&rsquo;s immune system. The fruit is green first, after ripening it takes a bright black color. In addition to being a energy storage, it contains lipoproteins, phospholipids, galactolipids. It is rich in amino acids. Contains vitamins A, E, D, K. The oils obtained from olives are also very valuable. 01. Virgin Olive Oil is obtained by applying mechanical or physical processes such as washing, decantation, centrifugation and filtration processes in thermal environment which will not cause any change in the natural qualities of olive tree fruit. Extra Virgin Olive Oil: Suitable for direct consumption, free fatty acid content of oleic acid is not more than 0,8 grams per 100 grams. Ordinary Virgin Olive oil: Suitable for direct consumption, free fatty acid content of oleic acid is not more than 2.0 grams per 100 grams. Crude Olive Oil / For Refining: Free fatty acid content of oleic acid is more than 2.0 grams per 100 grams or not suitable for direct consumption in terms of sensory characteristics and properties, suitable for refining or technical purposes. 02. Refined Olive Oil: Refined of Crude olive oil through the methods not leading to any change in the natural triglyceride structure of crude oil and free fatty acid content of oleic acid is not more than 0.3 grams per 100 grams. 03. Pure Olive Oil: A mixture of Refined Olive Oil and Virgin Olive Oil that is suitable for direct consumption and free fatty acid content of oleic acid is not more than 1.0 grams per l00 grams. In the regions where olive is grown, the average annual temperature is acceptable between 15 &deg; and 20 &deg; C. Due to its nature, the areas where olive groves are densely dominated by the Mediterranean climate in our country. All our consumers can also evaluate its sensory characteristics by themselves. The predominant fruity flavour and odour (flowers, grass, plants, fruit tastes and fragrances) that are felt at the same time also contain some sharp, bitterness (bitterness slightly to throat and tongue), and biting (nasal biting) properties. Appropriate for everyone&rsquo;s taste via Velvety &laquo;mouthfeel&raquo;. Olive Oil produced in the same quality in each bottle can not be seen with defects such as rancidity (deterioration by oxidation), mold, soil, olive mill wastewater, sourishness, metallic, fermented fragrances, fusty / muddy sediment. High sensory properties of Extra Virgin Olive Oil and Pure Olive Oil can be directly evaluated by our consumers via taste. Specifications of Zaytoon Extra Virgin Oil 100 ml Brand No Brand SKU 201878488_BD-1149377545 What&rsquo;s in the box Zaytoon Extra Virgin Oil 100 ml</p>",,,,,,,
discoveryproducts(bd)ltd,Zaytoon Extra Virgin Oil 100 ml,Mililiter,100,zaytoon,groceries,health-care,,215,0,,,,,"grocerie,health-care",10,,4920,active,1,100,<p>Product details of Discovery Organic Raw Extra Virgin olive oil 1 Ltr Specifications of Discovery Organic Raw Extra Virgin olive oil 1 Ltr Brand No Brand SKU 203437180_BD-1151473635 Capacity 1 Ltr Country of Origin Other Weight Not Specified Pack Size Not Specified What&rsquo;s in the box Discovery Organic Raw Extra Virgin olive oil 1 Ltr</p>,,,,,,,
discoveryproducts(bd)ltd,Discovery Organic Raw Extra Virgin olive oil 1 Ltrhealth-care,Litre,1,discovery,groceries,cooking-items,,1740,0,,,,,"grocerie,cooking-items",10,,4920,active,1,100,<p>Product details of Discovery Organic Raw Extra Virgin olive oil 500ml Specifications of Discovery Organic Raw Extra Virgin olive oil 500ml Brand No Brand SKU 203436232_BD-1151478019 Capacity 500ml Country of Origin Other Weight Not Specified Pack Size Not Specified What&rsquo;s in the box Discovery Organic Raw Extra Virgin olive oil 500ml</p>,,,,,,,
discoveryproducts(bd)ltd,Discovery Organic Raw Extra Virgin olive oil 500ml,Mililiter,500,discovery,groceries,cooking-items,,985,0,,,,,"grocerie,cooking-items",10,,4920,active,1,100,<p>Product details of Discovery Organic Raw Extra Virgin olive oil 1 Ltr Specifications of Discovery Organic Raw Extra Virgin olive oil 1 Ltr Brand No Brand SKU 203437180_BD-1151473635 Capacity 1 Ltr Country of Origin Other Weight Not Specified Pack Size Not Specified What&rsquo;s in the box Discovery Organic Raw Extra Virgin olive oil 1 Ltr</p>,,,,,,,
discoveryproducts(bd)ltd,Discovery Organic Extra Virgin olive oil 1 Ltr,Litre,1,discovery,groceries,cooking-items,,1660,0,,,,,"grocerie,cooking-items",10,,4920,active,1,100,<p>Product details of Discovery Organic Raw Extra Virgin olive oil 500ml Specifications of Discovery Organic Raw Extra Virgin olive oil 500ml Brand No Brand SKU 203436232_BD-1151478019 Capacity 500ml Country of Origin Other Weight Not Specified Pack Size Not Specified What&rsquo;s in the box Discovery Organic Raw Extra Virgin olive oil 500ml</p>,,,,,,,
discoveryproducts(bd)ltd,Discovery Organic Extra Virgin olive oil 500 ml,Mililiter,500,discovery,groceries,cooking-items,,955,0,,,,,"grocerie,cooking-items",10,,4920,active,1,100,<p>Product details of Discovery Spanish Olive Oil 100 ml TIN Specifications of Discovery Spanish Olive Oil 100 ml TIN Brand No Brand SKU 203437176_BD-1151473623 Capacity 100 ml Pack Size Not Specified Weight Not Specified Country of Origin Other What&rsquo;s in the box Discovery Spanish Olive Oil 100 ml TIN</p>,,,,,,,
discoveryproducts(bd)ltd,Discovery Spanish Olive Oil 100 ml TIN,Mililiter,100,discovery,groceries,cooking-items,,210,0,,,,,"grocerie,cooking-items",10,,4920,active,1,100,<p>Product details of Discovery Spanish Olive Oil 150 ml TIN Specifications of Discovery Spanish Olive Oil 150 ml TIN Brand No Brand SKU 203430450_BD-1151467800 Capacity 150 ml Country of Origin Other Weight Not Specified Pack Size Not Specified What&rsquo;s in the box Discovery Spanish Olive Oil 150 ml TIN</p>,,,,,,,
discoveryproducts(bd)ltd,Discovery Spanish Olive Oil 150 ml TIN,Mililiter,150,discovery,groceries,cooking-items,,290,0,,,,,"grocerie,cooking-items",10,,4920,active,1,100,<p>Product details of Discovery Spanish Olive Oil 250 ml Specifications of Discovery Spanish Olive Oil 250 ml Brand No Brand SKU 203427894_BD-1151463852 Capacity 250 ml Country of Origin Other Weight Not Specified Pack Size Not Specified What&rsquo;s in the box Discovery Spanish Olive Oil 250 ml</p>,,,,,,,
discoveryproducts(bd)ltd,Discovery Spanish Olive Oil 250 ml ,Mililiter,250,discovery,groceries,cooking-items,,360,0,,,,,"grocerie,cooking-items",10,,4920,active,1,100,<p>Product details of Discovery Spanish Olive Oil 500 ml Specifications of Discovery Spanish Olive Oil 500 ml Brand No Brand SKU 203435355_BD-1151470818 Capacity 500 ml Pack Size Not Specified Weight Not Specified Country of Origin Other What&rsquo;s in the box Discovery Spanish Olive Oil 500 ml</p>,,,,,,,
discoveryproducts(bd)ltd,Discovery Spanish Olive Oil 500 ml ,Mililiter,500,discovery,groceries,cooking-items,,595,0,,,,,"grocerie,cooking-items",10,,4920,active,1,100,<p>Product details of Hat Mayonnaise 473 ml Specifications of Hat Mayonnaise 473 ml Brand No Brand SKU 203434390_BD-1151474741 Capacity 473 ml Country of Origin Other Weight Not Specified Pack Size Not Specified What&rsquo;s in the box Hat Mayonnaise 473 ml</p>,,,,,,,
discoveryproducts(bd)ltd,Hat Mayonnaise 227 ml,Mililiter,227,pasta-hat,groceries,cooking-items,,125,0,,,,,"grocerie,cooking-items",10,,4920,active,1,100,<p>Product details of Hat Mayonnaise 946 ml Specifications of Hat Mayonnaise 946 ml Brand No Brand SKU 203433465_BD-1151476288 Capacity 946 ml Country of Origin Other Weight Not Specified Pack Size Not Specified What&rsquo;s in the box Hat Mayonnaise 946 ml</p>,,,,,,,
discoveryproducts(bd)ltd,Hat Mayonnaise 473 ml,Mililiter,473,pasta-hat,groceries,cooking-items,,215,0,,,,,"grocerie,cooking-items",10,,4920,active,1,100,<p>Brand: Verda Product: Varda Mayonnaise Quantity: 946ml Type: Mayonnaise Origin: UAE</p>,,,,,,,
discoveryproducts(bd)ltd,Hat Mayonnaise 946 ml,Mililiter,946,pasta-hat,groceries,cooking-items,,350,0,,,,,"grocerie,cooking-items",10,,4920,active,1,100,<p>Product details of Varda Mayonnaise 473 ml Specifications of Varda Mayonnaise 473 ml Brand Verda SKU 203439028_BD-1151468892 Capacity 473 ml Pack Size Not Specified Weight Not Specified Country of Origin Other What&rsquo;s in the box Varda Mayonnaise 473 ml</p>,,,,,,,
discoveryproducts(bd)ltd,Varda  Mayonnaise 227 ml,Mililiter,227,verda-pasta,groceries,cooking-items,,125,0,,,,,"grocerie,cooking-items",10,,4920,active,1,100,<p>Product details of Varda Mayonnaise 946 ml Specifications of Varda Mayonnaise 946 ml Brand Verda SKU 203437205_BD-1151473648 Capacity 946 ml Pack Size Not Specified Weight Not Specified Country of Origin Other What&rsquo;s in the box Varda Mayonnaise 946 ml</p>,,,,,,,
discoveryproducts(bd)ltd,Varda  Mayonnaise 473 ml,Mililiter,473,verda-pasta,groceries,cooking-items,,215,0,,,,,"grocerie,cooking-items",10,,4920,active,1,100,<p>Product details of Lokman Strawberry Jam 360 gm Specifications of Lokman Strawberry Jam 360 gm Brand Lokman SKU 203447054_BD-1151485437 Flavor Fruity Capacity 360gm Pack Size Not Specified Weight Not Specified Country of Origin Other What&rsquo;s in the box Lokman Strawberry Jam 360 gm</p>,,,,,,,
discoveryproducts(bd)ltd,Varda Mayonnaise 946 ml,gram,946,verda-pasta,groceries,cooking-items,,350,0,,,,,"grocerie,cooking-items",10,,4920,active,1,100,<p>Product details of Lokman Orange Jam 360gm Imported From Turkey Good Quality Glass Jar Specifications of Lokman Orange Jam 360gm Brand No Brand SKU 209021428_BD-1159264841 Flavor Fruity What&rsquo;s in the box Lokman Orange Jam 360 gm</p>,,,,,,,
discoveryproducts(bd)ltd,Lokman Strawberry Jam 360 gm,gram,360,lokman,groceries,breakfast,,425,0,,,,,"grocerie,breakfast",10,,4920,active,1,100,<p>Brand: Lokman Product: Lokman Strawberry Jam Quantity: 360gm Type: Jam Origin: Turkey</p>,,,,,,,
discoveryproducts(bd)ltd,Lokman Orange Jam 360 gm,gram,360,lokman,groceries,breakfast,,425,0,,,,,"grocerie,breakfast",10,,4920,active,1,100,<p>Brand: Lokman Product: Lokman Black Berry Jam 360gm Quantity: Type: Jam Origin: Turkey</p>,,,,,,,
discoveryproducts(bd)ltd,Lokman Raspberry Jam 360 gm,gram,360,lokman,groceries,breakfast,,450,0,,,,,"grocerie,breakfast",10,,4920,active,1,100,<p>Brand: Lokman Product: Lokman Fig Jam Quantity: 360gm Type: Jam Origin: Turkey</p>,,,,,,,
discoveryproducts(bd)ltd,Lokman Black Berry Jam 360 gm,gram,360,lokman,groceries,breakfast,,450,0,,,,,"grocerie,breakfast",10,,4920,active,1,100,<p>Lokman Fig Jam 360 GM. Brand: Lokman. Product Type: Fig Jam. Net Weight: 360 GM. Origin: Turkey. Healthy and nutritious.</p>,,,,,,,
discoveryproducts(bd)ltd,Lokman Fig Jam 360 gm,gram,360,lokman,groceries,breakfast,,450,0,,,,,"grocerie,breakfast",10,,,,,,,,,,,,,
,,,,,,,,,1,,,,,,,,,,,,,,,,,,,
,,,,,,,,,1,,,,,,,,,,,,,,,,,,,
,,,,,,,,,1,,,,,,,,,,,,,,,,,,,
,,,,,,,,,1,,,,,,,,,,,,,,,,,,,
,,,,,,,,,1,,,,,,,,,,,,,,,,,,,
,,,,,,,,,1,,,,,,,,,,,,,,,,,,,
,,,,,,,,,1,,,,,,,,,,,,,,,,,,,
,,,,,,,,,1,,,,,,,,,,,,,,,,,,,
,,,,,,,,,1,,,,,,,,,,,,,,,,,,,
,,,,,,,,,1,,,,,,,,,,,,,,,,,,,
,,,,,,,,,1,,,,,,,,,,,,,,,,,,,
,,,,,,,,,1,,,,,,,,,,,,,,,,,,,
,,,,,,,,,1,,,,,,,,,,,,,,,,,,,
,,,,,,,,,1,,,,,,,,,,,,,,,,,,,
,,,,,,,,,1,,,,,,,,,,,,,,,,,,,
,,,,,,,,,1,,,,,,,,,,,,,,,,,,,
,,,,,,,,,1,,,,,,,,,,,,,,,,,,,
,,,,,,,,,1,,,,,,,,,,,,,,,,,,,
,,,,,,,,,1,,,,,,,,,,,,,,,,,,,
,,,,,,,,,1,,,,,,,,,,,,,,,,,,,
,,,,,,,,,1,,,,,,,,,,,,,,,,,,,
,,,,,,,,,1,,,,,,,,,,,,,,,,,,,
,,,,,,,,,1,,,,,,,,,,,,,,,,,,,
,,,,,,,,,1,,,,,,,,,,,,,,,,,,,
,,,,,,,,,1,,,,,,,,,,,,,,,,,,,
,,,,,,,,,1,,,,,,,,,,,,,,,,,,,
,,,,,,,,,1,,,,,,,,,,,,,,,,,,,
,,,,,,,,,1,,,,,,,,,,,,,,,,,,,
,,,,,,,,,1,,,,,,,,,,,,,,,,,,,
,,,,,,,,,1,,,,,,,,,,,,,,,,,,,
,,,,,,,,,1,,,,,,,,,,,,,,,,,,,
,,,,,,,,,1,,,,,,,,,,,,,,,,,,,
,,,,,,,,,1,,,,,,,,,,,,,,,,,,,
,,,,,,,,,1,,,,,,,,,,,,,,,,,,,
,,,,,,,,,1,,,,,,,,,,,,,,,,,,,
,,,,,,,,,1,,,,,,,,,,,,,,,,,,,
,,,,,,,,,1,,,,,,,,,,,,,,,,,,,
,,,,,,,,,1,,,,,,,,,,,,,,,,,,,
,,,,,,,,,1,,,,,,,,,,,,,,,,,,,
,,,,,,,,,1,,,,,,,,,,,,,,,,,,,
,,,,,,,,,1,,,,,,,,,,,,,,,,,,,
,,,,,,,,,1,,,,,,,,,,,,,,,,,,,